2026.04.04 19:43:32 INFO  Started: Metals version 1.6.6 in folders 'C:\Users\Lenovo\kiwi' for client Visual Studio Code 1.111.0.
2026.04.04 19:43:32 INFO  Memory monitor started
2026.04.04 19:43:32 WARN  Using H2 2.4.240 which is newer than the version Flyway has been verified with. The latest verified version of H2 is 2.3.232.
2026.04.04 19:43:33 INFO  no build target found for C:\Users\Lenovo\kiwi\Dashboard\src\main\java\com\kiwi\demo\DemoApplication.java. Using fallback presentation compiler.
2026.04.04 19:43:34 INFO  no build target found for C:\Users\Lenovo\kiwi\Dashboard\src\main\java\com\kiwi\demo\DemoApplication.java. Using fallback presentation compiler.
2026.04.04 19:43:39 WARN  no build target for: C:\Users\Lenovo\kiwi\Dashboard\src\main\java\com\kiwi\demo\DemoApplication.java
2026.04.04 19:43:39 INFO  no build target found for C:\Users\Lenovo\kiwi\Dashboard\src\main\java\com\kiwi\demo\DemoApplication.java. Using fallback presentation compiler.
2026.04.04 20:15:15 INFO  no build target found for C:\Users\Lenovo\kiwi\Dashboard\src\main\java\com\kiwi\demo\DemoApplication.java. Using fallback presentation compiler.
2026.04.04 20:15:16 INFO  Shutting down server
2026.04.04 20:15:16 INFO  Memory monitor stopped
2026.04.04 20:15:16 INFO  shutting down Metals
2026.04.04 20:15:16 INFO  Exiting server
2026.04.04 22:13:11 INFO  Started: Metals version 1.6.6 in folders 'C:\Users\Lenovo\kiwi' for client Visual Studio Code 1.111.0.
2026.04.04 22:13:11 INFO  Memory monitor started
2026.04.04 22:13:12 WARN  Using H2 2.4.240 which is newer than the version Flyway has been verified with. The latest verified version of H2 is 2.3.232.
2026.04.04 22:13:12 INFO  no build target found for C:\Users\Lenovo\kiwi\Dashboard\src\main\java\com\kiwi\demo\DemoApplication.java. Using fallback presentation compiler.
2026.04.04 22:13:12 INFO  no build target found for C:\Users\Lenovo\kiwi\Dashboard\src\main\java\com\kiwi\demo\DemoApplication.java. Using fallback presentation compiler.
2026.04.04 22:13:16 INFO  running 'C:\Users\Lenovo\AppData\Local\Coursier\cache\arc\https\github.com\adoptium\temurin11-binaries\releases\download\jdk-11.0.28%252B6\OpenJDK11U-jdk_x64_windows_hotspot_11.0.28_6.zip\jdk-11.0.28+6\bin\java.exe -Dfile.encoding=UTF-8 -Dmaven.multiModuleProjectDirectory=C:\Users\Lenovo\kiwi\Dashboard -Dmaven.home=C:\Users\Lenovo\AppData\Local\Temp\metals1041853053820211716 -cp C:\Users\Lenovo\AppData\Local\Temp\metals1041853053820211716\maven-wrapper.jar org.apache.maven.wrapper.MavenWrapperMain generate-sources ch.epfl.scala:bloop-maven-plugin:2.0.3:bloopInstall -DdownloadSources=true'
2026.04.04 22:13:19 WARN  no build target for: C:\Users\Lenovo\kiwi\Dashboard\src\main\java\com\kiwi\demo\DemoApplication.java
2026.04.04 22:13:22 INFO  no build target found for C:\Users\Lenovo\kiwi\Dashboard\src\main\java\com\kiwi\demo\DemoApplication.java. Using fallback presentation compiler.
2026.04.04 22:13:22 WARN  no build target for: C:\Users\Lenovo\kiwi\Dashboard\src\main\java\com\kiwi\demo\DemoApplication.java
2026.04.04 22:13:22 INFO  no build target found for C:\Users\Lenovo\kiwi\Dashboard\src\main\java\com\kiwi\demo\DemoApplication.java. Using fallback presentation compiler.
2026.04.04 22:13:22 INFO  no build target found for C:\Users\Lenovo\kiwi\Dashboard\src\main\java\com\kiwi\demo\DemoApplication.java. Using fallback presentation compiler.
2026.04.04 22:13:22 INFO  no build target found for C:\Users\Lenovo\kiwi\Dashboard\src\main\java\com\kiwi\demo\DemoApplication.java. Using fallback presentation compiler.
2026.04.04 22:13:26 INFO  no build target found for C:\Users\Lenovo\kiwi\Dashboard\src\main\java\com\kiwi\demo\DemoApplication.java. Using fallback presentation compiler.
2026.04.04 22:13:39 INFO  [INFO] Scanning for projects...
2026.04.04 22:13:40 INFO  Downloading from central: https://repo.maven.apache.org/maven2/org/springframework/boot/spring-boot-starter-parent/4.0.5/spring-boot-starter-parent-4.0.5.pom
2026.04.04 22:13:40 INFO  Progress (1): 1.1 kB
2026.04.04 22:13:40 INFO  Progress (1): 2.6 kB
2026.04.04 22:13:40 INFO  Progress (1): 6.5 kB
2026.04.04 22:13:40 INFO  Progress (1): 11 kB 
2026.04.04 22:13:40 INFO  Progress (1): 14 kB
2026.04.04 22:13:41 INFO                     
2026.04.04 22:13:41 INFO  Downloaded from central: https://repo.maven.apache.org/maven2/org/springframework/boot/spring-boot-starter-parent/4.0.5/spring-boot-starter-parent-4.0.5.pom (14 kB at 9.1 kB/s)
2026.04.04 22:13:41 INFO  Downloading from central: https://repo.maven.apache.org/maven2/org/springframework/boot/spring-boot-dependencies/4.0.5/spring-boot-dependencies-4.0.5.pom
2026.04.04 22:13:41 INFO  Progress (1): 1.0 kB
2026.04.04 22:13:41 INFO  Progress (1): 2.3 kB
2026.04.04 22:13:41 INFO  Progress (1): 4.3 kB
2026.04.04 22:13:41 INFO  Progress (1): 6.5 kB
2026.04.04 22:13:41 INFO  Progress (1): 8.2 kB
2026.04.04 22:13:41 INFO  Progress (1): 10 kB 
2026.04.04 22:13:41 INFO  Progress (1): 15 kB
2026.04.04 22:13:41 INFO  Progress (1): 20 kB
2026.04.04 22:13:41 INFO  Progress (1): 29 kB
2026.04.04 22:13:41 INFO  Progress (1): 38 kB
2026.04.04 22:13:41 INFO  Progress (1): 42 kB
2026.04.04 22:13:41 INFO  Progress (1): 50 kB
2026.04.04 22:13:41 INFO  Progress (1): 60 kB
2026.04.04 22:13:41 INFO  Progress (1): 70 kB
2026.04.04 22:13:41 INFO  Progress (1): 91 kB
2026.04.04 22:13:41 INFO  Progress (1): 112 kB
2026.04.04 22:13:41 INFO  Progress (1): 117 kB
2026.04.04 22:13:41 INFO  Progress (1): 124 kB
2026.04.04 22:13:41 INFO  Progress (1): 132 kB
2026.04.04 22:13:41 INFO  Progress (1): 136 kB
2026.04.04 22:13:41 INFO  Progress (1): 138 kB
2026.04.04 22:13:41 INFO                      
2026.04.04 22:13:41 INFO  Downloaded from central: https://repo.maven.apache.org/maven2/org/springframework/boot/spring-boot-dependencies/4.0.5/spring-boot-dependencies-4.0.5.pom (138 kB at 244 kB/s)
2026.04.04 22:13:43 INFO  Downloading from central: https://repo.maven.apache.org/maven2/org/apache/activemq/activemq-bom/6.1.8/activemq-bom-6.1.8.pom
2026.04.04 22:13:43 INFO  Progress (1): 799 B
2026.04.04 22:13:43 INFO  Progress (1): 1.9 kB
2026.04.04 22:13:43 INFO  Progress (1): 7.9 kB
2026.04.04 22:13:43 INFO                      
2026.04.04 22:13:43 INFO  Downloaded from central: https://repo.maven.apache.org/maven2/org/apache/activemq/activemq-bom/6.1.8/activemq-bom-6.1.8.pom (7.9 kB at 38 kB/s)
2026.04.04 22:13:43 INFO  Downloading from central: https://repo.maven.apache.org/maven2/org/apache/activemq/artemis-bom/2.43.0/artemis-bom-2.43.0.pom
2026.04.04 22:13:43 INFO  Progress (1): 799 B
2026.04.04 22:13:43 INFO  Progress (1): 3.4 kB
2026.04.04 22:13:43 INFO  Progress (1): 9.4 kB
2026.04.04 22:13:43 INFO                      
2026.04.04 22:13:43 INFO  Downloaded from central: https://repo.maven.apache.org/maven2/org/apache/activemq/artemis-bom/2.43.0/artemis-bom-2.43.0.pom (9.4 kB at 21 kB/s)
2026.04.04 22:13:43 INFO  Downloading from central: https://repo.maven.apache.org/maven2/org/apache/activemq/artemis-project/2.43.0/artemis-project-2.43.0.pom
2026.04.04 22:13:43 INFO  Progress (1): 704 B
2026.04.04 22:13:43 INFO  Progress (1): 1.9 kB
2026.04.04 22:13:43 INFO  Progress (1): 4.3 kB
2026.04.04 22:13:43 INFO  Progress (1): 6.3 kB
2026.04.04 22:13:43 INFO  Progress (1): 7.9 kB
2026.04.04 22:13:43 INFO  Progress (1): 10 kB 
2026.04.04 22:13:43 INFO  Progress (1): 12 kB
2026.04.04 22:13:43 INFO  Progress (1): 13 kB
2026.04.04 22:13:43 INFO  Progress (1): 15 kB
2026.04.04 22:13:43 INFO  Progress (1): 16 kB
2026.04.04 22:13:43 INFO  Progress (1): 19 kB
2026.04.04 22:13:43 INFO  Progress (1): 24 kB
2026.04.04 22:13:43 INFO  Progress (1): 27 kB
2026.04.04 22:13:43 INFO  Progress (1): 29 kB
2026.04.04 22:13:43 INFO  Progress (1): 35 kB
2026.04.04 22:13:43 INFO  Progress (1): 40 kB
2026.04.04 22:13:43 INFO  Progress (1): 42 kB
2026.04.04 22:13:43 INFO  Progress (1): 45 kB
2026.04.04 22:13:43 INFO  Progress (1): 48 kB
2026.04.04 22:13:43 INFO  Progress (1): 51 kB
2026.04.04 22:13:43 INFO  Progress (1): 55 kB
2026.04.04 22:13:43 INFO  Progress (1): 56 kB
2026.04.04 22:13:43 INFO                     
2026.04.04 22:13:43 INFO  Downloaded from central: https://repo.maven.apache.org/maven2/org/apache/activemq/artemis-project/2.43.0/artemis-project-2.43.0.pom (56 kB at 218 kB/s)
2026.04.04 22:13:44 INFO  Downloading from central: https://repo.maven.apache.org/maven2/org/apache/apache/35/apache-35.pom
2026.04.04 22:13:44 INFO  Progress (1): 739 B
2026.04.04 22:13:44 INFO  Progress (1): 1.6 kB
2026.04.04 22:13:44 INFO  Progress (1): 3.4 kB
2026.04.04 22:13:44 INFO  Progress (1): 5.1 kB
2026.04.04 22:13:44 INFO  Progress (1): 7.2 kB
2026.04.04 22:13:44 INFO  Progress (1): 12 kB 
2026.04.04 22:13:44 INFO  Progress (1): 17 kB
2026.04.04 22:13:44 INFO  Progress (1): 19 kB
2026.04.04 22:13:44 INFO  Progress (1): 22 kB
2026.04.04 22:13:44 INFO  Progress (1): 24 kB
2026.04.04 22:13:44 INFO                     
2026.04.04 22:13:44 INFO  Downloaded from central: https://repo.maven.apache.org/maven2/org/apache/apache/35/apache-35.pom (24 kB at 52 kB/s)
2026.04.04 22:13:44 INFO  Downloading from central: https://repo.maven.apache.org/maven2/org/assertj/assertj-bom/3.27.7/assertj-bom-3.27.7.pom
2026.04.04 22:13:44 INFO  Progress (1): 1.0 kB
2026.04.04 22:13:44 INFO  Progress (1): 3.2 kB
2026.04.04 22:13:44 INFO  Progress (1): 3.3 kB
2026.04.04 22:13:44 INFO                      
2026.04.04 22:13:44 INFO  Downloaded from central: https://repo.maven.apache.org/maven2/org/assertj/assertj-bom/3.27.7/assertj-bom-3.27.7.pom (3.3 kB at 14 kB/s)
2026.04.04 22:13:44 INFO  Downloading from central: https://repo.maven.apache.org/maven2/io/zipkin/reporter2/zipkin-reporter-bom/3.5.3/zipkin-reporter-bom-3.5.3.pom
2026.04.04 22:13:44 INFO  Progress (1): 763 B
2026.04.04 22:13:44 INFO  Progress (1): 2.0 kB
2026.04.04 22:13:44 INFO  Progress (1): 5.5 kB
2026.04.04 22:13:44 INFO  Progress (1): 6.1 kB
2026.04.04 22:13:45 INFO                      
2026.04.04 22:13:45 INFO  Downloaded from central: https://repo.maven.apache.org/maven2/io/zipkin/reporter2/zipkin-reporter-bom/3.5.3/zipkin-reporter-bom-3.5.3.pom (6.1 kB at 25 kB/s)
2026.04.04 22:13:45 INFO  Downloading from central: https://repo.maven.apache.org/maven2/io/zipkin/brave/brave-bom/6.3.1/brave-bom-6.3.1.pom
2026.04.04 22:13:45 INFO  Progress (1): 1.1 kB
2026.04.04 22:13:45 INFO  Progress (1): 2.4 kB
2026.04.04 22:13:45 INFO  Progress (1): 11 kB 
2026.04.04 22:13:45 INFO  Progress (1): 11 kB
2026.04.04 22:13:45 INFO                     
2026.04.04 22:13:45 INFO  Downloaded from central: https://repo.maven.apache.org/maven2/io/zipkin/brave/brave-bom/6.3.1/brave-bom-6.3.1.pom (11 kB at 50 kB/s)
2026.04.04 22:13:45 INFO  Downloading from central: https://repo.maven.apache.org/maven2/org/apache/cassandra/java-driver-bom/4.19.2/java-driver-bom-4.19.2.pom
2026.04.04 22:13:45 INFO  Progress (1): 817 B
2026.04.04 22:13:45 INFO  Progress (1): 2.0 kB
2026.04.04 22:13:45 INFO  Progress (1): 5.3 kB
2026.04.04 22:13:45 INFO  Progress (1): 5.5 kB
2026.04.04 22:13:45 INFO                      
2026.04.04 22:13:45 INFO  Downloaded from central: https://repo.maven.apache.org/maven2/org/apache/cassandra/java-driver-bom/4.19.2/java-driver-bom-4.19.2.pom (5.5 kB at 23 kB/s)
2026.04.04 22:13:45 INFO  Downloading from central: https://repo.maven.apache.org/maven2/org/apache/groovy/groovy-bom/5.0.4/groovy-bom-5.0.4.pom
2026.04.04 22:13:45 INFO  Progress (1): 859 B
2026.04.04 22:13:45 INFO  Progress (1): 3.5 kB
2026.04.04 22:13:45 INFO  Progress (1): 7.0 kB
2026.04.04 22:13:45 INFO  Progress (1): 11 kB 
2026.04.04 22:13:45 INFO  Progress (1): 14 kB
2026.04.04 22:13:45 INFO  Progress (1): 18 kB
2026.04.04 22:13:45 INFO  Progress (1): 22 kB
2026.04.04 22:13:45 INFO  Progress (1): 23 kB
2026.04.04 22:13:45 INFO  Progress (1): 27 kB
2026.04.04 22:13:45 INFO                     
2026.04.04 22:13:45 INFO  Downloaded from central: https://repo.maven.apache.org/maven2/org/apache/groovy/groovy-bom/5.0.4/groovy-bom-5.0.4.pom (27 kB at 98 kB/s)
2026.04.04 22:13:45 INFO  Downloading from central: https://repo.maven.apache.org/maven2/org/infinispan/infinispan-bom/15.2.6.Final/infinispan-bom-15.2.6.Final.pom
2026.04.04 22:13:45 INFO  Progress (1): 1.1 kB
2026.04.04 22:13:45 INFO  Progress (1): 11 kB 
2026.04.04 22:13:45 INFO  Progress (1): 17 kB
2026.04.04 22:13:46 INFO                     
2026.04.04 22:13:46 INFO  Downloaded from central: https://repo.maven.apache.org/maven2/org/infinispan/infinispan-bom/15.2.6.Final/infinispan-bom-15.2.6.Final.pom (17 kB at 80 kB/s)
2026.04.04 22:13:46 INFO  Downloading from central: https://repo.maven.apache.org/maven2/org/infinispan/infinispan-build-configuration-parent/15.2.6.Final/infinispan-build-configuration-parent-15.2.6.Final.pom
2026.04.04 22:13:46 INFO  Progress (1): 1.0 kB
2026.04.04 22:13:46 INFO  Progress (1): 3.3 kB
2026.04.04 22:13:46 INFO  Progress (1): 5.2 kB
2026.04.04 22:13:46 INFO  Progress (1): 7.4 kB
2026.04.04 22:13:46 INFO  Progress (1): 9.4 kB
2026.04.04 22:13:46 INFO  Progress (1): 12 kB 
2026.04.04 22:13:46 INFO  Progress (1): 15 kB
2026.04.04 22:13:46 INFO  Progress (1): 16 kB
2026.04.04 22:13:46 INFO  Progress (1): 17 kB
2026.04.04 22:13:46 INFO                     
2026.04.04 22:13:46 INFO  Downloaded from central: https://repo.maven.apache.org/maven2/org/infinispan/infinispan-build-configuration-parent/15.2.6.Final/infinispan-build-configuration-parent-15.2.6.Final.pom (17 kB at 67 kB/s)
2026.04.04 22:13:46 INFO  Downloading from central: https://repo.maven.apache.org/maven2/com/fasterxml/jackson/jackson-bom/2.21.2/jackson-bom-2.21.2.pom
2026.04.04 22:13:46 INFO  Progress (1): 923 B
2026.04.04 22:13:46 INFO  Progress (1): 2.3 kB
2026.04.04 22:13:46 INFO  Progress (1): 6.6 kB
2026.04.04 22:13:46 INFO  Progress (1): 15 kB 
2026.04.04 22:13:46 INFO  Progress (1): 20 kB
2026.04.04 22:13:46 INFO  Progress (1): 20 kB
2026.04.04 22:13:46 INFO                     
2026.04.04 22:13:46 INFO  Downloaded from central: https://repo.maven.apache.org/maven2/com/fasterxml/jackson/jackson-bom/2.21.2/jackson-bom-2.21.2.pom (20 kB at 88 kB/s)
2026.04.04 22:13:46 INFO  Downloading from central: https://repo.maven.apache.org/maven2/com/fasterxml/jackson/jackson-parent/2.21/jackson-parent-2.21.pom
2026.04.04 22:13:46 INFO  Progress (1): 1.1 kB
2026.04.04 22:13:46 INFO  Progress (1): 2.5 kB
2026.04.04 22:13:46 INFO  Progress (1): 4.0 kB
2026.04.04 22:13:46 INFO  Progress (1): 6.0 kB
2026.04.04 22:13:46 INFO  Progress (1): 6.9 kB
2026.04.04 22:13:46 INFO                      
2026.04.04 22:13:46 INFO  Downloaded from central: https://repo.maven.apache.org/maven2/com/fasterxml/jackson/jackson-parent/2.21/jackson-parent-2.21.pom (6.9 kB at 36 kB/s)
2026.04.04 22:13:46 INFO  Downloading from central: https://repo.maven.apache.org/maven2/com/fasterxml/oss-parent/75/oss-parent-75.pom
2026.04.04 22:13:46 INFO  Progress (1): 950 B
2026.04.04 22:13:46 INFO  Progress (1): 2.9 kB
2026.04.04 22:13:46 INFO  Progress (1): 4.1 kB
2026.04.04 22:13:46 INFO  Progress (1): 6.0 kB
2026.04.04 22:13:46 INFO  Progress (1): 10 kB 
2026.04.04 22:13:46 INFO  Progress (1): 12 kB
2026.04.04 22:13:46 INFO  Progress (1): 15 kB
2026.04.04 22:13:46 INFO  Progress (1): 16 kB
2026.04.04 22:13:46 INFO  Progress (1): 19 kB
2026.04.04 22:13:46 INFO  Progress (1): 23 kB
2026.04.04 22:13:46 INFO  Progress (1): 24 kB
2026.04.04 22:13:47 INFO                     
2026.04.04 22:13:47 INFO  Downloaded from central: https://repo.maven.apache.org/maven2/com/fasterxml/oss-parent/75/oss-parent-75.pom (24 kB at 117 kB/s)
2026.04.04 22:13:47 INFO  Downloading from central: https://repo.maven.apache.org/maven2/tools/jackson/jackson-bom/3.1.0/jackson-bom-3.1.0.pom
2026.04.04 22:13:47 INFO  Progress (1): 896 B
2026.04.04 22:13:47 INFO  Progress (1): 2.7 kB
2026.04.04 22:13:47 INFO  Progress (1): 4.7 kB
2026.04.04 22:13:47 INFO  Progress (1): 14 kB 
2026.04.04 22:13:47 INFO  Progress (1): 19 kB
2026.04.04 22:13:47 INFO  Progress (1): 20 kB
2026.04.04 22:13:47 INFO                     
2026.04.04 22:13:47 INFO  Downloaded from central: https://repo.maven.apache.org/maven2/tools/jackson/jackson-bom/3.1.0/jackson-bom-3.1.0.pom (20 kB at 74 kB/s)
2026.04.04 22:13:47 INFO  Downloading from central: https://repo.maven.apache.org/maven2/com/fasterxml/oss-parent/76/oss-parent-76.pom
2026.04.04 22:13:47 INFO  Progress (1): 947 B
2026.04.04 22:13:47 INFO  Progress (1): 2.9 kB
2026.04.04 22:13:47 INFO  Progress (1): 4.1 kB
2026.04.04 22:13:47 INFO  Progress (1): 6.0 kB
2026.04.04 22:13:47 INFO  Progress (1): 10 kB 
2026.04.04 22:13:47 INFO  Progress (1): 12 kB
2026.04.04 22:13:47 INFO  Progress (1): 15 kB
2026.04.04 22:13:47 INFO  Progress (1): 16 kB
2026.04.04 22:13:47 INFO  Progress (1): 19 kB
2026.04.04 22:13:47 INFO  Progress (1): 23 kB
2026.04.04 22:13:47 INFO  Progress (1): 24 kB
2026.04.04 22:13:47 INFO                     
2026.04.04 22:13:47 INFO  Downloaded from central: https://repo.maven.apache.org/maven2/com/fasterxml/oss-parent/76/oss-parent-76.pom (24 kB at 101 kB/s)
2026.04.04 22:13:47 INFO  Downloading from central: https://repo.maven.apache.org/maven2/org/glassfish/jersey/jersey-bom/4.0.2/jersey-bom-4.0.2.pom
2026.04.04 22:13:47 INFO  Progress (1): 853 B
2026.04.04 22:13:47 INFO  Progress (1): 3.2 kB
2026.04.04 22:13:47 INFO  Progress (1): 17 kB 
2026.04.04 22:13:47 INFO  Progress (1): 22 kB
2026.04.04 22:13:47 INFO  Progress (1): 24 kB
2026.04.04 22:13:47 INFO                     
2026.04.04 22:13:47 INFO  Downloaded from central: https://repo.maven.apache.org/maven2/org/glassfish/jersey/jersey-bom/4.0.2/jersey-bom-4.0.2.pom (24 kB at 89 kB/s)
2026.04.04 22:13:47 INFO  Downloading from central: https://repo.maven.apache.org/maven2/org/eclipse/ee4j/project/1.0.9/project-1.0.9.pom
2026.04.04 22:13:48 INFO  Progress (1): 876 B
2026.04.04 22:13:48 INFO  Progress (1): 2.5 kB
2026.04.04 22:13:48 INFO  Progress (1): 5.0 kB
2026.04.04 22:13:48 INFO  Progress (1): 8.5 kB
2026.04.04 22:13:48 INFO  Progress (1): 12 kB 
2026.04.04 22:13:48 INFO  Progress (1): 16 kB
2026.04.04 22:13:48 INFO                     
2026.04.04 22:13:48 INFO  Downloaded from central: https://repo.maven.apache.org/maven2/org/eclipse/ee4j/project/1.0.9/project-1.0.9.pom (16 kB at 44 kB/s)
2026.04.04 22:13:48 INFO  Downloading from central: https://repo.maven.apache.org/maven2/org/eclipse/jetty/ee11/jetty-ee11-bom/12.1.7/jetty-ee11-bom-12.1.7.pom
2026.04.04 22:13:48 INFO  Progress (1): 1.1 kB
2026.04.04 22:13:48 INFO  Progress (1): 4.7 kB
2026.04.04 22:13:48 INFO  Progress (1): 9.4 kB
2026.04.04 22:13:48 INFO                      
2026.04.04 22:13:48 INFO  Downloaded from central: https://repo.maven.apache.org/maven2/org/eclipse/jetty/ee11/jetty-ee11-bom/12.1.7/jetty-ee11-bom-12.1.7.pom (9.4 kB at 35 kB/s)
2026.04.04 22:13:48 INFO  Downloading from central: https://repo.maven.apache.org/maven2/org/eclipse/jetty/jetty-bom/12.1.7/jetty-bom-12.1.7.pom
2026.04.04 22:13:48 INFO  Progress (1): 1.2 kB
2026.04.04 22:13:48 INFO  Progress (1): 4.1 kB
2026.04.04 22:13:48 INFO  Progress (1): 13 kB 
2026.04.04 22:13:48 INFO  Progress (1): 16 kB
2026.04.04 22:13:48 INFO                     
2026.04.04 22:13:48 INFO  Downloaded from central: https://repo.maven.apache.org/maven2/org/eclipse/jetty/jetty-bom/12.1.7/jetty-bom-12.1.7.pom (16 kB at 71 kB/s)
2026.04.04 22:13:48 INFO  Downloading from central: https://repo.maven.apache.org/maven2/org/jooq/jooq-bom/3.19.31/jooq-bom-3.19.31.pom
2026.04.04 22:13:48 INFO  Progress (1): 1.2 kB
2026.04.04 22:13:48 INFO  Progress (1): 4.7 kB
2026.04.04 22:13:49 INFO                      
2026.04.04 22:13:49 INFO  Downloaded from central: https://repo.maven.apache.org/maven2/org/jooq/jooq-bom/3.19.31/jooq-bom-3.19.31.pom (4.7 kB at 23 kB/s)
2026.04.04 22:13:49 INFO  Downloading from central: https://repo.maven.apache.org/maven2/org/junit/junit-bom/6.0.3/junit-bom-6.0.3.pom
2026.04.04 22:13:49 INFO  Progress (1): 915 B
2026.04.04 22:13:49 INFO  Progress (1): 4.3 kB
2026.04.04 22:13:49 INFO  Progress (1): 5.1 kB
2026.04.04 22:13:49 INFO                      
2026.04.04 22:13:49 INFO  Downloaded from central: https://repo.maven.apache.org/maven2/org/junit/junit-bom/6.0.3/junit-bom-6.0.3.pom (5.1 kB at 70 kB/s)
2026.04.04 22:13:49 INFO  Downloading from central: https://repo.maven.apache.org/maven2/org/jetbrains/kotlin/kotlin-bom/2.2.21/kotlin-bom-2.2.21.pom
2026.04.04 22:13:49 INFO  Progress (1): 909 B
2026.04.04 22:13:49 INFO  Progress (1): 3.4 kB
2026.04.04 22:13:49 INFO  Progress (1): 9.4 kB
2026.04.04 22:13:49 INFO  Progress (1): 9.4 kB
2026.04.04 22:13:49 INFO                      
2026.04.04 22:13:49 INFO  Downloaded from central: https://repo.maven.apache.org/maven2/org/jetbrains/kotlin/kotlin-bom/2.2.21/kotlin-bom-2.2.21.pom (9.4 kB at 84 kB/s)
2026.04.04 22:13:49 INFO  Downloading from central: https://repo.maven.apache.org/maven2/org/jetbrains/kotlinx/kotlinx-coroutines-bom/1.10.2/kotlinx-coroutines-bom-1.10.2.pom
2026.04.04 22:13:49 INFO  Progress (1): 1.3 kB
2026.04.04 22:13:49 INFO  Progress (1): 4.3 kB
2026.04.04 22:13:49 INFO                      
2026.04.04 22:13:49 INFO  Downloaded from central: https://repo.maven.apache.org/maven2/org/jetbrains/kotlinx/kotlinx-coroutines-bom/1.10.2/kotlinx-coroutines-bom-1.10.2.pom (4.3 kB at 27 kB/s)
2026.04.04 22:13:49 INFO  Downloading from central: https://repo.maven.apache.org/maven2/org/jetbrains/kotlinx/kotlinx-serialization-bom/1.9.0/kotlinx-serialization-bom-1.9.0.pom
2026.04.04 22:13:49 INFO  Progress (1): 1.3 kB
2026.04.04 22:13:49 INFO  Progress (1): 4.0 kB
2026.04.04 22:13:49 INFO                      
2026.04.04 22:13:49 INFO  Downloaded from central: https://repo.maven.apache.org/maven2/org/jetbrains/kotlinx/kotlinx-serialization-bom/1.9.0/kotlinx-serialization-bom-1.9.0.pom (4.0 kB at 42 kB/s)
2026.04.04 22:13:49 INFO  Downloading from central: https://repo.maven.apache.org/maven2/org/apache/logging/log4j/log4j-bom/2.25.3/log4j-bom-2.25.3.pom
2026.04.04 22:13:49 INFO  Progress (1): 795 B
2026.04.04 22:13:49 INFO  Progress (1): 2.4 kB
2026.04.04 22:13:49 INFO  Progress (1): 5.8 kB
2026.04.04 22:13:49 INFO  Progress (1): 12 kB 
2026.04.04 22:13:50 INFO                     
2026.04.04 22:13:50 INFO  Downloaded from central: https://repo.maven.apache.org/maven2/org/apache/logging/log4j/log4j-bom/2.25.3/log4j-bom-2.25.3.pom (12 kB at 26 kB/s)
2026.04.04 22:13:50 INFO  Downloading from central: https://repo.maven.apache.org/maven2/io/micrometer/micrometer-bom/1.16.4/micrometer-bom-1.16.4.pom
2026.04.04 22:13:50 INFO  Progress (1): 1.0 kB
2026.04.04 22:13:50 INFO  Progress (1): 7.7 kB
2026.04.04 22:13:50 INFO  Progress (1): 8.6 kB
2026.04.04 22:13:50 INFO                      
2026.04.04 22:13:50 INFO  Downloaded from central: https://repo.maven.apache.org/maven2/io/micrometer/micrometer-bom/1.16.4/micrometer-bom-1.16.4.pom (8.6 kB at 50 kB/s)
2026.04.04 22:13:50 INFO  Downloading from central: https://repo.maven.apache.org/maven2/org/mockito/mockito-bom/5.20.0/mockito-bom-5.20.0.pom
2026.04.04 22:13:50 INFO  Progress (1): 1.5 kB
2026.04.04 22:13:50 INFO  Progress (1): 3.0 kB
2026.04.04 22:13:50 INFO                      
2026.04.04 22:13:50 INFO  Downloaded from central: https://repo.maven.apache.org/maven2/org/mockito/mockito-bom/5.20.0/mockito-bom-5.20.0.pom (3.0 kB at 18 kB/s)
2026.04.04 22:13:50 INFO  Downloading from central: https://repo.maven.apache.org/maven2/org/mongodb/mongodb-driver-bom/5.6.4/mongodb-driver-bom-5.6.4.pom
2026.04.04 22:13:50 INFO  Progress (1): 1.0 kB
2026.04.04 22:13:50 INFO  Progress (1): 4.2 kB
2026.04.04 22:13:50 INFO                      
2026.04.04 22:13:50 INFO  Downloaded from central: https://repo.maven.apache.org/maven2/org/mongodb/mongodb-driver-bom/5.6.4/mongodb-driver-bom-5.6.4.pom (4.2 kB at 52 kB/s)
2026.04.04 22:13:50 INFO  Downloading from central: https://repo.maven.apache.org/maven2/org/neo4j/driver/neo4j-java-driver-bom/6.0.3/neo4j-java-driver-bom-6.0.3.pom
2026.04.04 22:13:50 INFO  Progress (1): 1.3 kB
2026.04.04 22:13:50 INFO  Progress (1): 2.3 kB
2026.04.04 22:13:50 INFO                      
2026.04.04 22:13:50 INFO  Downloaded from central: https://repo.maven.apache.org/maven2/org/neo4j/driver/neo4j-java-driver-bom/6.0.3/neo4j-java-driver-bom-6.0.3.pom (2.3 kB at 14 kB/s)
2026.04.04 22:13:50 INFO  Downloading from central: https://repo.maven.apache.org/maven2/org/neo4j/bolt/neo4j-bolt-connection-bom/10.1.1/neo4j-bolt-connection-bom-10.1.1.pom
2026.04.04 22:13:50 INFO  Progress (1): 1.3 kB
2026.04.04 22:13:50 INFO  Progress (1): 2.5 kB
2026.04.04 22:13:50 INFO                      
2026.04.04 22:13:50 INFO  Downloaded from central: https://repo.maven.apache.org/maven2/org/neo4j/bolt/neo4j-bolt-connection-bom/10.1.1/neo4j-bolt-connection-bom-10.1.1.pom (2.5 kB at 23 kB/s)
2026.04.04 22:13:50 INFO  Downloading from central: https://repo.maven.apache.org/maven2/io/netty/netty-bom/4.2.12.Final/netty-bom-4.2.12.Final.pom
2026.04.04 22:13:50 INFO  Progress (1): 776 B
2026.04.04 22:13:50 INFO  Progress (1): 2.4 kB
2026.04.04 22:13:50 INFO  Progress (1): 8.2 kB
2026.04.04 22:13:50 INFO  Progress (1): 19 kB 
2026.04.04 22:13:50 INFO                     
2026.04.04 22:13:50 INFO  Downloaded from central: https://repo.maven.apache.org/maven2/io/netty/netty-bom/4.2.12.Final/netty-bom-4.2.12.Final.pom (19 kB at 194 kB/s)
2026.04.04 22:13:50 INFO  Downloading from central: https://repo.maven.apache.org/maven2/org/sonatype/oss/oss-parent/7/oss-parent-7.pom
2026.04.04 22:13:51 INFO  Progress (1): 848 B
2026.04.04 22:13:51 INFO  Progress (1): 2.5 kB
2026.04.04 22:13:51 INFO  Progress (1): 4.8 kB
2026.04.04 22:13:51 INFO                      
2026.04.04 22:13:51 INFO  Downloaded from central: https://repo.maven.apache.org/maven2/org/sonatype/oss/oss-parent/7/oss-parent-7.pom (4.8 kB at 24 kB/s)
2026.04.04 22:13:51 INFO  Downloading from central: https://repo.maven.apache.org/maven2/io/opentelemetry/opentelemetry-bom/1.55.0/opentelemetry-bom-1.55.0.pom
2026.04.04 22:13:51 INFO  Progress (1): 961 B
2026.04.04 22:13:51 INFO  Progress (1): 6.0 kB
2026.04.04 22:13:51 INFO                      
2026.04.04 22:13:51 INFO  Downloaded from central: https://repo.maven.apache.org/maven2/io/opentelemetry/opentelemetry-bom/1.55.0/opentelemetry-bom-1.55.0.pom (6.0 kB at 41 kB/s)
2026.04.04 22:13:51 INFO  Downloading from central: https://repo.maven.apache.org/maven2/io/prometheus/prometheus-metrics-bom/1.4.3/prometheus-metrics-bom-1.4.3.pom
2026.04.04 22:13:51 INFO  Progress (1): 2.1 kB
2026.04.04 22:13:51 INFO  Progress (1): 5.8 kB
2026.04.04 22:13:51 INFO                      
2026.04.04 22:13:51 INFO  Downloaded from central: https://repo.maven.apache.org/maven2/io/prometheus/prometheus-metrics-bom/1.4.3/prometheus-metrics-bom-1.4.3.pom (5.8 kB at 33 kB/s)
2026.04.04 22:13:51 INFO  Downloading from central: https://repo.maven.apache.org/maven2/io/prometheus/client_java_parent/1.4.3/client_java_parent-1.4.3.pom
2026.04.04 22:13:51 INFO  Progress (1): 1.1 kB
2026.04.04 22:13:51 INFO  Progress (1): 3.1 kB
2026.04.04 22:13:51 INFO  Progress (1): 4.3 kB
2026.04.04 22:13:51 INFO                      
2026.04.04 22:13:51 INFO  Downloaded from central: https://repo.maven.apache.org/maven2/io/prometheus/client_java_parent/1.4.3/client_java_parent-1.4.3.pom (4.3 kB at 46 kB/s)
2026.04.04 22:13:51 INFO  Downloading from central: https://repo.maven.apache.org/maven2/io/prometheus/simpleclient_bom/0.16.0/simpleclient_bom-0.16.0.pom
2026.04.04 22:13:51 INFO  Progress (1): 1.9 kB
2026.04.04 22:13:51 INFO  Progress (1): 6.0 kB
2026.04.04 22:13:51 INFO                      
2026.04.04 22:13:51 INFO  Downloaded from central: https://repo.maven.apache.org/maven2/io/prometheus/simpleclient_bom/0.16.0/simpleclient_bom-0.16.0.pom (6.0 kB at 94 kB/s)
2026.04.04 22:13:51 INFO  Downloading from central: https://repo.maven.apache.org/maven2/io/prometheus/parent/0.16.0/parent-0.16.0.pom
2026.04.04 22:13:51 INFO  Progress (1): 1.1 kB
2026.04.04 22:13:51 INFO  Progress (1): 3.4 kB
2026.04.04 22:13:51 INFO  Progress (1): 7.9 kB
2026.04.04 22:13:51 INFO  Progress (1): 13 kB 
2026.04.04 22:13:51 INFO                     
2026.04.04 22:13:51 INFO  Downloaded from central: https://repo.maven.apache.org/maven2/io/prometheus/parent/0.16.0/parent-0.16.0.pom (13 kB at 108 kB/s)
2026.04.04 22:13:51 INFO  Downloading from central: https://repo.maven.apache.org/maven2/org/apache/pulsar/pulsar-bom/4.1.3/pulsar-bom-4.1.3.pom
2026.04.04 22:13:51 INFO  Progress (1): 839 B
2026.04.04 22:13:51 INFO  Progress (1): 2.5 kB
2026.04.04 22:13:51 INFO  Progress (1): 4.6 kB
2026.04.04 22:13:51 INFO  Progress (1): 13 kB 
2026.04.04 22:13:51 INFO  Progress (1): 25 kB
2026.04.04 22:13:52 INFO                     
2026.04.04 22:13:52 INFO  Downloaded from central: https://repo.maven.apache.org/maven2/org/apache/pulsar/pulsar-bom/4.1.3/pulsar-bom-4.1.3.pom (25 kB at 150 kB/s)
2026.04.04 22:13:52 INFO  Downloading from central: https://repo.maven.apache.org/maven2/com/querydsl/querydsl-bom/5.1.0/querydsl-bom-5.1.0.pom
2026.04.04 22:13:52 INFO  Progress (1): 1.2 kB
2026.04.04 22:13:52 INFO  Progress (1): 6.7 kB
2026.04.04 22:13:52 INFO  Progress (1): 7.2 kB
2026.04.04 22:13:52 INFO                      
2026.04.04 22:13:52 INFO  Downloaded from central: https://repo.maven.apache.org/maven2/com/querydsl/querydsl-bom/5.1.0/querydsl-bom-5.1.0.pom (7.2 kB at 43 kB/s)
2026.04.04 22:13:52 INFO  Downloading from central: https://repo.maven.apache.org/maven2/io/projectreactor/reactor-bom/2025.0.4/reactor-bom-2025.0.4.pom
2026.04.04 22:13:52 INFO  Progress (1): 907 B
2026.04.04 22:13:52 INFO  Progress (1): 4.6 kB
2026.04.04 22:13:52 INFO  Progress (1): 4.6 kB
2026.04.04 22:13:52 INFO                      
2026.04.04 22:13:52 INFO  Downloaded from central: https://repo.maven.apache.org/maven2/io/projectreactor/reactor-bom/2025.0.4/reactor-bom-2025.0.4.pom (4.6 kB at 27 kB/s)
2026.04.04 22:13:52 INFO  Downloading from central: https://repo.maven.apache.org/maven2/io/rsocket/rsocket-bom/1.1.5/rsocket-bom-1.1.5.pom
2026.04.04 22:13:52 INFO  Progress (1): 1.1 kB
2026.04.04 22:13:52 INFO  Progress (1): 2.4 kB
2026.04.04 22:13:52 INFO                      
2026.04.04 22:13:52 INFO  Downloaded from central: https://repo.maven.apache.org/maven2/io/rsocket/rsocket-bom/1.1.5/rsocket-bom-1.1.5.pom (2.4 kB at 12 kB/s)
2026.04.04 22:13:52 INFO  Downloading from central: https://repo.maven.apache.org/maven2/org/seleniumhq/selenium/selenium-bom/4.37.0/selenium-bom-4.37.0.pom
2026.04.04 22:13:53 INFO  Progress (1): 1.1 kB
2026.04.04 22:13:53 INFO  Progress (1): 5.8 kB
2026.04.04 22:13:53 INFO                      
2026.04.04 22:13:53 INFO  Downloaded from central: https://repo.maven.apache.org/maven2/org/seleniumhq/selenium/selenium-bom/4.37.0/selenium-bom-4.37.0.pom (5.8 kB at 10 kB/s)
2026.04.04 22:13:53 INFO  Downloading from central: https://repo.maven.apache.org/maven2/org/springframework/amqp/spring-amqp-bom/4.0.2/spring-amqp-bom-4.0.2.pom
2026.04.04 22:13:53 INFO  Progress (1): 975 B
2026.04.04 22:13:53 INFO  Progress (1): 4.1 kB
Apr 04, 2026 10:13:54 PM org.eclipse.lsp4j.jsonrpc.services.GenericEndpoint notify
INFO: Unsupported notification method: $/setTrace
2026.04.04 22:13:54 INFO  no build target found for C:\Users\Lenovo\kiwi\Dashboard\src\main\java\com\kiwi\demo\DemoApplication.java. Using fallback presentation compiler.
2026.04.04 22:13:54 INFO                      
2026.04.04 22:13:54 INFO  Downloaded from central: https://repo.maven.apache.org/maven2/org/springframework/amqp/spring-amqp-bom/4.0.2/spring-amqp-bom-4.0.2.pom (4.1 kB at 7.3 kB/s)
2026.04.04 22:13:54 INFO  Downloading from central: https://repo.maven.apache.org/maven2/org/springframework/batch/spring-batch-bom/6.0.3/spring-batch-bom-6.0.3.pom
2026.04.04 22:13:54 INFO  Progress (1): 1.2 kB
2026.04.04 22:13:54 INFO  Progress (1): 3.2 kB
Apr 04, 2026 10:13:55 PM org.eclipse.lsp4j.jsonrpc.services.GenericEndpoint notify
INFO: Unsupported notification method: $/setTrace
2026.04.04 22:13:54 INFO                      
2026.04.04 22:13:54 INFO  Downloaded from central: https://repo.maven.apache.org/maven2/org/springframework/batch/spring-batch-bom/6.0.3/spring-batch-bom-6.0.3.pom (3.2 kB at 12 kB/s)
2026.04.04 22:13:54 INFO  Downloading from central: https://repo.maven.apache.org/maven2/org/springframework/data/spring-data-bom/2025.1.4/spring-data-bom-2025.1.4.pom
2026.04.04 22:13:54 INFO  Progress (1): 960 B
2026.04.04 22:13:54 INFO  Progress (1): 2.5 kB
2026.04.04 22:13:54 INFO  Progress (1): 5.5 kB
2026.04.04 22:13:54 INFO                      
2026.04.04 22:13:54 INFO  Downloaded from central: https://repo.maven.apache.org/maven2/org/springframework/data/spring-data-bom/2025.1.4/spring-data-bom-2025.1.4.pom (5.5 kB at 42 kB/s)
2026.04.04 22:13:54 INFO  Downloading from central: https://repo.maven.apache.org/maven2/org/springframework/spring-framework-bom/7.0.6/spring-framework-bom-7.0.6.pom
2026.04.04 22:13:54 INFO  Progress (1): 982 B
2026.04.04 22:13:54 INFO  Progress (1): 5.7 kB
2026.04.04 22:13:55 INFO                      
2026.04.04 22:13:55 INFO  Downloaded from central: https://repo.maven.apache.org/maven2/org/springframework/spring-framework-bom/7.0.6/spring-framework-bom-7.0.6.pom (5.7 kB at 35 kB/s)
2026.04.04 22:13:55 INFO  Downloading from central: https://repo.maven.apache.org/maven2/org/springframework/integration/spring-integration-bom/7.0.4/spring-integration-bom-7.0.4.pom
2026.04.04 22:13:55 INFO  Progress (1): 965 B
2026.04.04 22:13:55 INFO  Progress (1): 6.1 kB
2026.04.04 22:13:55 INFO  Progress (1): 10 kB 
2026.04.04 22:13:55 INFO                     
2026.04.04 22:13:55 INFO  Downloaded from central: https://repo.maven.apache.org/maven2/org/springframework/integration/spring-integration-bom/7.0.4/spring-integration-bom-7.0.4.pom (10 kB at 41 kB/s)
2026.04.04 22:13:55 INFO  Downloading from central: https://repo.maven.apache.org/maven2/org/springframework/pulsar/spring-pulsar-bom/2.0.4/spring-pulsar-bom-2.0.4.pom
2026.04.04 22:13:55 INFO  Progress (1): 969 B
2026.04.04 22:13:55 INFO  Progress (1): 2.7 kB
2026.04.04 22:13:55 INFO                      
2026.04.04 22:13:55 INFO  Downloaded from central: https://repo.maven.apache.org/maven2/org/springframework/pulsar/spring-pulsar-bom/2.0.4/spring-pulsar-bom-2.0.4.pom (2.7 kB at 15 kB/s)
2026.04.04 22:13:55 INFO  Downloading from central: https://repo.maven.apache.org/maven2/org/springframework/restdocs/spring-restdocs-bom/4.0.0/spring-restdocs-bom-4.0.0.pom
2026.04.04 22:13:55 INFO  Progress (1): 1.2 kB
2026.04.04 22:13:55 INFO  Progress (1): 2.4 kB
2026.04.04 22:13:55 INFO                      
2026.04.04 22:13:55 INFO  Downloaded from central: https://repo.maven.apache.org/maven2/org/springframework/restdocs/spring-restdocs-bom/4.0.0/spring-restdocs-bom-4.0.0.pom (2.4 kB at 26 kB/s)
2026.04.04 22:13:55 INFO  Downloading from central: https://repo.maven.apache.org/maven2/org/springframework/security/spring-security-bom/7.0.4/spring-security-bom-7.0.4.pom
2026.04.04 22:13:55 INFO  Progress (1): 971 B
2026.04.04 22:13:55 INFO  Progress (1): 6.7 kB
2026.04.04 22:13:55 INFO                      
2026.04.04 22:13:55 INFO  Downloaded from central: https://repo.maven.apache.org/maven2/org/springframework/security/spring-security-bom/7.0.4/spring-security-bom-7.0.4.pom (6.7 kB at 34 kB/s)
2026.04.04 22:13:55 INFO  Downloading from central: https://repo.maven.apache.org/maven2/org/springframework/session/spring-session-bom/4.0.2/spring-session-bom-4.0.2.pom
2026.04.04 22:13:56 INFO  Progress (1): 1.0 kB
2026.04.04 22:13:56 INFO  Progress (1): 2.5 kB
2026.04.04 22:13:56 INFO                      
2026.04.04 22:13:56 INFO  Downloaded from central: https://repo.maven.apache.org/maven2/org/springframework/session/spring-session-bom/4.0.2/spring-session-bom-4.0.2.pom (2.5 kB at 5.8 kB/s)
Apr 04, 2026 10:13:57 PM org.eclipse.lsp4j.jsonrpc.RemoteEndpoint handleCancellation
WARNING: Unmatched cancel notification for request id 22
2026.04.04 22:13:56 INFO  Downloading from central: https://repo.maven.apache.org/maven2/org/springframework/ws/spring-ws-bom/5.0.1/spring-ws-bom-5.0.1.pom
2026.04.04 22:13:56 INFO  Progress (1): 1.2 kB
2026.04.04 22:13:56 INFO  Progress (1): 2.3 kB
2026.04.04 22:13:57 INFO  no build target found for C:\Users\Lenovo\kiwi\Dashboard\src\main\java\com\kiwi\demo\DemoApplication.java. Using fallback presentation compiler.
2026.04.04 22:13:56 INFO                      
2026.04.04 22:13:56 INFO  Downloaded from central: https://repo.maven.apache.org/maven2/org/springframework/ws/spring-ws-bom/5.0.1/spring-ws-bom-5.0.1.pom (2.3 kB at 32 kB/s)
2026.04.04 22:13:56 INFO  Downloading from central: https://repo.maven.apache.org/maven2/org/testcontainers/testcontainers-bom/2.0.4/testcontainers-bom-2.0.4.pom
2026.04.04 22:13:56 INFO  Progress (1): 1.2 kB
2026.04.04 22:13:56 INFO  Progress (1): 12 kB 
Apr 04, 2026 10:13:57 PM org.eclipse.lsp4j.jsonrpc.RemoteEndpoint handleCancellation
WARNING: Unmatched cancel notification for request id 24
2026.04.04 22:13:57 INFO  no build target found for C:\Users\Lenovo\kiwi\Dashboard\src\main\java\com\kiwi\demo\DemoApplication.java. Using fallback presentation compiler.
2026.04.04 22:13:57 INFO  no build target found for C:\Users\Lenovo\kiwi\Dashboard\src\main\java\com\kiwi\demo\DemoApplication.java. Using fallback presentation compiler.
2026.04.04 22:13:56 INFO                     
2026.04.04 22:13:56 INFO  Downloaded from central: https://repo.maven.apache.org/maven2/org/testcontainers/testcontainers-bom/2.0.4/testcontainers-bom-2.0.4.pom (12 kB at 35 kB/s)
2026.04.04 22:13:57 INFO  no build target found for C:\Users\Lenovo\kiwi\Dashboard\src\main\java\com\kiwi\demo\DemoApplication.java. Using fallback presentation compiler.
2026.04.04 22:13:58 INFO  Downloading from central: https://repo.maven.apache.org/maven2/ch/epfl/scala/bloop-maven-plugin/2.0.3/bloop-maven-plugin-2.0.3.pom
2026.04.04 22:13:58 INFO  Progress (1): 1.1 kB
2026.04.04 22:13:58 INFO  Progress (1): 3.1 kB
2026.04.04 22:13:58 INFO  Progress (1): 6.3 kB
2026.04.04 22:13:58 INFO  Progress (1): 8.0 kB
2026.04.04 22:13:58 INFO                      
2026.04.04 22:13:58 INFO  Downloaded from central: https://repo.maven.apache.org/maven2/ch/epfl/scala/bloop-maven-plugin/2.0.3/bloop-maven-plugin-2.0.3.pom (8.0 kB at 17 kB/s)
2026.04.04 22:13:58 INFO  Downloading from central: https://repo.maven.apache.org/maven2/ch/epfl/scala/bloop-maven-plugin/2.0.3/bloop-maven-plugin-2.0.3.jar
2026.04.04 22:13:58 INFO  Progress (1): 7.7/44 kB
2026.04.04 22:13:58 INFO  Progress (1): 8.2/44 kB
2026.04.04 22:13:58 INFO  Progress (1): 25/44 kB 
2026.04.04 22:13:58 INFO  Progress (1): 41/44 kB
2026.04.04 22:13:58 INFO  Progress (1): 44 kB   
2026.04.04 22:13:59 INFO  no build target found for C:\Users\Lenovo\kiwi\Dashboard\src\main\java\com\kiwi\demo\DemoApplication.java. Using fallback presentation compiler.
2026.04.04 22:13:59 INFO  no build target found for C:\Users\Lenovo\kiwi\Dashboard\src\main\java\com\kiwi\demo\DemoApplication.java. Using fallback presentation compiler.
Apr 04, 2026 10:13:59 PM org.eclipse.lsp4j.jsonrpc.RemoteEndpoint handleCancellation
WARNING: Unmatched cancel notification for request id 28
Apr 04, 2026 10:13:59 PM org.eclipse.lsp4j.jsonrpc.RemoteEndpoint handleCancellation
WARNING: Unmatched cancel notification for request id 29
2026.04.04 22:14:01 INFO                     
2026.04.04 22:14:01 INFO  Downloaded from central: https://repo.maven.apache.org/maven2/ch/epfl/scala/bloop-maven-plugin/2.0.3/bloop-maven-plugin-2.0.3.jar (44 kB at 18 kB/s)
2026.04.04 22:14:01 INFO  [INFO] 
2026.04.04 22:14:01 INFO  [INFO] ---------------------------< com.kiwi:demo >----------------------------
2026.04.04 22:14:01 INFO  [INFO] Building  0.0.1-SNAPSHOT
2026.04.04 22:14:01 INFO  [INFO]   from pom.xml
2026.04.04 22:14:01 INFO  [INFO] --------------------------------[ jar ]---------------------------------
2026.04.04 22:14:01 INFO  Downloading from central: https://repo.maven.apache.org/maven2/org/springframework/boot/spring-boot-maven-plugin/4.0.5/spring-boot-maven-plugin-4.0.5.pom
2026.04.04 22:14:01 INFO  Progress (1): 1.3 kB
2026.04.04 22:14:01 INFO  Progress (1): 4.0 kB
2026.04.04 22:14:01 INFO                      
2026.04.04 22:14:01 INFO  Downloaded from central: https://repo.maven.apache.org/maven2/org/springframework/boot/spring-boot-maven-plugin/4.0.5/spring-boot-maven-plugin-4.0.5.pom (4.0 kB at 21 kB/s)
2026.04.04 22:14:01 INFO  Downloading from central: https://repo.maven.apache.org/maven2/org/springframework/boot/spring-boot-maven-plugin/4.0.5/spring-boot-maven-plugin-4.0.5.jar
2026.04.04 22:14:01 INFO  Progress (1): 7.7/139 kB
2026.04.04 22:14:01 INFO  Progress (1): 16/139 kB 
2026.04.04 22:14:01 INFO  Progress (1): 25/139 kB
2026.04.04 22:14:01 INFO  Progress (1): 41/139 kB
2026.04.04 22:14:01 INFO  Progress (1): 57/139 kB
2026.04.04 22:14:01 INFO  Progress (1): 61/139 kB
2026.04.04 22:14:01 INFO  Progress (1): 78/139 kB
2026.04.04 22:14:01 INFO  Progress (1): 94/139 kB
2026.04.04 22:14:01 INFO  Progress (1): 110/139 kB
2026.04.04 22:14:01 INFO  Progress (1): 127/139 kB
2026.04.04 22:14:01 INFO  Progress (1): 139 kB    
2026.04.04 22:14:01 INFO                      
2026.04.04 22:14:01 INFO  Downloaded from central: https://repo.maven.apache.org/maven2/org/springframework/boot/spring-boot-maven-plugin/4.0.5/spring-boot-maven-plugin-4.0.5.jar (139 kB at 326 kB/s)
2026.04.04 22:14:02 INFO  Downloading from central: https://repo.maven.apache.org/maven2/org/springframework/boot/spring-boot-starter-data-jpa/4.0.5/spring-boot-starter-data-jpa-4.0.5.pom
2026.04.04 22:14:02 INFO  Progress (1): 982 B
2026.04.04 22:14:02 INFO  Progress (1): 2.7 kB
2026.04.04 22:14:02 INFO                      
2026.04.04 22:14:02 INFO  Downloaded from central: https://repo.maven.apache.org/maven2/org/springframework/boot/spring-boot-starter-data-jpa/4.0.5/spring-boot-starter-data-jpa-4.0.5.pom (2.7 kB at 23 kB/s)
2026.04.04 22:14:02 INFO  Downloading from central: https://repo.maven.apache.org/maven2/org/springframework/boot/spring-boot-starter/4.0.5/spring-boot-starter-4.0.5.pom
2026.04.04 22:14:02 INFO  Progress (1): 959 B
2026.04.04 22:14:02 INFO  Progress (1): 2.7 kB
2026.04.04 22:14:02 INFO                      
2026.04.04 22:14:02 INFO  Downloaded from central: https://repo.maven.apache.org/maven2/org/springframework/boot/spring-boot-starter/4.0.5/spring-boot-starter-4.0.5.pom (2.7 kB at 15 kB/s)
2026.04.04 22:14:02 INFO  Downloading from central: https://repo.maven.apache.org/maven2/org/springframework/boot/spring-boot-starter-logging/4.0.5/spring-boot-starter-logging-4.0.5.pom
2026.04.04 22:14:02 INFO  Progress (1): 1.0 kB
2026.04.04 22:14:02 INFO  Progress (1): 2.4 kB
2026.04.04 22:14:02 INFO                      
2026.04.04 22:14:02 INFO  Downloaded from central: https://repo.maven.apache.org/maven2/org/springframework/boot/spring-boot-starter-logging/4.0.5/spring-boot-starter-logging-4.0.5.pom (2.4 kB at 13 kB/s)
2026.04.04 22:14:02 INFO  Downloading from central: https://repo.maven.apache.org/maven2/ch/qos/logback/logback-classic/1.5.32/logback-classic-1.5.32.pom
2026.04.04 22:14:02 INFO  Progress (1): 1.8 kB
2026.04.04 22:14:02 INFO  Progress (1): 5.6 kB
2026.04.04 22:14:02 INFO  Progress (1): 9.5 kB
2026.04.04 22:14:02 INFO  Progress (1): 13 kB 
2026.04.04 22:14:02 INFO  Progress (1): 15 kB
2026.04.04 22:14:02 INFO  Progress (1): 16 kB
2026.04.04 22:14:02 INFO                     
2026.04.04 22:14:02 INFO  Downloaded from central: https://repo.maven.apache.org/maven2/ch/qos/logback/logback-classic/1.5.32/logback-classic-1.5.32.pom (16 kB at 151 kB/s)
2026.04.04 22:14:02 INFO  Downloading from central: https://repo.maven.apache.org/maven2/ch/qos/logback/logback-parent/1.5.32/logback-parent-1.5.32.pom
2026.04.04 22:14:02 INFO  Progress (1): 1.1 kB
2026.04.04 22:14:02 INFO  Progress (1): 2.8 kB
2026.04.04 22:14:02 INFO  Progress (1): 4.9 kB
2026.04.04 22:14:02 INFO  Progress (1): 9.8 kB
2026.04.04 22:14:02 INFO  Progress (1): 14 kB 
2026.04.04 22:14:02 INFO  Progress (1): 17 kB
2026.04.04 22:14:02 INFO  Progress (1): 20 kB
2026.04.04 22:14:02 INFO                     
2026.04.04 22:14:02 INFO  Downloaded from central: https://repo.maven.apache.org/maven2/ch/qos/logback/logback-parent/1.5.32/logback-parent-1.5.32.pom (20 kB at 105 kB/s)
2026.04.04 22:14:03 INFO  Downloading from central: https://repo.maven.apache.org/maven2/ch/qos/logback/logback-core/1.5.32/logback-core-1.5.32.pom
2026.04.04 22:14:03 INFO  Progress (1): 1.5 kB
2026.04.04 22:14:03 INFO  Progress (1): 5.0 kB
2026.04.04 22:14:03 INFO  Progress (1): 7.9 kB
2026.04.04 22:14:03 INFO  Progress (1): 9.4 kB
2026.04.04 22:14:03 INFO                      
2026.04.04 22:14:03 INFO  Downloaded from central: https://repo.maven.apache.org/maven2/ch/qos/logback/logback-core/1.5.32/logback-core-1.5.32.pom (9.4 kB at 63 kB/s)
2026.04.04 22:14:03 INFO  Downloading from central: https://repo.maven.apache.org/maven2/org/slf4j/slf4j-api/2.0.17/slf4j-api-2.0.17.pom
2026.04.04 22:14:03 INFO  Progress (1): 1.1 kB
2026.04.04 22:14:03 INFO  Progress (1): 2.8 kB
2026.04.04 22:14:03 INFO                      
2026.04.04 22:14:03 INFO  Downloaded from central: https://repo.maven.apache.org/maven2/org/slf4j/slf4j-api/2.0.17/slf4j-api-2.0.17.pom (2.8 kB at 52 kB/s)
2026.04.04 22:14:03 INFO  Downloading from central: https://repo.maven.apache.org/maven2/org/slf4j/slf4j-parent/2.0.17/slf4j-parent-2.0.17.pom
2026.04.04 22:14:03 INFO  Progress (1): 953 B
2026.04.04 22:14:03 INFO  Progress (1): 3.2 kB
2026.04.04 22:14:03 INFO  Progress (1): 6.0 kB
2026.04.04 22:14:03 INFO  Progress (1): 8.2 kB
2026.04.04 22:14:03 INFO  Progress (1): 11 kB 
2026.04.04 22:14:03 INFO  Progress (1): 13 kB
2026.04.04 22:14:03 INFO                     
2026.04.04 22:14:03 INFO  Downloaded from central: https://repo.maven.apache.org/maven2/org/slf4j/slf4j-parent/2.0.17/slf4j-parent-2.0.17.pom (13 kB at 49 kB/s)
2026.04.04 22:14:03 INFO  Downloading from central: https://repo.maven.apache.org/maven2/org/slf4j/slf4j-bom/2.0.17/slf4j-bom-2.0.17.pom
2026.04.04 22:14:03 INFO  Progress (1): 997 B
2026.04.04 22:14:03 INFO  Progress (1): 4.7 kB
2026.04.04 22:14:03 INFO  Progress (1): 7.3 kB
2026.04.04 22:14:03 INFO  Progress (1): 7.3 kB
2026.04.04 22:14:05 INFO                      
2026.04.04 22:14:05 INFO  Downloaded from central: https://repo.maven.apache.org/maven2/org/slf4j/slf4j-bom/2.0.17/slf4j-bom-2.0.17.pom (7.3 kB at 7.5 kB/s)
2026.04.04 22:14:05 INFO  Downloading from central: https://repo.maven.apache.org/maven2/org/apache/logging/log4j/log4j-to-slf4j/2.25.3/log4j-to-slf4j-2.25.3.pom
2026.04.04 22:14:05 INFO  Progress (1): 807 B
2026.04.04 22:14:05 INFO  Progress (1): 2.1 kB
2026.04.04 22:14:05 INFO  Progress (1): 5.3 kB
2026.04.04 22:14:05 INFO  Progress (1): 5.5 kB
2026.04.04 22:14:05 INFO                      
2026.04.04 22:14:05 INFO  Downloaded from central: https://repo.maven.apache.org/maven2/org/apache/logging/log4j/log4j-to-slf4j/2.25.3/log4j-to-slf4j-2.25.3.pom (5.5 kB at 67 kB/s)
2026.04.04 22:14:05 INFO  Downloading from central: https://repo.maven.apache.org/maven2/org/apache/logging/log4j/log4j/2.25.3/log4j-2.25.3.pom
2026.04.04 22:14:05 INFO  Progress (1): 727 B
2026.04.04 22:14:05 INFO  Progress (1): 2.2 kB
2026.04.04 22:14:05 INFO  Progress (1): 3.9 kB
2026.04.04 22:14:05 INFO  Progress (1): 5.9 kB
2026.04.04 22:14:05 INFO  Progress (1): 9.9 kB
2026.04.04 22:14:05 INFO  Progress (1): 16 kB 
2026.04.04 22:14:05 INFO  Progress (1): 23 kB
2026.04.04 22:14:05 INFO  Progress (1): 28 kB
2026.04.04 22:14:05 INFO  Progress (1): 31 kB
2026.04.04 22:14:05 INFO  Progress (1): 34 kB
2026.04.04 22:14:05 INFO  Progress (1): 36 kB
2026.04.04 22:14:05 INFO  Progress (1): 40 kB
2026.04.04 22:14:05 INFO  Progress (1): 41 kB
2026.04.04 22:14:05 INFO                     
2026.04.04 22:14:05 INFO  Downloaded from central: https://repo.maven.apache.org/maven2/org/apache/logging/log4j/log4j/2.25.3/log4j-2.25.3.pom (41 kB at 244 kB/s)
2026.04.04 22:14:05 INFO  Downloading from central: https://repo.maven.apache.org/maven2/org/apache/groovy/groovy-bom/4.0.27/groovy-bom-4.0.27.pom
2026.04.04 22:14:05 INFO  Progress (1): 863 B
2026.04.04 22:14:05 INFO  Progress (1): 3.6 kB
2026.04.04 22:14:05 INFO  Progress (1): 7.0 kB
2026.04.04 22:14:05 INFO  Progress (1): 11 kB 
2026.04.04 22:14:05 INFO  Progress (1): 14 kB
2026.04.04 22:14:05 INFO  Progress (1): 18 kB
2026.04.04 22:14:05 INFO  Progress (1): 22 kB
2026.04.04 22:14:05 INFO  Progress (1): 27 kB
2026.04.04 22:14:05 INFO                     
2026.04.04 22:14:05 INFO  Downloaded from central: https://repo.maven.apache.org/maven2/org/apache/groovy/groovy-bom/4.0.27/groovy-bom-4.0.27.pom (27 kB at 303 kB/s)
2026.04.04 22:14:05 INFO  Downloading from central: https://repo.maven.apache.org/maven2/com/fasterxml/jackson/jackson-bom/2.19.1/jackson-bom-2.19.1.pom
2026.04.04 22:14:05 INFO  Progress (1): 933 B
2026.04.04 22:14:05 INFO  Progress (1): 2.7 kB
2026.04.04 22:14:05 INFO  Progress (1): 7.4 kB
2026.04.04 22:14:05 INFO  Progress (1): 16 kB 
2026.04.04 22:14:05 INFO  Progress (1): 20 kB
2026.04.04 22:14:05 INFO  Progress (1): 20 kB
2026.04.04 22:14:05 INFO                     
2026.04.04 22:14:05 INFO  Downloaded from central: https://repo.maven.apache.org/maven2/com/fasterxml/jackson/jackson-bom/2.19.1/jackson-bom-2.19.1.pom (20 kB at 103 kB/s)
2026.04.04 22:14:05 INFO  Downloading from central: https://repo.maven.apache.org/maven2/com/fasterxml/jackson/jackson-parent/2.19.2/jackson-parent-2.19.2.pom
2026.04.04 22:14:05 INFO  Progress (1): 1.1 kB
2026.04.04 22:14:05 INFO  Progress (1): 2.5 kB
2026.04.04 22:14:05 INFO  Progress (1): 4.2 kB
2026.04.04 22:14:05 INFO  Progress (1): 6.1 kB
2026.04.04 22:14:05 INFO  Progress (1): 7.2 kB
2026.04.04 22:14:06 INFO                      
2026.04.04 22:14:06 INFO  Downloaded from central: https://repo.maven.apache.org/maven2/com/fasterxml/jackson/jackson-parent/2.19.2/jackson-parent-2.19.2.pom (7.2 kB at 20 kB/s)
2026.04.04 22:14:06 INFO  Downloading from central: https://repo.maven.apache.org/maven2/com/fasterxml/oss-parent/68/oss-parent-68.pom
2026.04.04 22:14:06 INFO  Progress (1): 949 B
2026.04.04 22:14:06 INFO  Progress (1): 2.9 kB
2026.04.04 22:14:06 INFO  Progress (1): 4.1 kB
2026.04.04 22:14:06 INFO  Progress (1): 6.1 kB
2026.04.04 22:14:06 INFO  Progress (1): 9.9 kB
2026.04.04 22:14:06 INFO  Progress (1): 12 kB 
2026.04.04 22:14:06 INFO  Progress (1): 15 kB
2026.04.04 22:14:06 INFO  Progress (1): 18 kB
2026.04.04 22:14:06 INFO  Progress (1): 21 kB
2026.04.04 22:14:06 INFO  Progress (1): 24 kB
2026.04.04 22:14:06 INFO                     
2026.04.04 22:14:06 INFO  Downloaded from central: https://repo.maven.apache.org/maven2/com/fasterxml/oss-parent/68/oss-parent-68.pom (24 kB at 107 kB/s)
2026.04.04 22:14:06 INFO  Downloading from central: https://repo.maven.apache.org/maven2/jakarta/platform/jakarta.jakartaee-bom/9.1.0/jakarta.jakartaee-bom-9.1.0.pom
2026.04.04 22:14:06 INFO  Progress (1): 848 B
2026.04.04 22:14:06 INFO  Progress (1): 4.7 kB
2026.04.04 22:14:06 INFO  Progress (1): 9.6 kB
2026.04.04 22:14:06 INFO                      
2026.04.04 22:14:06 INFO  Downloaded from central: https://repo.maven.apache.org/maven2/jakarta/platform/jakarta.jakartaee-bom/9.1.0/jakarta.jakartaee-bom-9.1.0.pom (9.6 kB at 73 kB/s)
2026.04.04 22:14:06 INFO  Downloading from central: https://repo.maven.apache.org/maven2/jakarta/platform/jakartaee-api-parent/9.1.0/jakartaee-api-parent-9.1.0.pom
2026.04.04 22:14:06 INFO  Progress (1): 823 B
2026.04.04 22:14:06 INFO  Progress (1): 3.1 kB
2026.04.04 22:14:06 INFO  Progress (1): 5.9 kB
2026.04.04 22:14:06 INFO  Progress (1): 11 kB 
2026.04.04 22:14:06 INFO  Progress (1): 14 kB
2026.04.04 22:14:06 INFO  Progress (1): 15 kB
2026.04.04 22:14:06 INFO                     
2026.04.04 22:14:06 INFO  Downloaded from central: https://repo.maven.apache.org/maven2/jakarta/platform/jakartaee-api-parent/9.1.0/jakartaee-api-parent-9.1.0.pom (15 kB at 156 kB/s)
2026.04.04 22:14:06 INFO  Downloading from central: https://repo.maven.apache.org/maven2/org/eclipse/ee4j/project/1.0.7/project-1.0.7.pom
2026.04.04 22:14:06 INFO  Progress (1): 837 B
2026.04.04 22:14:06 INFO  Progress (1): 2.5 kB
2026.04.04 22:14:06 INFO  Progress (1): 5.0 kB
2026.04.04 22:14:06 INFO  Progress (1): 8.0 kB
2026.04.04 22:14:06 INFO  Progress (1): 13 kB 
2026.04.04 22:14:06 INFO  Progress (1): 14 kB
2026.04.04 22:14:06 INFO                     
2026.04.04 22:14:06 INFO  Downloaded from central: https://repo.maven.apache.org/maven2/org/eclipse/ee4j/project/1.0.7/project-1.0.7.pom (14 kB at 93 kB/s)
2026.04.04 22:14:06 INFO  Downloading from central: https://repo.maven.apache.org/maven2/org/junit/junit-bom/5.13.2/junit-bom-5.13.2.pom
2026.04.04 22:14:06 INFO  Progress (1): 908 B
2026.04.04 22:14:06 INFO  Progress (1): 4.1 kB
2026.04.04 22:14:06 INFO  Progress (1): 5.7 kB
2026.04.04 22:14:06 INFO                      
2026.04.04 22:14:06 INFO  Downloaded from central: https://repo.maven.apache.org/maven2/org/junit/junit-bom/5.13.2/junit-bom-5.13.2.pom (5.7 kB at 89 kB/s)
2026.04.04 22:14:06 INFO  Downloading from central: https://repo.maven.apache.org/maven2/org/mockito/mockito-bom/4.11.0/mockito-bom-4.11.0.pom
2026.04.04 22:14:06 INFO  Progress (1): 1.4 kB
2026.04.04 22:14:06 INFO  Progress (1): 3.2 kB
2026.04.04 22:14:06 INFO                      
2026.04.04 22:14:06 INFO  Downloaded from central: https://repo.maven.apache.org/maven2/org/mockito/mockito-bom/4.11.0/mockito-bom-4.11.0.pom (3.2 kB at 38 kB/s)
2026.04.04 22:14:06 INFO  Downloading from central: https://repo.maven.apache.org/maven2/org/springframework/spring-framework-bom/5.3.39/spring-framework-bom-5.3.39.pom
2026.04.04 22:14:06 INFO  Progress (1): 974 B
2026.04.04 22:14:06 INFO  Progress (1): 5.7 kB
2026.04.04 22:14:07 INFO                      
2026.04.04 22:14:07 INFO  Downloaded from central: https://repo.maven.apache.org/maven2/org/springframework/spring-framework-bom/5.3.39/spring-framework-bom-5.3.39.pom (5.7 kB at 73 kB/s)
2026.04.04 22:14:07 INFO  Downloading from central: https://repo.maven.apache.org/maven2/org/apache/logging/log4j/log4j-api/2.25.3/log4j-api-2.25.3.pom
2026.04.04 22:14:07 INFO  Progress (1): 817 B
2026.04.04 22:14:07 INFO  Progress (1): 2.1 kB
2026.04.04 22:14:07 INFO  Progress (1): 4.2 kB
2026.04.04 22:14:07 INFO  Progress (1): 4.5 kB
2026.04.04 22:14:07 INFO                      
2026.04.04 22:14:07 INFO  Downloaded from central: https://repo.maven.apache.org/maven2/org/apache/logging/log4j/log4j-api/2.25.3/log4j-api-2.25.3.pom (4.5 kB at 11 kB/s)
2026.04.04 22:14:07 INFO  Downloading from central: https://repo.maven.apache.org/maven2/org/slf4j/jul-to-slf4j/2.0.17/jul-to-slf4j-2.0.17.pom
2026.04.04 22:14:07 INFO  Progress (1): 1.1 kB
2026.04.04 22:14:07 INFO                      
2026.04.04 22:14:07 INFO  Downloaded from central: https://repo.maven.apache.org/maven2/org/slf4j/jul-to-slf4j/2.0.17/jul-to-slf4j-2.0.17.pom (1.1 kB at 6.3 kB/s)
2026.04.04 22:14:07 INFO  Downloading from central: https://repo.maven.apache.org/maven2/org/springframework/boot/spring-boot-autoconfigure/4.0.5/spring-boot-autoconfigure-4.0.5.pom
2026.04.04 22:14:07 INFO  Progress (1): 1.0 kB
2026.04.04 22:14:07 INFO  Progress (1): 2.1 kB
2026.04.04 22:14:07 INFO                      
2026.04.04 22:14:07 INFO  Downloaded from central: https://repo.maven.apache.org/maven2/org/springframework/boot/spring-boot-autoconfigure/4.0.5/spring-boot-autoconfigure-4.0.5.pom (2.1 kB at 11 kB/s)
2026.04.04 22:14:07 INFO  Downloading from central: https://repo.maven.apache.org/maven2/org/springframework/boot/spring-boot/4.0.5/spring-boot-4.0.5.pom
2026.04.04 22:14:07 INFO  Progress (1): 1.0 kB
2026.04.04 22:14:07 INFO  Progress (1): 2.2 kB
2026.04.04 22:14:07 INFO                      
2026.04.04 22:14:07 INFO  Downloaded from central: https://repo.maven.apache.org/maven2/org/springframework/boot/spring-boot/4.0.5/spring-boot-4.0.5.pom (2.2 kB at 35 kB/s)
2026.04.04 22:14:07 INFO  Downloading from central: https://repo.maven.apache.org/maven2/org/springframework/spring-core/7.0.6/spring-core-7.0.6.pom
2026.04.04 22:14:07 INFO  Progress (1): 1.1 kB
2026.04.04 22:14:07 INFO  Progress (1): 2.2 kB
2026.04.04 22:14:08 INFO                      
2026.04.04 22:14:08 INFO  Downloaded from central: https://repo.maven.apache.org/maven2/org/springframework/spring-core/7.0.6/spring-core-7.0.6.pom (2.2 kB at 15 kB/s)
2026.04.04 22:14:08 INFO  Downloading from central: https://repo.maven.apache.org/maven2/commons-logging/commons-logging/1.3.6/commons-logging-1.3.6.pom
2026.04.04 22:14:08 INFO  Progress (1): 742 B
2026.04.04 22:14:08 INFO  Progress (1): 2.1 kB
2026.04.04 22:14:08 INFO  Progress (1): 3.9 kB
2026.04.04 22:14:08 INFO  Progress (1): 5.5 kB
2026.04.04 22:14:08 INFO  Progress (1): 8.4 kB
2026.04.04 22:14:08 INFO  Progress (1): 11 kB 
2026.04.04 22:14:08 INFO  Progress (1): 14 kB
2026.04.04 22:14:08 INFO  Progress (1): 20 kB
2026.04.04 22:14:08 INFO  Progress (1): 23 kB
2026.04.04 22:14:08 INFO  Progress (1): 28 kB
2026.04.04 22:14:08 INFO  Progress (1): 31 kB
2026.04.04 22:14:08 INFO  Progress (1): 32 kB
2026.04.04 22:14:08 INFO  no build target found for C:\Users\Lenovo\kiwi\Dashboard\src\main\java\com\kiwi\demo\DemoApplication.java. Using fallback presentation compiler.
2026.04.04 22:14:08 INFO                     
2026.04.04 22:14:08 INFO  Downloaded from central: https://repo.maven.apache.org/maven2/commons-logging/commons-logging/1.3.6/commons-logging-1.3.6.pom (32 kB at 295 kB/s)
2026.04.04 22:14:08 INFO  Downloading from central: https://repo.maven.apache.org/maven2/org/apache/commons/commons-parent/97/commons-parent-97.pom
2026.04.04 22:14:08 INFO  Progress (1): 702 B
2026.04.04 22:14:08 INFO  Progress (1): 1.9 kB
2026.04.04 22:14:08 INFO  Progress (1): 3.2 kB
2026.04.04 22:14:08 INFO  Progress (1): 4.7 kB
2026.04.04 22:14:08 INFO  Progress (1): 6.8 kB
2026.04.04 22:14:08 INFO  Progress (1): 9.4 kB
2026.04.04 22:14:08 INFO  Progress (1): 11 kB 
2026.04.04 22:14:08 INFO  Progress (1): 14 kB
2026.04.04 22:14:08 INFO  Progress (1): 16 kB
2026.04.04 22:14:08 INFO  Progress (1): 19 kB
2026.04.04 22:14:08 INFO  Progress (1): 21 kB
2026.04.04 22:14:08 INFO  Progress (1): 23 kB
2026.04.04 22:14:08 INFO  Progress (1): 25 kB
2026.04.04 22:14:08 INFO  Progress (1): 29 kB
2026.04.04 22:14:08 INFO  Progress (1): 32 kB
2026.04.04 22:14:08 INFO  Progress (1): 32 kB
2026.04.04 22:14:08 INFO  Progress (1): 37 kB
2026.04.04 22:14:08 INFO  Progress (1): 41 kB
2026.04.04 22:14:08 INFO  Progress (1): 44 kB
2026.04.04 22:14:08 INFO  Progress (1): 46 kB
2026.04.04 22:14:08 INFO  Progress (1): 50 kB
2026.04.04 22:14:08 INFO  Progress (1): 52 kB
2026.04.04 22:14:08 INFO  Progress (1): 56 kB
2026.04.04 22:14:08 INFO  Progress (1): 58 kB
2026.04.04 22:14:08 INFO  Progress (1): 60 kB
2026.04.04 22:14:08 INFO  Progress (1): 63 kB
2026.04.04 22:14:08 INFO  Progress (1): 67 kB
2026.04.04 22:14:08 INFO  Progress (1): 70 kB
2026.04.04 22:14:08 INFO  Progress (1): 73 kB
2026.04.04 22:14:08 INFO  Progress (1): 75 kB
2026.04.04 22:14:08 INFO  Progress (1): 77 kB
2026.04.04 22:14:08 INFO  Progress (1): 80 kB
2026.04.04 22:14:08 INFO                     
2026.04.04 22:14:08 INFO  Downloaded from central: https://repo.maven.apache.org/maven2/org/apache/commons/commons-parent/97/commons-parent-97.pom (80 kB at 781 kB/s)
2026.04.04 22:14:08 INFO  Downloading from central: https://repo.maven.apache.org/maven2/org/apache/apache/37/apache-37.pom
2026.04.04 22:14:08 INFO  Progress (1): 733 B
2026.04.04 22:14:08 INFO  Progress (1): 2.0 kB
2026.04.04 22:14:08 INFO  Progress (1): 4.0 kB
2026.04.04 22:14:08 INFO  Progress (1): 5.9 kB
2026.04.04 22:14:08 INFO  Progress (1): 10 kB 
2026.04.04 22:14:08 INFO  Progress (1): 16 kB
2026.04.04 22:14:08 INFO  Progress (1): 19 kB
2026.04.04 22:14:08 INFO  Progress (1): 22 kB
2026.04.04 22:14:08 INFO  Progress (1): 24 kB
2026.04.04 22:14:08 INFO  Progress (1): 26 kB
2026.04.04 22:14:08 INFO                     
2026.04.04 22:14:08 INFO  Downloaded from central: https://repo.maven.apache.org/maven2/org/apache/apache/37/apache-37.pom (26 kB at 227 kB/s)
2026.04.04 22:14:08 INFO  Downloading from central: https://repo.maven.apache.org/maven2/org/junit/junit-bom/5.14.2/junit-bom-5.14.2.pom
2026.04.04 22:14:08 INFO  Progress (1): 908 B
2026.04.04 22:14:08 INFO  Progress (1): 4.1 kB
2026.04.04 22:14:08 INFO  Progress (1): 5.7 kB
2026.04.04 22:14:08 INFO                      
2026.04.04 22:14:08 INFO  Downloaded from central: https://repo.maven.apache.org/maven2/org/junit/junit-bom/5.14.2/junit-bom-5.14.2.pom (5.7 kB at 40 kB/s)
2026.04.04 22:14:08 INFO  Downloading from central: https://repo.maven.apache.org/maven2/org/jspecify/jspecify/1.0.0/jspecify-1.0.0.pom
2026.04.04 22:14:08 INFO  Progress (1): 994 B
2026.04.04 22:14:08 INFO  Progress (1): 1.5 kB
2026.04.04 22:14:08 INFO                      
2026.04.04 22:14:08 INFO  Downloaded from central: https://repo.maven.apache.org/maven2/org/jspecify/jspecify/1.0.0/jspecify-1.0.0.pom (1.5 kB at 37 kB/s)
2026.04.04 22:14:08 INFO  Downloading from central: https://repo.maven.apache.org/maven2/org/springframework/spring-context/7.0.6/spring-context-7.0.6.pom
2026.04.04 22:14:08 INFO  Progress (1): 1.0 kB
2026.04.04 22:14:08 INFO  Progress (1): 2.8 kB
2026.04.04 22:14:08 INFO                      
2026.04.04 22:14:08 INFO  Downloaded from central: https://repo.maven.apache.org/maven2/org/springframework/spring-context/7.0.6/spring-context-7.0.6.pom (2.8 kB at 51 kB/s)
2026.04.04 22:14:08 INFO  Downloading from central: https://repo.maven.apache.org/maven2/org/springframework/spring-aop/7.0.6/spring-aop-7.0.6.pom
2026.04.04 22:14:08 INFO  Progress (1): 1.1 kB
2026.04.04 22:14:08 INFO  Progress (1): 2.2 kB
2026.04.04 22:14:08 INFO                      
2026.04.04 22:14:08 INFO  Downloaded from central: https://repo.maven.apache.org/maven2/org/springframework/spring-aop/7.0.6/spring-aop-7.0.6.pom (2.2 kB at 22 kB/s)
2026.04.04 22:14:08 INFO  Downloading from central: https://repo.maven.apache.org/maven2/org/springframework/spring-beans/7.0.6/spring-beans-7.0.6.pom
2026.04.04 22:14:08 INFO  Progress (1): 1.1 kB
2026.04.04 22:14:08 INFO  Progress (1): 2.0 kB
2026.04.04 22:14:08 INFO                      
2026.04.04 22:14:08 INFO  Downloaded from central: https://repo.maven.apache.org/maven2/org/springframework/spring-beans/7.0.6/spring-beans-7.0.6.pom (2.0 kB at 19 kB/s)
2026.04.04 22:14:08 INFO  Downloading from central: https://repo.maven.apache.org/maven2/org/springframework/spring-expression/7.0.6/spring-expression-7.0.6.pom
2026.04.04 22:14:08 INFO  Progress (1): 1.1 kB
2026.04.04 22:14:08 INFO  Progress (1): 2.1 kB
2026.04.04 22:14:08 INFO                      
2026.04.04 22:14:08 INFO  Downloaded from central: https://repo.maven.apache.org/maven2/org/springframework/spring-expression/7.0.6/spring-expression-7.0.6.pom (2.1 kB at 21 kB/s)
2026.04.04 22:14:08 INFO  Downloading from central: https://repo.maven.apache.org/maven2/io/micrometer/micrometer-observation/1.16.4/micrometer-observation-1.16.4.pom
2026.04.04 22:14:09 INFO  Progress (1): 1.1 kB
2026.04.04 22:14:09 INFO  Progress (1): 3.4 kB
2026.04.04 22:14:09 INFO  Progress (1): 3.8 kB
2026.04.04 22:14:09 INFO                      
2026.04.04 22:14:09 INFO  Downloaded from central: https://repo.maven.apache.org/maven2/io/micrometer/micrometer-observation/1.16.4/micrometer-observation-1.16.4.pom (3.8 kB at 76 kB/s)
2026.04.04 22:14:09 INFO  Downloading from central: https://repo.maven.apache.org/maven2/io/micrometer/micrometer-commons/1.16.4/micrometer-commons-1.16.4.pom
2026.04.04 22:14:09 INFO  Progress (1): 1.1 kB
2026.04.04 22:14:09 INFO  Progress (1): 3.2 kB
2026.04.04 22:14:09 INFO  Progress (1): 3.6 kB
2026.04.04 22:14:09 INFO                      
2026.04.04 22:14:09 INFO  Downloaded from central: https://repo.maven.apache.org/maven2/io/micrometer/micrometer-commons/1.16.4/micrometer-commons-1.16.4.pom (3.6 kB at 52 kB/s)
2026.04.04 22:14:09 INFO  Downloading from central: https://repo.maven.apache.org/maven2/jakarta/annotation/jakarta.annotation-api/3.0.0/jakarta.annotation-api-3.0.0.pom
2026.04.04 22:14:09 INFO  Progress (1): 834 B
2026.04.04 22:14:09 INFO  Progress (1): 2.8 kB
2026.04.04 22:14:09 INFO  Progress (1): 5.2 kB
2026.04.04 22:14:09 INFO  Progress (1): 9.1 kB
2026.04.04 22:14:09 INFO  Progress (1): 13 kB 
2026.04.04 22:14:09 INFO  Progress (1): 15 kB
2026.04.04 22:14:09 INFO                     
2026.04.04 22:14:09 INFO  Downloaded from central: https://repo.maven.apache.org/maven2/jakarta/annotation/jakarta.annotation-api/3.0.0/jakarta.annotation-api-3.0.0.pom (15 kB at 207 kB/s)
2026.04.04 22:14:09 INFO  Downloading from central: https://repo.maven.apache.org/maven2/org/yaml/snakeyaml/2.5/snakeyaml-2.5.pom
2026.04.04 22:14:09 INFO  Progress (1): 1.2 kB
2026.04.04 22:14:09 INFO  Progress (1): 3.1 kB
2026.04.04 22:14:09 INFO  Progress (1): 7.2 kB
2026.04.04 22:14:09 INFO  Progress (1): 12 kB 
2026.04.04 22:14:09 INFO  Progress (1): 16 kB
2026.04.04 22:14:09 INFO  Progress (1): 20 kB
2026.04.04 22:14:09 INFO  Progress (1): 21 kB
2026.04.04 22:14:09 INFO                     
2026.04.04 22:14:09 INFO  Downloaded from central: https://repo.maven.apache.org/maven2/org/yaml/snakeyaml/2.5/snakeyaml-2.5.pom (21 kB at 250 kB/s)
2026.04.04 22:14:09 INFO  Downloading from central: https://repo.maven.apache.org/maven2/org/springframework/boot/spring-boot-starter-jdbc/4.0.5/spring-boot-starter-jdbc-4.0.5.pom
2026.04.04 22:14:09 INFO  Progress (1): 974 B
2026.04.04 22:14:09 INFO  Progress (1): 2.5 kB
2026.04.04 22:14:09 INFO                      
2026.04.04 22:14:09 INFO  Downloaded from central: https://repo.maven.apache.org/maven2/org/springframework/boot/spring-boot-starter-jdbc/4.0.5/spring-boot-starter-jdbc-4.0.5.pom (2.5 kB at 42 kB/s)
2026.04.04 22:14:09 INFO  Downloading from central: https://repo.maven.apache.org/maven2/org/springframework/boot/spring-boot-jdbc/4.0.5/spring-boot-jdbc-4.0.5.pom
2026.04.04 22:14:09 INFO  Progress (1): 1.0 kB
2026.04.04 22:14:09 INFO  Progress (1): 2.6 kB
2026.04.04 22:14:09 INFO                      
2026.04.04 22:14:09 INFO  Downloaded from central: https://repo.maven.apache.org/maven2/org/springframework/boot/spring-boot-jdbc/4.0.5/spring-boot-jdbc-4.0.5.pom (2.6 kB at 21 kB/s)
2026.04.04 22:14:09 INFO  Downloading from central: https://repo.maven.apache.org/maven2/org/springframework/boot/spring-boot-sql/4.0.5/spring-boot-sql-4.0.5.pom
2026.04.04 22:14:09 INFO  Progress (1): 1.0 kB
2026.04.04 22:14:09 INFO  Progress (1): 2.0 kB
2026.04.04 22:14:09 INFO                      
2026.04.04 22:14:09 INFO  Downloaded from central: https://repo.maven.apache.org/maven2/org/springframework/boot/spring-boot-sql/4.0.5/spring-boot-sql-4.0.5.pom (2.0 kB at 21 kB/s)
2026.04.04 22:14:09 INFO  Downloading from central: https://repo.maven.apache.org/maven2/org/springframework/boot/spring-boot-transaction/4.0.5/spring-boot-transaction-4.0.5.pom
2026.04.04 22:14:09 INFO  Progress (1): 1.0 kB
2026.04.04 22:14:09 INFO  Progress (1): 2.4 kB
2026.04.04 22:14:09 INFO                      
2026.04.04 22:14:09 INFO  Downloaded from central: https://repo.maven.apache.org/maven2/org/springframework/boot/spring-boot-transaction/4.0.5/spring-boot-transaction-4.0.5.pom (2.4 kB at 27 kB/s)
2026.04.04 22:14:09 INFO  Downloading from central: https://repo.maven.apache.org/maven2/org/springframework/boot/spring-boot-persistence/4.0.5/spring-boot-persistence-4.0.5.pom
2026.04.04 22:14:09 INFO  Progress (1): 1.1 kB
2026.04.04 22:14:09 INFO  Progress (1): 2.2 kB
2026.04.04 22:14:09 INFO                      
2026.04.04 22:14:09 INFO  Downloaded from central: https://repo.maven.apache.org/maven2/org/springframework/boot/spring-boot-persistence/4.0.5/spring-boot-persistence-4.0.5.pom (2.2 kB at 24 kB/s)
2026.04.04 22:14:09 INFO  Downloading from central: https://repo.maven.apache.org/maven2/org/springframework/spring-tx/7.0.6/spring-tx-7.0.6.pom
2026.04.04 22:14:09 INFO  Progress (1): 1.1 kB
2026.04.04 22:14:09 INFO  Progress (1): 2.2 kB
2026.04.04 22:14:09 INFO                      
2026.04.04 22:14:09 INFO  Downloaded from central: https://repo.maven.apache.org/maven2/org/springframework/spring-tx/7.0.6/spring-tx-7.0.6.pom (2.2 kB at 38 kB/s)
2026.04.04 22:14:09 INFO  Downloading from central: https://repo.maven.apache.org/maven2/org/springframework/spring-jdbc/7.0.6/spring-jdbc-7.0.6.pom
2026.04.04 22:14:09 INFO  Progress (1): 1.0 kB
2026.04.04 22:14:09 INFO  Progress (1): 2.4 kB
2026.04.04 22:14:09 INFO                      
2026.04.04 22:14:09 INFO  Downloaded from central: https://repo.maven.apache.org/maven2/org/springframework/spring-jdbc/7.0.6/spring-jdbc-7.0.6.pom (2.4 kB at 40 kB/s)
2026.04.04 22:14:09 INFO  Downloading from central: https://repo.maven.apache.org/maven2/com/zaxxer/HikariCP/7.0.2/HikariCP-7.0.2.pom
2026.04.04 22:14:10 INFO  Progress (1): 701 B
2026.04.04 22:14:10 INFO  Progress (1): 2.0 kB
2026.04.04 22:14:10 INFO  Progress (1): 3.7 kB
2026.04.04 22:14:10 INFO  Progress (1): 8.2 kB
2026.04.04 22:14:10 INFO  Progress (1): 13 kB 
2026.04.04 22:14:10 INFO  Progress (1): 16 kB
2026.04.04 22:14:10 INFO  Progress (1): 19 kB
2026.04.04 22:14:10 INFO  Progress (1): 23 kB
2026.04.04 22:14:10 INFO  Progress (1): 26 kB
2026.04.04 22:14:10 INFO  Progress (1): 29 kB
2026.04.04 22:14:10 INFO                     
2026.04.04 22:14:10 INFO  Downloaded from central: https://repo.maven.apache.org/maven2/com/zaxxer/HikariCP/7.0.2/HikariCP-7.0.2.pom (29 kB at 158 kB/s)
2026.04.04 22:14:10 INFO  Downloading from central: https://repo.maven.apache.org/maven2/org/springframework/boot/spring-boot-data-jpa/4.0.5/spring-boot-data-jpa-4.0.5.pom
2026.04.04 22:14:10 INFO  Progress (1): 1.0 kB
2026.04.04 22:14:10 INFO  Progress (1): 2.6 kB
2026.04.04 22:14:10 INFO                      
2026.04.04 22:14:10 INFO  Downloaded from central: https://repo.maven.apache.org/maven2/org/springframework/boot/spring-boot-data-jpa/4.0.5/spring-boot-data-jpa-4.0.5.pom (2.6 kB at 38 kB/s)
2026.04.04 22:14:10 INFO  Downloading from central: https://repo.maven.apache.org/maven2/org/springframework/boot/spring-boot-data-commons/4.0.5/spring-boot-data-commons-4.0.5.pom
2026.04.04 22:14:10 INFO  Progress (1): 1.0 kB
2026.04.04 22:14:10 INFO  Progress (1): 2.5 kB
2026.04.04 22:14:10 INFO                      
2026.04.04 22:14:10 INFO  Downloaded from central: https://repo.maven.apache.org/maven2/org/springframework/boot/spring-boot-data-commons/4.0.5/spring-boot-data-commons-4.0.5.pom (2.5 kB at 42 kB/s)
2026.04.04 22:14:10 INFO  Downloading from central: https://repo.maven.apache.org/maven2/org/springframework/data/spring-data-commons/4.0.4/spring-data-commons-4.0.4.pom
2026.04.04 22:14:10 INFO  Progress (1): 1.2 kB
2026.04.04 22:14:10 INFO  Progress (1): 5.5 kB
2026.04.04 22:14:10 INFO  Progress (1): 9.5 kB
2026.04.04 22:14:10 INFO  Progress (1): 10 kB 
2026.04.04 22:14:10 INFO                     
2026.04.04 22:14:10 INFO  Downloaded from central: https://repo.maven.apache.org/maven2/org/springframework/data/spring-data-commons/4.0.4/spring-data-commons-4.0.4.pom (10 kB at 137 kB/s)
2026.04.04 22:14:10 INFO  Downloading from central: https://repo.maven.apache.org/maven2/org/springframework/data/build/spring-data-parent/4.0.4/spring-data-parent-4.0.4.pom
2026.04.04 22:14:10 INFO  Progress (1): 725 B
2026.04.04 22:14:10 INFO  Progress (1): 2.3 kB
2026.04.04 22:14:10 INFO  Progress (1): 3.5 kB
2026.04.04 22:14:10 INFO  Progress (1): 4.9 kB
2026.04.04 22:14:10 INFO  Progress (1): 6.5 kB
2026.04.04 22:14:10 INFO  Progress (1): 8.6 kB
2026.04.04 22:14:10 INFO  Progress (1): 11 kB 
2026.04.04 22:14:10 INFO  Progress (1): 15 kB
2026.04.04 22:14:10 INFO  Progress (1): 19 kB
2026.04.04 22:14:10 INFO  Progress (1): 22 kB
2026.04.04 22:14:10 INFO  Progress (1): 24 kB
2026.04.04 22:14:10 INFO  Progress (1): 31 kB
2026.04.04 22:14:10 INFO  Progress (1): 36 kB
2026.04.04 22:14:10 INFO  Progress (1): 40 kB
2026.04.04 22:14:10 INFO  Progress (1): 45 kB
2026.04.04 22:14:10 INFO  Progress (1): 45 kB
2026.04.04 22:14:10 INFO  Progress (1): 48 kB
2026.04.04 22:14:10 INFO  Progress (1): 49 kB
2026.04.04 22:14:10 INFO                     
2026.04.04 22:14:10 INFO  Downloaded from central: https://repo.maven.apache.org/maven2/org/springframework/data/build/spring-data-parent/4.0.4/spring-data-parent-4.0.4.pom (49 kB at 586 kB/s)
2026.04.04 22:14:10 INFO  Downloading from central: https://repo.maven.apache.org/maven2/org/springframework/data/build/spring-data-build/4.0.4/spring-data-build-4.0.4.pom
2026.04.04 22:14:10 INFO  Progress (1): 1.0 kB
2026.04.04 22:14:10 INFO  Progress (1): 2.5 kB
2026.04.04 22:14:10 INFO  Progress (1): 4.7 kB
2026.04.04 22:14:10 INFO  Progress (1): 6.0 kB
2026.04.04 22:14:10 INFO                      
2026.04.04 22:14:10 INFO  Downloaded from central: https://repo.maven.apache.org/maven2/org/springframework/data/build/spring-data-build/4.0.4/spring-data-build-4.0.4.pom (6.0 kB at 116 kB/s)
2026.04.04 22:14:10 INFO  Downloading from central: https://repo.maven.apache.org/maven2/io/micrometer/micrometer-tracing-bom/1.6.4/micrometer-tracing-bom-1.6.4.pom
2026.04.04 22:14:10 INFO  Progress (1): 1.0 kB
2026.04.04 22:14:10 INFO  Progress (1): 3.9 kB
2026.04.04 22:14:10 INFO  Progress (1): 4.5 kB
2026.04.04 22:14:10 INFO                      
2026.04.04 22:14:10 INFO  Downloaded from central: https://repo.maven.apache.org/maven2/io/micrometer/micrometer-tracing-bom/1.6.4/micrometer-tracing-bom-1.6.4.pom (4.5 kB at 52 kB/s)
2026.04.04 22:14:10 INFO  Downloading from central: https://repo.maven.apache.org/maven2/org/jmolecules/jmolecules-bom/2025.0.0/jmolecules-bom-2025.0.0.pom
2026.04.04 22:14:10 INFO  Progress (1): 1.2 kB
2026.04.04 22:14:10 INFO  Progress (1): 4.9 kB
2026.04.04 22:14:10 INFO                      
2026.04.04 22:14:10 INFO  Downloaded from central: https://repo.maven.apache.org/maven2/org/jmolecules/jmolecules-bom/2025.0.0/jmolecules-bom-2025.0.0.pom (4.9 kB at 84 kB/s)
2026.04.04 22:14:10 INFO  Downloading from central: https://repo.maven.apache.org/maven2/org/junit/junit-bom/6.0.0/junit-bom-6.0.0.pom
2026.04.04 22:14:10 INFO  Progress (1): 918 B
2026.04.04 22:14:10 INFO  Progress (1): 4.3 kB
2026.04.04 22:14:10 INFO  Progress (1): 5.1 kB
2026.04.04 22:14:10 INFO                      
2026.04.04 22:14:10 INFO  Downloaded from central: https://repo.maven.apache.org/maven2/org/junit/junit-bom/6.0.0/junit-bom-6.0.0.pom (5.1 kB at 38 kB/s)
2026.04.04 22:14:10 INFO  Downloading from central: https://repo.maven.apache.org/maven2/org/testcontainers/testcontainers-bom/2.0.3/testcontainers-bom-2.0.3.pom
2026.04.04 22:14:10 INFO  Progress (1): 1.2 kB
2026.04.04 22:14:10 INFO  Progress (1): 12 kB 
2026.04.04 22:14:10 INFO                     
2026.04.04 22:14:10 INFO  Downloaded from central: https://repo.maven.apache.org/maven2/org/testcontainers/testcontainers-bom/2.0.3/testcontainers-bom-2.0.3.pom (12 kB at 101 kB/s)
2026.04.04 22:14:10 INFO  Downloading from central: https://repo.maven.apache.org/maven2/org/springframework/boot/spring-boot-hibernate/4.0.5/spring-boot-hibernate-4.0.5.pom
2026.04.04 22:14:10 INFO  Progress (1): 1.0 kB
2026.04.04 22:14:10 INFO  Progress (1): 2.4 kB
2026.04.04 22:14:11 INFO                      
2026.04.04 22:14:11 INFO  Downloaded from central: https://repo.maven.apache.org/maven2/org/springframework/boot/spring-boot-hibernate/4.0.5/spring-boot-hibernate-4.0.5.pom (2.4 kB at 28 kB/s)
2026.04.04 22:14:11 INFO  Downloading from central: https://repo.maven.apache.org/maven2/org/springframework/boot/spring-boot-jpa/4.0.5/spring-boot-jpa-4.0.5.pom
2026.04.04 22:14:11 INFO  Progress (1): 1.0 kB
2026.04.04 22:14:11 INFO  Progress (1): 2.6 kB
2026.04.04 22:14:11 INFO                      
2026.04.04 22:14:11 INFO  Downloaded from central: https://repo.maven.apache.org/maven2/org/springframework/boot/spring-boot-jpa/4.0.5/spring-boot-jpa-4.0.5.pom (2.6 kB at 21 kB/s)
2026.04.04 22:14:11 INFO  Downloading from central: https://repo.maven.apache.org/maven2/jakarta/persistence/jakarta.persistence-api/3.2.0/jakarta.persistence-api-3.2.0.pom
2026.04.04 22:14:11 INFO  Progress (1): 864 B
2026.04.04 22:14:11 INFO  Progress (1): 3.0 kB
2026.04.04 22:14:11 INFO  Progress (1): 6.0 kB
2026.04.04 22:14:11 INFO  Progress (1): 9.8 kB
2026.04.04 22:14:11 INFO  Progress (1): 13 kB 
2026.04.04 22:14:11 INFO  Progress (1): 16 kB
2026.04.04 22:14:11 INFO                     
2026.04.04 22:14:11 INFO  Downloaded from central: https://repo.maven.apache.org/maven2/jakarta/persistence/jakarta.persistence-api/3.2.0/jakarta.persistence-api-3.2.0.pom (16 kB at 138 kB/s)
2026.04.04 22:14:11 INFO  Downloading from central: https://repo.maven.apache.org/maven2/org/springframework/spring-orm/7.0.6/spring-orm-7.0.6.pom
2026.04.04 22:14:11 INFO  Progress (1): 1.1 kB
2026.04.04 22:14:11 INFO  Progress (1): 2.6 kB
2026.04.04 22:14:11 INFO                      
2026.04.04 22:14:11 INFO  Downloaded from central: https://repo.maven.apache.org/maven2/org/springframework/spring-orm/7.0.6/spring-orm-7.0.6.pom (2.6 kB at 43 kB/s)
2026.04.04 22:14:11 INFO  Downloading from central: https://repo.maven.apache.org/maven2/org/hibernate/orm/hibernate-core/7.2.7.Final/hibernate-core-7.2.7.Final.pom
2026.04.04 22:14:11 INFO  Progress (1): 1.2 kB
2026.04.04 22:14:11 INFO  Progress (1): 5.4 kB
2026.04.04 22:14:11 INFO                      
2026.04.04 22:14:11 INFO  Downloaded from central: https://repo.maven.apache.org/maven2/org/hibernate/orm/hibernate-core/7.2.7.Final/hibernate-core-7.2.7.Final.pom (5.4 kB at 57 kB/s)
2026.04.04 22:14:11 INFO  Downloading from central: https://repo.maven.apache.org/maven2/jakarta/transaction/jakarta.transaction-api/2.0.1/jakarta.transaction-api-2.0.1.pom
2026.04.04 22:14:11 INFO  Progress (1): 827 B
2026.04.04 22:14:11 INFO  Progress (1): 2.6 kB
2026.04.04 22:14:11 INFO  Progress (1): 4.6 kB
2026.04.04 22:14:11 INFO  Progress (1): 7.7 kB
2026.04.04 22:14:11 INFO  Progress (1): 11 kB 
2026.04.04 22:14:11 INFO  Progress (1): 14 kB
2026.04.04 22:14:11 INFO                     
2026.04.04 22:14:11 INFO  Downloaded from central: https://repo.maven.apache.org/maven2/jakarta/transaction/jakarta.transaction-api/2.0.1/jakarta.transaction-api-2.0.1.pom (14 kB at 119 kB/s)
2026.04.04 22:14:11 INFO  Downloading from central: https://repo.maven.apache.org/maven2/org/eclipse/ee4j/project/1.0.6/project-1.0.6.pom
2026.04.04 22:14:11 INFO  Progress (1): 839 B
2026.04.04 22:14:11 INFO  Progress (1): 2.5 kB
2026.04.04 22:14:11 INFO  Progress (1): 5.0 kB
2026.04.04 22:14:11 INFO  Progress (1): 7.7 kB
2026.04.04 22:14:11 INFO  Progress (1): 13 kB 
2026.04.04 22:14:11 INFO  Progress (1): 13 kB
2026.04.04 22:14:11 INFO                     
2026.04.04 22:14:11 INFO  Downloaded from central: https://repo.maven.apache.org/maven2/org/eclipse/ee4j/project/1.0.6/project-1.0.6.pom (13 kB at 95 kB/s)
2026.04.04 22:14:11 INFO  Downloading from central: https://repo.maven.apache.org/maven2/org/jboss/logging/jboss-logging/3.6.3.Final/jboss-logging-3.6.3.Final.pom
2026.04.04 22:14:11 INFO  Progress (1): 750 B
2026.04.04 22:14:11 INFO  Progress (1): 2.4 kB
2026.04.04 22:14:11 INFO  Progress (1): 4.0 kB
2026.04.04 22:14:11 INFO  Progress (1): 7.5 kB
2026.04.04 22:14:11 INFO  Progress (1): 11 kB 
2026.04.04 22:14:11 INFO  Progress (1): 19 kB
2026.04.04 22:14:11 INFO  Progress (1): 23 kB
2026.04.04 22:14:11 INFO                     
2026.04.04 22:14:11 INFO  Downloaded from central: https://repo.maven.apache.org/maven2/org/jboss/logging/jboss-logging/3.6.3.Final/jboss-logging-3.6.3.Final.pom (23 kB at 187 kB/s)
2026.04.04 22:14:11 INFO  Downloading from central: https://repo.maven.apache.org/maven2/org/jboss/jboss-parent/52/jboss-parent-52.pom
2026.04.04 22:14:11 INFO  Progress (1): 692 B
2026.04.04 22:14:11 INFO  Progress (1): 2.0 kB
2026.04.04 22:14:11 INFO  Progress (1): 4.5 kB
2026.04.04 22:14:11 INFO  Progress (1): 6.8 kB
2026.04.04 22:14:11 INFO  Progress (1): 9.2 kB
2026.04.04 22:14:11 INFO  Progress (1): 11 kB 
2026.04.04 22:14:11 INFO  Progress (1): 16 kB
2026.04.04 22:14:11 INFO  Progress (1): 24 kB
2026.04.04 22:14:11 INFO  Progress (1): 30 kB
2026.04.04 22:14:11 INFO  Progress (1): 34 kB
2026.04.04 22:14:11 INFO  Progress (1): 37 kB
2026.04.04 22:14:11 INFO  Progress (1): 41 kB
2026.04.04 22:14:11 INFO  Progress (1): 45 kB
2026.04.04 22:14:11 INFO  Progress (1): 56 kB
2026.04.04 22:14:11 INFO  Progress (1): 75 kB
2026.04.04 22:14:11 INFO  Progress (1): 76 kB
2026.04.04 22:14:11 INFO  Progress (1): 102 kB
2026.04.04 22:14:11 INFO  Progress (1): 102 kB
2026.04.04 22:14:11 INFO                      
2026.04.04 22:14:11 INFO  Downloaded from central: https://repo.maven.apache.org/maven2/org/jboss/jboss-parent/52/jboss-parent-52.pom (102 kB at 1.1 MB/s)
2026.04.04 22:14:11 INFO  Downloading from central: https://repo.maven.apache.org/maven2/org/junit/junit-bom/5.13.4/junit-bom-5.13.4.pom
2026.04.04 22:14:12 INFO  Progress (1): 908 B
2026.04.04 22:14:12 INFO  Progress (1): 4.1 kB
2026.04.04 22:14:12 INFO  Progress (1): 5.7 kB
2026.04.04 22:14:12 INFO                      
2026.04.04 22:14:12 INFO  Downloaded from central: https://repo.maven.apache.org/maven2/org/junit/junit-bom/5.13.4/junit-bom-5.13.4.pom (5.7 kB at 93 kB/s)
2026.04.04 22:14:12 INFO  Downloading from central: https://repo.maven.apache.org/maven2/org/hibernate/models/hibernate-models/1.0.1/hibernate-models-1.0.1.pom
2026.04.04 22:14:12 INFO  Progress (1): 1.0 kB
2026.04.04 22:14:12 INFO  Progress (1): 2.1 kB
2026.04.04 22:14:12 INFO                      
2026.04.04 22:14:12 INFO  Downloaded from central: https://repo.maven.apache.org/maven2/org/hibernate/models/hibernate-models/1.0.1/hibernate-models-1.0.1.pom (2.1 kB at 13 kB/s)
2026.04.04 22:14:12 INFO  Downloading from central: https://repo.maven.apache.org/maven2/com/fasterxml/classmate/1.7.3/classmate-1.7.3.pom
2026.04.04 22:14:12 INFO  Progress (1): 1.2 kB
2026.04.04 22:14:12 INFO  Progress (1): 3.1 kB
2026.04.04 22:14:12 INFO  Progress (1): 5.3 kB
2026.04.04 22:14:12 INFO  Progress (1): 6.5 kB
2026.04.04 22:14:12 INFO                      
2026.04.04 22:14:12 INFO  Downloaded from central: https://repo.maven.apache.org/maven2/com/fasterxml/classmate/1.7.3/classmate-1.7.3.pom (6.5 kB at 47 kB/s)
2026.04.04 22:14:12 INFO  Downloading from central: https://repo.maven.apache.org/maven2/com/fasterxml/oss-parent/74/oss-parent-74.pom
2026.04.04 22:14:12 INFO  Progress (1): 948 B
2026.04.04 22:14:12 INFO  Progress (1): 2.9 kB
2026.04.04 22:14:12 INFO  Progress (1): 4.1 kB
2026.04.04 22:14:12 INFO  Progress (1): 6.0 kB
2026.04.04 22:14:12 INFO  Progress (1): 10 kB 
2026.04.04 22:14:12 INFO  Progress (1): 12 kB
2026.04.04 22:14:12 INFO  Progress (1): 15 kB
2026.04.04 22:14:12 INFO  Progress (1): 18 kB
2026.04.04 22:14:12 INFO  Progress (1): 21 kB
2026.04.04 22:14:12 INFO  Progress (1): 24 kB
2026.04.04 22:14:12 INFO                     
2026.04.04 22:14:12 INFO  Downloaded from central: https://repo.maven.apache.org/maven2/com/fasterxml/oss-parent/74/oss-parent-74.pom (24 kB at 221 kB/s)
2026.04.04 22:14:12 INFO  Downloading from central: https://repo.maven.apache.org/maven2/net/bytebuddy/byte-buddy/1.17.8/byte-buddy-1.17.8.pom
2026.04.04 22:14:12 INFO  Progress (1): 941 B
2026.04.04 22:14:12 INFO  Progress (1): 3.6 kB
2026.04.04 22:14:12 INFO  Progress (1): 6.7 kB
2026.04.04 22:14:12 INFO  Progress (1): 15 kB 
2026.04.04 22:14:12 INFO  Progress (1): 19 kB
2026.04.04 22:14:12 INFO  Progress (1): 19 kB
2026.04.04 22:14:12 INFO                     
2026.04.04 22:14:12 INFO  Downloaded from central: https://repo.maven.apache.org/maven2/net/bytebuddy/byte-buddy/1.17.8/byte-buddy-1.17.8.pom (19 kB at 285 kB/s)
2026.04.04 22:14:12 INFO  Downloading from central: https://repo.maven.apache.org/maven2/net/bytebuddy/byte-buddy-parent/1.17.8/byte-buddy-parent-1.17.8.pom
2026.04.04 22:14:12 INFO  Progress (1): 843 B
2026.04.04 22:14:12 INFO  Progress (1): 2.1 kB
2026.04.04 22:14:12 INFO  Progress (1): 3.6 kB
2026.04.04 22:14:12 INFO  Progress (1): 6.3 kB
2026.04.04 22:14:12 INFO  Progress (1): 8.1 kB
2026.04.04 22:14:12 INFO  Progress (1): 10 kB 
2026.04.04 22:14:12 INFO  Progress (1): 13 kB
2026.04.04 22:14:12 INFO  Progress (1): 17 kB
2026.04.04 22:14:12 INFO  Progress (1): 21 kB
2026.04.04 22:14:12 INFO  Progress (1): 25 kB
2026.04.04 22:14:12 INFO  Progress (1): 34 kB
2026.04.04 22:14:12 INFO  Progress (1): 49 kB
2026.04.04 22:14:12 INFO  Progress (1): 54 kB
2026.04.04 22:14:12 INFO  Progress (1): 59 kB
2026.04.04 22:14:12 INFO  Progress (1): 64 kB
2026.04.04 22:14:12 INFO  Progress (1): 64 kB
2026.04.04 22:14:12 INFO  Progress (1): 66 kB
2026.04.04 22:14:12 INFO                     
2026.04.04 22:14:12 INFO  Downloaded from central: https://repo.maven.apache.org/maven2/net/bytebuddy/byte-buddy-parent/1.17.8/byte-buddy-parent-1.17.8.pom (66 kB at 814 kB/s)
2026.04.04 22:14:12 INFO  Downloading from central: https://repo.maven.apache.org/maven2/jakarta/xml/bind/jakarta.xml.bind-api/4.0.4/jakarta.xml.bind-api-4.0.4.pom
2026.04.04 22:14:12 INFO  Progress (1): 845 B
2026.04.04 22:14:12 INFO  Progress (1): 3.2 kB
2026.04.04 22:14:12 INFO  Progress (1): 6.0 kB
2026.04.04 22:14:12 INFO  Progress (1): 9.8 kB
2026.04.04 22:14:12 INFO  Progress (1): 13 kB 
2026.04.04 22:14:12 INFO  Progress (1): 13 kB
2026.04.04 22:14:12 INFO                     
2026.04.04 22:14:12 INFO  Downloaded from central: https://repo.maven.apache.org/maven2/jakarta/xml/bind/jakarta.xml.bind-api/4.0.4/jakarta.xml.bind-api-4.0.4.pom (13 kB at 126 kB/s)
2026.04.04 22:14:12 INFO  Downloading from central: https://repo.maven.apache.org/maven2/jakarta/xml/bind/jakarta.xml.bind-api-parent/4.0.4/jakarta.xml.bind-api-parent-4.0.4.pom
2026.04.04 22:14:12 INFO  Progress (1): 897 B
2026.04.04 22:14:12 INFO  Progress (1): 2.8 kB
2026.04.04 22:14:12 INFO  Progress (1): 6.5 kB
2026.04.04 22:14:12 INFO  Progress (1): 9.1 kB
2026.04.04 22:14:12 INFO                      
2026.04.04 22:14:12 INFO  Downloaded from central: https://repo.maven.apache.org/maven2/jakarta/xml/bind/jakarta.xml.bind-api-parent/4.0.4/jakarta.xml.bind-api-parent-4.0.4.pom (9.1 kB at 104 kB/s)
2026.04.04 22:14:12 INFO  Downloading from central: https://repo.maven.apache.org/maven2/jakarta/activation/jakarta.activation-api/2.1.4/jakarta.activation-api-2.1.4.pom
2026.04.04 22:14:12 INFO  Progress (1): 857 B
2026.04.04 22:14:12 INFO  Progress (1): 2.6 kB
2026.04.04 22:14:12 INFO  Progress (1): 5.3 kB
2026.04.04 22:14:12 INFO  Progress (1): 9.4 kB
2026.04.04 22:14:12 INFO  Progress (1): 12 kB 
2026.04.04 22:14:12 INFO  Progress (1): 17 kB
2026.04.04 22:14:12 INFO  Progress (1): 19 kB
2026.04.04 22:14:12 INFO                     
2026.04.04 22:14:12 INFO  Downloaded from central: https://repo.maven.apache.org/maven2/jakarta/activation/jakarta.activation-api/2.1.4/jakarta.activation-api-2.1.4.pom (19 kB at 261 kB/s)
2026.04.04 22:14:12 INFO  Downloading from central: https://repo.maven.apache.org/maven2/org/glassfish/jaxb/jaxb-runtime/4.0.6/jaxb-runtime-4.0.6.pom
2026.04.04 22:14:13 INFO  Progress (1): 806 B
2026.04.04 22:14:13 INFO  Progress (1): 3.1 kB
2026.04.04 22:14:13 INFO  Progress (1): 6.9 kB
2026.04.04 22:14:13 INFO  Progress (1): 10 kB 
2026.04.04 22:14:13 INFO  Progress (1): 11 kB
2026.04.04 22:14:13 INFO                     
2026.04.04 22:14:13 INFO  Downloaded from central: https://repo.maven.apache.org/maven2/org/glassfish/jaxb/jaxb-runtime/4.0.6/jaxb-runtime-4.0.6.pom (11 kB at 106 kB/s)
2026.04.04 22:14:13 INFO  Downloading from central: https://repo.maven.apache.org/maven2/com/sun/xml/bind/mvn/jaxb-runtime-parent/4.0.6/jaxb-runtime-parent-4.0.6.pom
2026.04.04 22:14:13 INFO  Progress (1): 932 B
2026.04.04 22:14:13 INFO  Progress (1): 1.2 kB
Apr 04, 2026 10:14:13 PM org.eclipse.lsp4j.jsonrpc.services.GenericEndpoint notify
INFO: Unsupported notification method: $/setTrace
2026.04.04 22:14:13 INFO                      
2026.04.04 22:14:13 INFO  Downloaded from central: https://repo.maven.apache.org/maven2/com/sun/xml/bind/mvn/jaxb-runtime-parent/4.0.6/jaxb-runtime-parent-4.0.6.pom (1.2 kB at 12 kB/s)
2026.04.04 22:14:13 INFO  Downloading from central: https://repo.maven.apache.org/maven2/com/sun/xml/bind/mvn/jaxb-parent/4.0.6/jaxb-parent-4.0.6.pom
2026.04.04 22:14:13 INFO  Progress (1): 781 B
2026.04.04 22:14:13 INFO  Progress (1): 2.7 kB
2026.04.04 22:14:13 INFO  Progress (1): 4.4 kB
2026.04.04 22:14:13 INFO  Progress (1): 6.6 kB
2026.04.04 22:14:13 INFO  Progress (1): 12 kB 
2026.04.04 22:14:13 INFO  Progress (1): 17 kB
2026.04.04 22:14:13 INFO  Progress (1): 21 kB
2026.04.04 22:14:13 INFO  Progress (1): 28 kB
2026.04.04 22:14:13 INFO  Progress (1): 33 kB
2026.04.04 22:14:13 INFO  Progress (1): 35 kB
2026.04.04 22:14:13 INFO                     
2026.04.04 22:14:13 INFO  Downloaded from central: https://repo.maven.apache.org/maven2/com/sun/xml/bind/mvn/jaxb-parent/4.0.6/jaxb-parent-4.0.6.pom (35 kB at 210 kB/s)
2026.04.04 22:14:13 INFO  no build target found for C:\Users\Lenovo\kiwi\Dashboard\src\main\java\com\kiwi\demo\DemoApplication.java. Using fallback presentation compiler.
2026.04.04 22:14:13 INFO  Downloading from central: https://repo.maven.apache.org/maven2/com/sun/xml/bind/jaxb-bom-ext/4.0.6/jaxb-bom-ext-4.0.6.pom
2026.04.04 22:14:13 INFO  Progress (1): 863 B
2026.04.04 22:14:13 INFO  Progress (1): 3.5 kB
2026.04.04 22:14:13 INFO                      
2026.04.04 22:14:13 INFO  Downloaded from central: https://repo.maven.apache.org/maven2/com/sun/xml/bind/jaxb-bom-ext/4.0.6/jaxb-bom-ext-4.0.6.pom (3.5 kB at 57 kB/s)
2026.04.04 22:14:13 INFO  Downloading from central: https://repo.maven.apache.org/maven2/org/glassfish/jaxb/jaxb-bom/4.0.6/jaxb-bom-4.0.6.pom
2026.04.04 22:14:13 INFO  Progress (1): 887 B
2026.04.04 22:14:13 INFO  Progress (1): 6.8 kB
2026.04.04 22:14:13 INFO  Progress (1): 12 kB 
2026.04.04 22:14:13 INFO                     
2026.04.04 22:14:13 INFO  Downloaded from central: https://repo.maven.apache.org/maven2/org/glassfish/jaxb/jaxb-bom/4.0.6/jaxb-bom-4.0.6.pom (12 kB at 101 kB/s)
2026.04.04 22:14:13 INFO  Downloading from central: https://repo.maven.apache.org/maven2/org/glassfish/jaxb/jaxb-core/4.0.6/jaxb-core-4.0.6.pom
2026.04.04 22:14:13 INFO  Progress (1): 898 B
2026.04.04 22:14:13 INFO  Progress (1): 3.1 kB
2026.04.04 22:14:13 INFO  Progress (1): 3.7 kB
2026.04.04 22:14:13 INFO                      
2026.04.04 22:14:13 INFO  Downloaded from central: https://repo.maven.apache.org/maven2/org/glassfish/jaxb/jaxb-core/4.0.6/jaxb-core-4.0.6.pom (3.7 kB at 51 kB/s)
2026.04.04 22:14:13 INFO  Downloading from central: https://repo.maven.apache.org/maven2/org/eclipse/angus/angus-activation/2.0.3/angus-activation-2.0.3.pom
2026.04.04 22:14:13 INFO  Progress (1): 930 B
2026.04.04 22:14:13 INFO  Progress (1): 3.4 kB
2026.04.04 22:14:13 INFO  Progress (1): 4.0 kB
2026.04.04 22:14:13 INFO                      
2026.04.04 22:14:13 INFO  Downloaded from central: https://repo.maven.apache.org/maven2/org/eclipse/angus/angus-activation/2.0.3/angus-activation-2.0.3.pom (4.0 kB at 42 kB/s)
2026.04.04 22:14:13 INFO  Downloading from central: https://repo.maven.apache.org/maven2/org/eclipse/angus/angus-activation-project/2.0.3/angus-activation-project-2.0.3.pom
2026.04.04 22:14:13 INFO  Progress (1): 873 B
2026.04.04 22:14:13 INFO  Progress (1): 2.6 kB
2026.04.04 22:14:13 INFO  Progress (1): 5.6 kB
2026.04.04 22:14:13 INFO  Progress (1): 10 kB 
2026.04.04 22:14:13 INFO  Progress (1): 14 kB
2026.04.04 22:14:13 INFO  Progress (1): 18 kB
2026.04.04 22:14:13 INFO  Progress (1): 20 kB
2026.04.04 22:14:13 INFO  Progress (1): 21 kB
2026.04.04 22:14:13 INFO                     
2026.04.04 22:14:13 INFO  Downloaded from central: https://repo.maven.apache.org/maven2/org/eclipse/angus/angus-activation-project/2.0.3/angus-activation-project-2.0.3.pom (21 kB at 190 kB/s)
2026.04.04 22:14:13 INFO  Downloading from central: https://repo.maven.apache.org/maven2/org/glassfish/jaxb/txw2/4.0.6/txw2-4.0.6.pom
2026.04.04 22:14:13 INFO  Progress (1): 931 B
2026.04.04 22:14:13 INFO  Progress (1): 1.8 kB
2026.04.04 22:14:13 INFO                      
2026.04.04 22:14:13 INFO  Downloaded from central: https://repo.maven.apache.org/maven2/org/glassfish/jaxb/txw2/4.0.6/txw2-4.0.6.pom (1.8 kB at 18 kB/s)
2026.04.04 22:14:13 INFO  Downloading from central: https://repo.maven.apache.org/maven2/com/sun/xml/bind/mvn/jaxb-txw-parent/4.0.6/jaxb-txw-parent-4.0.6.pom
2026.04.04 22:14:14 INFO  Progress (1): 930 B
2026.04.04 22:14:14 INFO  Progress (1): 1.2 kB
2026.04.04 22:14:14 INFO                      
2026.04.04 22:14:14 INFO  Downloaded from central: https://repo.maven.apache.org/maven2/com/sun/xml/bind/mvn/jaxb-txw-parent/4.0.6/jaxb-txw-parent-4.0.6.pom (1.2 kB at 19 kB/s)
2026.04.04 22:14:14 INFO  Downloading from central: https://repo.maven.apache.org/maven2/com/sun/istack/istack-commons-runtime/4.1.2/istack-commons-runtime-4.1.2.pom
2026.04.04 22:14:14 INFO  Progress (1): 933 B
2026.04.04 22:14:14 INFO  Progress (1): 1.6 kB
2026.04.04 22:14:14 INFO                      
2026.04.04 22:14:14 INFO  Downloaded from central: https://repo.maven.apache.org/maven2/com/sun/istack/istack-commons-runtime/4.1.2/istack-commons-runtime-4.1.2.pom (1.6 kB at 17 kB/s)
2026.04.04 22:14:14 INFO  Downloading from central: https://repo.maven.apache.org/maven2/com/sun/istack/istack-commons/4.1.2/istack-commons-4.1.2.pom
2026.04.04 22:14:14 INFO  Progress (1): 794 B
2026.04.04 22:14:14 INFO  Progress (1): 2.6 kB
2026.04.04 22:14:14 INFO  Progress (1): 4.8 kB
2026.04.04 22:14:14 INFO  Progress (1): 12 kB 
2026.04.04 22:14:14 INFO  Progress (1): 17 kB
2026.04.04 22:14:14 INFO  Progress (1): 21 kB
2026.04.04 22:14:14 INFO  Progress (1): 26 kB
2026.04.04 22:14:14 INFO  Progress (1): 26 kB
2026.04.04 22:14:14 INFO                     
2026.04.04 22:14:14 INFO  Downloaded from central: https://repo.maven.apache.org/maven2/com/sun/istack/istack-commons/4.1.2/istack-commons-4.1.2.pom (26 kB at 333 kB/s)
2026.04.04 22:14:14 INFO  Downloading from central: https://repo.maven.apache.org/maven2/jakarta/inject/jakarta.inject-api/2.0.1/jakarta.inject-api-2.0.1.pom
2026.04.04 22:14:14 INFO  Progress (1): 1.2 kB
2026.04.04 22:14:14 INFO  Progress (1): 3.4 kB
2026.04.04 22:14:14 INFO  Progress (1): 5.4 kB
2026.04.04 22:14:14 INFO  Progress (1): 5.9 kB
2026.04.04 22:14:14 INFO                      
2026.04.04 22:14:14 INFO  Downloaded from central: https://repo.maven.apache.org/maven2/jakarta/inject/jakarta.inject-api/2.0.1/jakarta.inject-api-2.0.1.pom (5.9 kB at 55 kB/s)
2026.04.04 22:14:14 INFO  Downloading from central: https://repo.maven.apache.org/maven2/org/antlr/antlr4-runtime/4.13.2/antlr4-runtime-4.13.2.pom
2026.04.04 22:14:14 INFO  Progress (1): 900 B
2026.04.04 22:14:14 INFO  Progress (1): 3.0 kB
2026.04.04 22:14:14 INFO  Progress (1): 3.6 kB
2026.04.04 22:14:14 INFO                      
2026.04.04 22:14:14 INFO  Downloaded from central: https://repo.maven.apache.org/maven2/org/antlr/antlr4-runtime/4.13.2/antlr4-runtime-4.13.2.pom (3.6 kB at 38 kB/s)
2026.04.04 22:14:14 INFO  Downloading from central: https://repo.maven.apache.org/maven2/org/antlr/antlr4-master/4.13.2/antlr4-master-4.13.2.pom
2026.04.04 22:14:14 INFO  Progress (1): 966 B
2026.04.04 22:14:14 INFO  Progress (1): 2.9 kB
2026.04.04 22:14:14 INFO  Progress (1): 4.8 kB
2026.04.04 22:14:14 INFO                      
2026.04.04 22:14:14 INFO  Downloaded from central: https://repo.maven.apache.org/maven2/org/antlr/antlr4-master/4.13.2/antlr4-master-4.13.2.pom (4.8 kB at 50 kB/s)
2026.04.04 22:14:14 INFO  Downloading from central: https://repo.maven.apache.org/maven2/org/sonatype/oss/oss-parent/9/oss-parent-9.pom
2026.04.04 22:14:14 INFO  Progress (1): 838 B
2026.04.04 22:14:14 INFO  Progress (1): 2.7 kB
2026.04.04 22:14:14 INFO  Progress (1): 6.5 kB
2026.04.04 22:14:14 INFO  Progress (1): 6.6 kB
2026.04.04 22:14:14 INFO                      
2026.04.04 22:14:14 INFO  Downloaded from central: https://repo.maven.apache.org/maven2/org/sonatype/oss/oss-parent/9/oss-parent-9.pom (6.6 kB at 160 kB/s)
2026.04.04 22:14:14 INFO  Downloading from central: https://repo.maven.apache.org/maven2/org/springframework/data/spring-data-jpa/4.0.4/spring-data-jpa-4.0.4.pom
2026.04.04 22:14:14 INFO  Progress (1): 1.5 kB
2026.04.04 22:14:14 INFO  Progress (1): 5.4 kB
2026.04.04 22:14:14 INFO  Progress (1): 8.6 kB
2026.04.04 22:14:14 INFO  Progress (1): 12 kB 
2026.04.04 22:14:14 INFO  Progress (1): 13 kB
2026.04.04 22:14:15 INFO                     
2026.04.04 22:14:15 INFO  Downloaded from central: https://repo.maven.apache.org/maven2/org/springframework/data/spring-data-jpa/4.0.4/spring-data-jpa-4.0.4.pom (13 kB at 29 kB/s)
2026.04.04 22:14:15 INFO  Downloading from central: https://repo.maven.apache.org/maven2/org/springframework/data/spring-data-jpa-parent/4.0.4/spring-data-jpa-parent-4.0.4.pom
2026.04.04 22:14:15 INFO  Progress (1): 1.2 kB
2026.04.04 22:14:15 INFO  Progress (1): 2.9 kB
2026.04.04 22:14:15 INFO  Progress (1): 5.6 kB
2026.04.04 22:14:15 INFO                      
2026.04.04 22:14:15 INFO  Downloaded from central: https://repo.maven.apache.org/maven2/org/springframework/data/spring-data-jpa-parent/4.0.4/spring-data-jpa-parent-4.0.4.pom (5.6 kB at 71 kB/s)
2026.04.04 22:14:15 INFO  Downloading from central: https://repo.maven.apache.org/maven2/org/springframework/spring-aspects/7.0.6/spring-aspects-7.0.6.pom
2026.04.04 22:14:15 INFO  Progress (1): 1.1 kB
2026.04.04 22:14:15 INFO  Progress (1): 2.0 kB
2026.04.04 22:14:15 INFO                      
2026.04.04 22:14:15 INFO  Downloaded from central: https://repo.maven.apache.org/maven2/org/springframework/spring-aspects/7.0.6/spring-aspects-7.0.6.pom (2.0 kB at 22 kB/s)
2026.04.04 22:14:15 INFO  Downloading from central: https://repo.maven.apache.org/maven2/org/aspectj/aspectjweaver/1.9.25.1/aspectjweaver-1.9.25.1.pom
2026.04.04 22:14:15 INFO  Progress (1): 1.0 kB
2026.04.04 22:14:15 INFO  Progress (1): 1.7 kB
2026.04.04 22:14:15 INFO                      
2026.04.04 22:14:15 INFO  Downloaded from central: https://repo.maven.apache.org/maven2/org/aspectj/aspectjweaver/1.9.25.1/aspectjweaver-1.9.25.1.pom (1.7 kB at 15 kB/s)
2026.04.04 22:14:15 INFO  Downloading from central: https://repo.maven.apache.org/maven2/org/springframework/boot/spring-boot-starter-webmvc/4.0.5/spring-boot-starter-webmvc-4.0.5.pom
2026.04.04 22:14:15 INFO  Progress (1): 982 B
2026.04.04 22:14:15 INFO  Progress (1): 2.9 kB
2026.04.04 22:14:15 INFO                      
2026.04.04 22:14:15 INFO  Downloaded from central: https://repo.maven.apache.org/maven2/org/springframework/boot/spring-boot-starter-webmvc/4.0.5/spring-boot-starter-webmvc-4.0.5.pom (2.9 kB at 35 kB/s)
2026.04.04 22:14:15 INFO  Downloading from central: https://repo.maven.apache.org/maven2/org/springframework/boot/spring-boot-starter-jackson/4.0.5/spring-boot-starter-jackson-4.0.5.pom
2026.04.04 22:14:15 INFO  Progress (1): 1.0 kB
2026.04.04 22:14:15 INFO  Progress (1): 2.3 kB
2026.04.04 22:14:15 INFO                      
2026.04.04 22:14:15 INFO  Downloaded from central: https://repo.maven.apache.org/maven2/org/springframework/boot/spring-boot-starter-jackson/4.0.5/spring-boot-starter-jackson-4.0.5.pom (2.3 kB at 22 kB/s)
2026.04.04 22:14:15 INFO  Downloading from central: https://repo.maven.apache.org/maven2/org/springframework/boot/spring-boot-jackson/4.0.5/spring-boot-jackson-4.0.5.pom
2026.04.04 22:14:15 INFO  Progress (1): 1.0 kB
2026.04.04 22:14:15 INFO  Progress (1): 2.2 kB
2026.04.04 22:14:15 INFO                      
2026.04.04 22:14:15 INFO  Downloaded from central: https://repo.maven.apache.org/maven2/org/springframework/boot/spring-boot-jackson/4.0.5/spring-boot-jackson-4.0.5.pom (2.2 kB at 25 kB/s)
2026.04.04 22:14:15 INFO  Downloading from central: https://repo.maven.apache.org/maven2/tools/jackson/core/jackson-databind/3.1.0/jackson-databind-3.1.0.pom
2026.04.04 22:14:15 INFO  Progress (1): 966 B
2026.04.04 22:14:15 INFO  Progress (1): 2.4 kB
2026.04.04 22:14:15 INFO  Progress (1): 3.7 kB
2026.04.04 22:14:15 INFO  Progress (1): 5.7 kB
2026.04.04 22:14:15 INFO  Progress (1): 7.8 kB
2026.04.04 22:14:15 INFO  Progress (1): 10 kB 
2026.04.04 22:14:15 INFO  Progress (1): 12 kB
2026.04.04 22:14:15 INFO  Progress (1): 14 kB
2026.04.04 22:14:15 INFO  Progress (1): 16 kB
2026.04.04 22:14:15 INFO  Progress (1): 18 kB
2026.04.04 22:14:15 INFO  Progress (1): 18 kB
2026.04.04 22:14:15 INFO                     
2026.04.04 22:14:15 INFO  Downloaded from central: https://repo.maven.apache.org/maven2/tools/jackson/core/jackson-databind/3.1.0/jackson-databind-3.1.0.pom (18 kB at 96 kB/s)
2026.04.04 22:14:15 INFO  Downloading from central: https://repo.maven.apache.org/maven2/tools/jackson/jackson-base/3.1.0/jackson-base-3.1.0.pom
2026.04.04 22:14:15 INFO  Progress (1): 928 B
2026.04.04 22:14:15 INFO  Progress (1): 2.5 kB
2026.04.04 22:14:15 INFO  Progress (1): 4.5 kB
2026.04.04 22:14:15 INFO  Progress (1): 6.8 kB
2026.04.04 22:14:15 INFO  Progress (1): 9.3 kB
2026.04.04 22:14:15 INFO  Progress (1): 11 kB 
2026.04.04 22:14:15 INFO  Progress (1): 14 kB
2026.04.04 22:14:15 INFO  Progress (1): 16 kB
2026.04.04 22:14:15 INFO                     
2026.04.04 22:14:15 INFO  Downloaded from central: https://repo.maven.apache.org/maven2/tools/jackson/jackson-base/3.1.0/jackson-base-3.1.0.pom (16 kB at 180 kB/s)
2026.04.04 22:14:15 INFO  Downloading from central: https://repo.maven.apache.org/maven2/org/junit/junit-bom/5.14.1/junit-bom-5.14.1.pom
2026.04.04 22:14:16 INFO  Progress (1): 908 B
2026.04.04 22:14:16 INFO  Progress (1): 4.1 kB
2026.04.04 22:14:16 INFO  Progress (1): 5.7 kB
2026.04.04 22:14:16 INFO                      
2026.04.04 22:14:16 INFO  Downloaded from central: https://repo.maven.apache.org/maven2/org/junit/junit-bom/5.14.1/junit-bom-5.14.1.pom (5.7 kB at 40 kB/s)
2026.04.04 22:14:16 INFO  Downloading from central: https://repo.maven.apache.org/maven2/com/fasterxml/jackson/core/jackson-annotations/2.21/jackson-annotations-2.21.pom
2026.04.04 22:14:16 INFO  Progress (1): 946 B
2026.04.04 22:14:16 INFO  Progress (1): 2.3 kB
2026.04.04 22:14:16 INFO  Progress (1): 3.7 kB
2026.04.04 22:14:16 INFO  Progress (1): 6.0 kB
2026.04.04 22:14:16 INFO  Progress (1): 7.4 kB
2026.04.04 22:14:16 INFO  no build target found for C:\Users\Lenovo\kiwi\Dashboard\src\main\java\com\kiwi\demo\DemoApplication.java. Using fallback presentation compiler.
2026.04.04 22:14:16 INFO                      
2026.04.04 22:14:16 INFO  Downloaded from central: https://repo.maven.apache.org/maven2/com/fasterxml/jackson/core/jackson-annotations/2.21/jackson-annotations-2.21.pom (7.4 kB at 18 kB/s)
2026.04.04 22:14:16 INFO  Downloading from central: https://repo.maven.apache.org/maven2/tools/jackson/core/jackson-core/3.1.0/jackson-core-3.1.0.pom
2026.04.04 22:14:16 INFO  Progress (1): 953 B
2026.04.04 22:14:16 INFO  Progress (1): 3.3 kB
2026.04.04 22:14:16 INFO  Progress (1): 6.3 kB
2026.04.04 22:14:16 INFO  Progress (1): 11 kB 
2026.04.04 22:14:16 INFO  Progress (1): 12 kB
2026.04.04 22:14:16 INFO                     
2026.04.04 22:14:16 INFO  Downloaded from central: https://repo.maven.apache.org/maven2/tools/jackson/core/jackson-core/3.1.0/jackson-core-3.1.0.pom (12 kB at 26 kB/s)
2026.04.04 22:14:16 INFO  Downloading from central: https://repo.maven.apache.org/maven2/org/springframework/boot/spring-boot-starter-tomcat/4.0.5/spring-boot-starter-tomcat-4.0.5.pom
2026.04.04 22:14:17 INFO  Progress (1): 982 B
2026.04.04 22:14:17 INFO  Progress (1): 2.5 kB
2026.04.04 22:14:17 INFO                      
2026.04.04 22:14:17 INFO  Downloaded from central: https://repo.maven.apache.org/maven2/org/springframework/boot/spring-boot-starter-tomcat/4.0.5/spring-boot-starter-tomcat-4.0.5.pom (2.5 kB at 17 kB/s)
2026.04.04 22:14:17 INFO  Downloading from central: https://repo.maven.apache.org/maven2/org/springframework/boot/spring-boot-starter-tomcat-runtime/4.0.5/spring-boot-starter-tomcat-runtime-4.0.5.pom
2026.04.04 22:14:17 INFO  Progress (1): 989 B
2026.04.04 22:14:17 INFO  Progress (1): 3.7 kB
2026.04.04 22:14:17 INFO                      
2026.04.04 22:14:17 INFO  Downloaded from central: https://repo.maven.apache.org/maven2/org/springframework/boot/spring-boot-starter-tomcat-runtime/4.0.5/spring-boot-starter-tomcat-runtime-4.0.5.pom (3.7 kB at 39 kB/s)
2026.04.04 22:14:17 INFO  Downloading from central: https://repo.maven.apache.org/maven2/org/springframework/boot/spring-boot-tomcat/4.0.5/spring-boot-tomcat-4.0.5.pom
2026.04.04 22:14:17 INFO  Progress (1): 1.0 kB
2026.04.04 22:14:17 INFO  Progress (1): 2.6 kB
2026.04.04 22:14:17 INFO                      
2026.04.04 22:14:17 INFO  Downloaded from central: https://repo.maven.apache.org/maven2/org/springframework/boot/spring-boot-tomcat/4.0.5/spring-boot-tomcat-4.0.5.pom (2.6 kB at 31 kB/s)
2026.04.04 22:14:17 INFO  Downloading from central: https://repo.maven.apache.org/maven2/org/springframework/boot/spring-boot-web-server/4.0.5/spring-boot-web-server-4.0.5.pom
2026.04.04 22:14:17 INFO  Progress (1): 1.0 kB
2026.04.04 22:14:17 INFO  Progress (1): 2.2 kB
2026.04.04 22:14:17 INFO                      
2026.04.04 22:14:17 INFO  Downloaded from central: https://repo.maven.apache.org/maven2/org/springframework/boot/spring-boot-web-server/4.0.5/spring-boot-web-server-4.0.5.pom (2.2 kB at 20 kB/s)
2026.04.04 22:14:17 INFO  Downloading from central: https://repo.maven.apache.org/maven2/org/apache/tomcat/embed/tomcat-embed-core/11.0.20/tomcat-embed-core-11.0.20.pom
2026.04.04 22:14:17 INFO  Progress (1): 853 B
2026.04.04 22:14:17 INFO  Progress (1): 1.8 kB
2026.04.04 22:14:17 INFO                      
2026.04.04 22:14:17 INFO  Downloaded from central: https://repo.maven.apache.org/maven2/org/apache/tomcat/embed/tomcat-embed-core/11.0.20/tomcat-embed-core-11.0.20.pom (1.8 kB at 19 kB/s)
2026.04.04 22:14:17 INFO  Downloading from central: https://repo.maven.apache.org/maven2/org/apache/tomcat/embed/tomcat-embed-el/11.0.20/tomcat-embed-el-11.0.20.pom
2026.04.04 22:14:17 INFO  Progress (1): 853 B
2026.04.04 22:14:17 INFO  Progress (1): 1.5 kB
2026.04.04 22:14:17 INFO                      
2026.04.04 22:14:17 INFO  Downloaded from central: https://repo.maven.apache.org/maven2/org/apache/tomcat/embed/tomcat-embed-el/11.0.20/tomcat-embed-el-11.0.20.pom (1.5 kB at 18 kB/s)
2026.04.04 22:14:17 INFO  Downloading from central: https://repo.maven.apache.org/maven2/org/apache/tomcat/embed/tomcat-embed-websocket/11.0.20/tomcat-embed-websocket-11.0.20.pom
2026.04.04 22:14:17 INFO  Progress (1): 852 B
2026.04.04 22:14:17 INFO  Progress (1): 1.8 kB
2026.04.04 22:14:17 INFO                      
2026.04.04 22:14:17 INFO  Downloaded from central: https://repo.maven.apache.org/maven2/org/apache/tomcat/embed/tomcat-embed-websocket/11.0.20/tomcat-embed-websocket-11.0.20.pom (1.8 kB at 18 kB/s)
2026.04.04 22:14:17 INFO  Downloading from central: https://repo.maven.apache.org/maven2/org/springframework/spring-web/7.0.6/spring-web-7.0.6.pom
2026.04.04 22:14:17 INFO  Progress (1): 1.1 kB
2026.04.04 22:14:17 INFO  Progress (1): 2.4 kB
2026.04.04 22:14:17 INFO                      
2026.04.04 22:14:17 INFO  Downloaded from central: https://repo.maven.apache.org/maven2/org/springframework/spring-web/7.0.6/spring-web-7.0.6.pom (2.4 kB at 25 kB/s)
2026.04.04 22:14:17 INFO  Downloading from central: https://repo.maven.apache.org/maven2/org/springframework/boot/spring-boot-http-converter/4.0.5/spring-boot-http-converter-4.0.5.pom
2026.04.04 22:14:17 INFO  Progress (1): 1.0 kB
2026.04.04 22:14:17 INFO  Progress (1): 2.2 kB
2026.04.04 22:14:17 INFO                      
2026.04.04 22:14:17 INFO  Downloaded from central: https://repo.maven.apache.org/maven2/org/springframework/boot/spring-boot-http-converter/4.0.5/spring-boot-http-converter-4.0.5.pom (2.2 kB at 23 kB/s)
2026.04.04 22:14:17 INFO  Downloading from central: https://repo.maven.apache.org/maven2/org/springframework/boot/spring-boot-webmvc/4.0.5/spring-boot-webmvc-4.0.5.pom
2026.04.04 22:14:17 INFO  Progress (1): 1.0 kB
2026.04.04 22:14:17 INFO  Progress (1): 2.6 kB
2026.04.04 22:14:17 INFO                      
2026.04.04 22:14:17 INFO  Downloaded from central: https://repo.maven.apache.org/maven2/org/springframework/boot/spring-boot-webmvc/4.0.5/spring-boot-webmvc-4.0.5.pom (2.6 kB at 26 kB/s)
2026.04.04 22:14:17 INFO  Downloading from central: https://repo.maven.apache.org/maven2/org/springframework/boot/spring-boot-servlet/4.0.5/spring-boot-servlet-4.0.5.pom
2026.04.04 22:14:18 INFO  Progress (1): 1.0 kB
2026.04.04 22:14:18 INFO  Progress (1): 2.2 kB
2026.04.04 22:14:18 INFO                      
2026.04.04 22:14:18 INFO  Downloaded from central: https://repo.maven.apache.org/maven2/org/springframework/boot/spring-boot-servlet/4.0.5/spring-boot-servlet-4.0.5.pom (2.2 kB at 25 kB/s)
2026.04.04 22:14:18 INFO  Downloading from central: https://repo.maven.apache.org/maven2/org/springframework/spring-webmvc/7.0.6/spring-webmvc-7.0.6.pom
2026.04.04 22:14:18 INFO  Progress (1): 1.0 kB
2026.04.04 22:14:18 INFO  Progress (1): 3.0 kB
2026.04.04 22:14:18 INFO                      
2026.04.04 22:14:18 INFO  Downloaded from central: https://repo.maven.apache.org/maven2/org/springframework/spring-webmvc/7.0.6/spring-webmvc-7.0.6.pom (3.0 kB at 42 kB/s)
2026.04.04 22:14:18 INFO  Downloading from central: https://repo.maven.apache.org/maven2/org/projectlombok/lombok/1.18.44/lombok-1.18.44.pom
2026.04.04 22:14:18 INFO  Progress (1): 1.1 kB
2026.04.04 22:14:18 INFO  Progress (1): 1.5 kB
2026.04.04 22:14:18 INFO                      
2026.04.04 22:14:18 INFO  Downloaded from central: https://repo.maven.apache.org/maven2/org/projectlombok/lombok/1.18.44/lombok-1.18.44.pom (1.5 kB at 19 kB/s)
2026.04.04 22:14:18 INFO  Downloading from central: https://repo.maven.apache.org/maven2/org/springframework/boot/spring-boot-starter-data-jpa-test/4.0.5/spring-boot-starter-data-jpa-test-4.0.5.pom
2026.04.04 22:14:18 INFO  Progress (1): 989 B
2026.04.04 22:14:18 INFO  Progress (1): 2.7 kB
2026.04.04 22:14:18 INFO                      
2026.04.04 22:14:18 INFO  Downloaded from central: https://repo.maven.apache.org/maven2/org/springframework/boot/spring-boot-starter-data-jpa-test/4.0.5/spring-boot-starter-data-jpa-test-4.0.5.pom (2.7 kB at 19 kB/s)
2026.04.04 22:14:18 INFO  Downloading from central: https://repo.maven.apache.org/maven2/org/springframework/boot/spring-boot-starter-test/4.0.5/spring-boot-starter-test-4.0.5.pom
2026.04.04 22:14:18 INFO  Progress (1): 924 B
2026.04.04 22:14:18 INFO  Progress (1): 4.2 kB
2026.04.04 22:14:18 INFO  Progress (1): 4.9 kB
2026.04.04 22:14:18 INFO                      
2026.04.04 22:14:18 INFO  Downloaded from central: https://repo.maven.apache.org/maven2/org/springframework/boot/spring-boot-starter-test/4.0.5/spring-boot-starter-test-4.0.5.pom (4.9 kB at 76 kB/s)
2026.04.04 22:14:18 INFO  Downloading from central: https://repo.maven.apache.org/maven2/org/springframework/boot/spring-boot-test/4.0.5/spring-boot-test-4.0.5.pom
2026.04.04 22:14:18 INFO  Progress (1): 1.0 kB
2026.04.04 22:14:18 INFO  Progress (1): 2.2 kB
2026.04.04 22:14:18 INFO                      
2026.04.04 22:14:18 INFO  Downloaded from central: https://repo.maven.apache.org/maven2/org/springframework/boot/spring-boot-test/4.0.5/spring-boot-test-4.0.5.pom (2.2 kB at 11 kB/s)
2026.04.04 22:14:18 INFO  Downloading from central: https://repo.maven.apache.org/maven2/org/springframework/spring-test/7.0.6/spring-test-7.0.6.pom
2026.04.04 22:14:18 INFO  Progress (1): 1.1 kB
2026.04.04 22:14:18 INFO  Progress (1): 2.1 kB
2026.04.04 22:14:18 INFO                      
2026.04.04 22:14:18 INFO  Downloaded from central: https://repo.maven.apache.org/maven2/org/springframework/spring-test/7.0.6/spring-test-7.0.6.pom (2.1 kB at 11 kB/s)
2026.04.04 22:14:18 INFO  Downloading from central: https://repo.maven.apache.org/maven2/org/springframework/boot/spring-boot-test-autoconfigure/4.0.5/spring-boot-test-autoconfigure-4.0.5.pom
2026.04.04 22:14:18 INFO  Progress (1): 1.0 kB
2026.04.04 22:14:18 INFO  Progress (1): 2.1 kB
2026.04.04 22:14:19 INFO                      
2026.04.04 22:14:19 INFO  Downloaded from central: https://repo.maven.apache.org/maven2/org/springframework/boot/spring-boot-test-autoconfigure/4.0.5/spring-boot-test-autoconfigure-4.0.5.pom (2.1 kB at 9.5 kB/s)
2026.04.04 22:14:19 INFO  Downloading from central: https://repo.maven.apache.org/maven2/com/jayway/jsonpath/json-path/2.10.0/json-path-2.10.0.pom
2026.04.04 22:14:19 INFO  Progress (1): 961 B
2026.04.04 22:14:19 INFO  Progress (1): 1.9 kB
2026.04.04 22:14:19 INFO                      
2026.04.04 22:14:19 INFO  Downloaded from central: https://repo.maven.apache.org/maven2/com/jayway/jsonpath/json-path/2.10.0/json-path-2.10.0.pom (1.9 kB at 15 kB/s)
2026.04.04 22:14:19 INFO  Downloading from central: https://repo.maven.apache.org/maven2/net/minidev/json-smart/2.6.0/json-smart-2.6.0.pom
2026.04.04 22:14:19 INFO  Progress (1): 781 B
2026.04.04 22:14:19 INFO  Progress (1): 1.9 kB
2026.04.04 22:14:19 INFO  Progress (1): 3.5 kB
2026.04.04 22:14:19 INFO  Progress (1): 5.7 kB
2026.04.04 22:14:19 INFO  Progress (1): 8.8 kB
2026.04.04 22:14:19 INFO  Progress (1): 12 kB 
2026.04.04 22:14:19 INFO                     
2026.04.04 22:14:19 INFO  Downloaded from central: https://repo.maven.apache.org/maven2/net/minidev/json-smart/2.6.0/json-smart-2.6.0.pom (12 kB at 91 kB/s)
2026.04.04 22:14:19 INFO  Downloading from central: https://repo.maven.apache.org/maven2/net/minidev/accessors-smart/2.6.0/accessors-smart-2.6.0.pom
2026.04.04 22:14:19 INFO  Progress (1): 775 B
2026.04.04 22:14:19 INFO  Progress (1): 2.4 kB
2026.04.04 22:14:19 INFO  Progress (1): 4.6 kB
2026.04.04 22:14:19 INFO  Progress (1): 7.8 kB
2026.04.04 22:14:19 INFO  Progress (1): 12 kB 
2026.04.04 22:14:19 INFO  Progress (1): 14 kB
2026.04.04 22:14:19 INFO                     
2026.04.04 22:14:19 INFO  Downloaded from central: https://repo.maven.apache.org/maven2/net/minidev/accessors-smart/2.6.0/accessors-smart-2.6.0.pom (14 kB at 56 kB/s)
2026.04.04 22:14:19 INFO  Downloading from central: https://repo.maven.apache.org/maven2/org/ow2/asm/asm/9.7.1/asm-9.7.1.pom
2026.04.04 22:14:19 INFO  Progress (1): 1.3 kB
2026.04.04 22:14:19 INFO  Progress (1): 2.4 kB
2026.04.04 22:14:19 INFO                      
2026.04.04 22:14:19 INFO  Downloaded from central: https://repo.maven.apache.org/maven2/org/ow2/asm/asm/9.7.1/asm-9.7.1.pom (2.4 kB at 14 kB/s)
2026.04.04 22:14:19 INFO  Downloading from central: https://repo.maven.apache.org/maven2/org/ow2/ow2/1.5.1/ow2-1.5.1.pom
2026.04.04 22:14:19 INFO  Progress (1): 709 B
2026.04.04 22:14:19 INFO  Progress (1): 2.1 kB
2026.04.04 22:14:19 INFO  Progress (1): 3.6 kB
2026.04.04 22:14:19 INFO  Progress (1): 5.7 kB
2026.04.04 22:14:19 INFO  Progress (1): 8.1 kB
2026.04.04 22:14:19 INFO  Progress (1): 11 kB 
2026.04.04 22:14:19 INFO                     
2026.04.04 22:14:19 INFO  Downloaded from central: https://repo.maven.apache.org/maven2/org/ow2/ow2/1.5.1/ow2-1.5.1.pom (11 kB at 128 kB/s)
2026.04.04 22:14:19 INFO  Downloading from central: https://repo.maven.apache.org/maven2/org/assertj/assertj-core/3.27.7/assertj-core-3.27.7.pom
2026.04.04 22:14:20 INFO  Progress (1): 1.2 kB
2026.04.04 22:14:20 INFO  Progress (1): 3.8 kB
2026.04.04 22:14:20 INFO                      
2026.04.04 22:14:20 INFO  Downloaded from central: https://repo.maven.apache.org/maven2/org/assertj/assertj-core/3.27.7/assertj-core-3.27.7.pom (3.8 kB at 21 kB/s)
2026.04.04 22:14:20 INFO  Downloading from central: https://repo.maven.apache.org/maven2/org/awaitility/awaitility/4.3.0/awaitility-4.3.0.pom
2026.04.04 22:14:20 INFO  Progress (1): 821 B
2026.04.04 22:14:20 INFO  Progress (1): 3.0 kB
2026.04.04 22:14:20 INFO  Progress (1): 3.7 kB
2026.04.04 22:14:20 INFO                      
2026.04.04 22:14:20 INFO  Downloaded from central: https://repo.maven.apache.org/maven2/org/awaitility/awaitility/4.3.0/awaitility-4.3.0.pom (3.7 kB at 40 kB/s)
2026.04.04 22:14:20 INFO  Downloading from central: https://repo.maven.apache.org/maven2/org/awaitility/awaitility-parent/4.3.0/awaitility-parent-4.3.0.pom
2026.04.04 22:14:20 INFO  Progress (1): 826 B
2026.04.04 22:14:20 INFO  Progress (1): 2.5 kB
2026.04.04 22:14:20 INFO  Progress (1): 5.3 kB
2026.04.04 22:14:20 INFO  Progress (1): 9.3 kB
2026.04.04 22:14:20 INFO  Progress (1): 11 kB 
2026.04.04 22:14:20 INFO                     
2026.04.04 22:14:20 INFO  Downloaded from central: https://repo.maven.apache.org/maven2/org/awaitility/awaitility-parent/4.3.0/awaitility-parent-4.3.0.pom (11 kB at 95 kB/s)
2026.04.04 22:14:20 INFO  Downloading from central: https://repo.maven.apache.org/maven2/org/hamcrest/hamcrest/3.0/hamcrest-3.0.pom
Apr 04, 2026 10:14:21 PM org.eclipse.lsp4j.jsonrpc.services.GenericEndpoint notify
INFO: Unsupported notification method: $/setTrace
2026.04.04 22:14:20 INFO  Progress (1): 983 B
2026.04.04 22:14:20 INFO  Progress (1): 1.6 kB
2026.04.04 22:14:20 INFO                      
2026.04.04 22:14:20 INFO  Downloaded from central: https://repo.maven.apache.org/maven2/org/hamcrest/hamcrest/3.0/hamcrest-3.0.pom (1.6 kB at 19 kB/s)
2026.04.04 22:14:20 INFO  Downloading from central: https://repo.maven.apache.org/maven2/org/junit/jupiter/junit-jupiter/6.0.3/junit-jupiter-6.0.3.pom
2026.04.04 22:14:21 INFO  no build target found for C:\Users\Lenovo\kiwi\Dashboard\src\main\java\com\kiwi\demo\DemoApplication.java. Using fallback presentation compiler.
2026.04.04 22:14:20 INFO  Progress (1): 948 B
2026.04.04 22:14:20 INFO  Progress (1): 3.2 kB
2026.04.04 22:14:20 INFO                      
2026.04.04 22:14:20 INFO  Downloaded from central: https://repo.maven.apache.org/maven2/org/junit/jupiter/junit-jupiter/6.0.3/junit-jupiter-6.0.3.pom (3.2 kB at 8.5 kB/s)
2026.04.04 22:14:20 INFO  Downloading from central: https://repo.maven.apache.org/maven2/org/junit/jupiter/junit-jupiter-api/6.0.3/junit-jupiter-api-6.0.3.pom
2026.04.04 22:14:21 INFO  Progress (1): 952 B
2026.04.04 22:14:21 INFO  Progress (1): 3.3 kB
2026.04.04 22:14:21 INFO  Progress (1): 3.4 kB
2026.04.04 22:14:21 INFO                      
2026.04.04 22:14:21 INFO  Downloaded from central: https://repo.maven.apache.org/maven2/org/junit/jupiter/junit-jupiter-api/6.0.3/junit-jupiter-api-6.0.3.pom (3.4 kB at 32 kB/s)
2026.04.04 22:14:21 INFO  Downloading from central: https://repo.maven.apache.org/maven2/org/opentest4j/opentest4j/1.3.0/opentest4j-1.3.0.pom
2026.04.04 22:14:21 INFO  Progress (1): 996 B
2026.04.04 22:14:21 INFO  Progress (1): 2.0 kB
2026.04.04 22:14:21 INFO                      
2026.04.04 22:14:21 INFO  Downloaded from central: https://repo.maven.apache.org/maven2/org/opentest4j/opentest4j/1.3.0/opentest4j-1.3.0.pom (2.0 kB at 11 kB/s)
2026.04.04 22:14:21 INFO  Downloading from central: https://repo.maven.apache.org/maven2/org/junit/platform/junit-platform-commons/6.0.3/junit-platform-commons-6.0.3.pom
2026.04.04 22:14:21 INFO  Progress (1): 968 B
2026.04.04 22:14:21 INFO  Progress (1): 3.0 kB
2026.04.04 22:14:21 INFO                      
2026.04.04 22:14:21 INFO  Downloaded from central: https://repo.maven.apache.org/maven2/org/junit/platform/junit-platform-commons/6.0.3/junit-platform-commons-6.0.3.pom (3.0 kB at 16 kB/s)
2026.04.04 22:14:21 INFO  Downloading from central: https://repo.maven.apache.org/maven2/org/apiguardian/apiguardian-api/1.1.2/apiguardian-api-1.1.2.pom
2026.04.04 22:14:21 INFO  Progress (1): 1.0 kB
2026.04.04 22:14:21 INFO  Progress (1): 1.5 kB
2026.04.04 22:14:21 INFO                      
2026.04.04 22:14:21 INFO  Downloaded from central: https://repo.maven.apache.org/maven2/org/apiguardian/apiguardian-api/1.1.2/apiguardian-api-1.1.2.pom (1.5 kB at 19 kB/s)
2026.04.04 22:14:21 INFO  Downloading from central: https://repo.maven.apache.org/maven2/org/junit/jupiter/junit-jupiter-params/6.0.3/junit-jupiter-params-6.0.3.pom
2026.04.04 22:14:21 INFO  Progress (1): 974 B
2026.04.04 22:14:21 INFO  Progress (1): 3.2 kB
2026.04.04 22:14:21 INFO                      
2026.04.04 22:14:21 INFO  Downloaded from central: https://repo.maven.apache.org/maven2/org/junit/jupiter/junit-jupiter-params/6.0.3/junit-jupiter-params-6.0.3.pom (3.2 kB at 35 kB/s)
2026.04.04 22:14:21 INFO  Downloading from central: https://repo.maven.apache.org/maven2/org/junit/jupiter/junit-jupiter-engine/6.0.3/junit-jupiter-engine-6.0.3.pom
2026.04.04 22:14:21 INFO  Progress (1): 956 B
2026.04.04 22:14:21 INFO  Progress (1): 3.4 kB
2026.04.04 22:14:21 INFO                      
2026.04.04 22:14:21 INFO  Downloaded from central: https://repo.maven.apache.org/maven2/org/junit/jupiter/junit-jupiter-engine/6.0.3/junit-jupiter-engine-6.0.3.pom (3.4 kB at 25 kB/s)
2026.04.04 22:14:21 INFO  Downloading from central: https://repo.maven.apache.org/maven2/org/junit/platform/junit-platform-engine/6.0.3/junit-platform-engine-6.0.3.pom
2026.04.04 22:14:21 INFO  Progress (1): 956 B
2026.04.04 22:14:21 INFO  Progress (1): 3.4 kB
2026.04.04 22:14:21 INFO  Progress (1): 3.4 kB
2026.04.04 22:14:21 INFO                      
2026.04.04 22:14:21 INFO  Downloaded from central: https://repo.maven.apache.org/maven2/org/junit/platform/junit-platform-engine/6.0.3/junit-platform-engine-6.0.3.pom (3.4 kB at 18 kB/s)
2026.04.04 22:14:21 INFO  Downloading from central: https://repo.maven.apache.org/maven2/org/mockito/mockito-core/5.20.0/mockito-core-5.20.0.pom
2026.04.04 22:14:22 INFO  Progress (1): 1.6 kB
2026.04.04 22:14:22 INFO  Progress (1): 2.5 kB
2026.04.04 22:14:22 INFO                      
2026.04.04 22:14:22 INFO  Downloaded from central: https://repo.maven.apache.org/maven2/org/mockito/mockito-core/5.20.0/mockito-core-5.20.0.pom (2.5 kB at 13 kB/s)
2026.04.04 22:14:22 INFO  Downloading from central: https://repo.maven.apache.org/maven2/net/bytebuddy/byte-buddy-agent/1.17.8/byte-buddy-agent-1.17.8.pom
2026.04.04 22:14:22 INFO  Progress (1): 1.1 kB
2026.04.04 22:14:22 INFO  Progress (1): 3.6 kB
2026.04.04 22:14:22 INFO  Progress (1): 6.3 kB
2026.04.04 22:14:22 INFO  Progress (1): 9.9 kB
2026.04.04 22:14:22 INFO  Progress (1): 14 kB 
2026.04.04 22:14:22 INFO                     
2026.04.04 22:14:22 INFO  Downloaded from central: https://repo.maven.apache.org/maven2/net/bytebuddy/byte-buddy-agent/1.17.8/byte-buddy-agent-1.17.8.pom (14 kB at 69 kB/s)
2026.04.04 22:14:22 INFO  Downloading from central: https://repo.maven.apache.org/maven2/org/objenesis/objenesis/3.3/objenesis-3.3.pom
2026.04.04 22:14:22 INFO  Progress (1): 795 B
2026.04.04 22:14:22 INFO  Progress (1): 2.5 kB
2026.04.04 22:14:22 INFO  Progress (1): 3.0 kB
2026.04.04 22:14:22 INFO                      
2026.04.04 22:14:22 INFO  Downloaded from central: https://repo.maven.apache.org/maven2/org/objenesis/objenesis/3.3/objenesis-3.3.pom (3.0 kB at 20 kB/s)
2026.04.04 22:14:22 INFO  Downloading from central: https://repo.maven.apache.org/maven2/org/objenesis/objenesis-parent/3.3/objenesis-parent-3.3.pom
2026.04.04 22:14:22 INFO  Progress (1): 741 B
2026.04.04 22:14:22 INFO  Progress (1): 2.3 kB
2026.04.04 22:14:22 INFO  Progress (1): 4.5 kB
2026.04.04 22:14:22 INFO  Progress (1): 6.6 kB
2026.04.04 22:14:22 INFO  Progress (1): 10 kB 
2026.04.04 22:14:22 INFO  Progress (1): 13 kB
2026.04.04 22:14:22 INFO  Progress (1): 18 kB
2026.04.04 22:14:22 INFO  Progress (1): 19 kB
2026.04.04 22:14:22 INFO                     
2026.04.04 22:14:22 INFO  Downloaded from central: https://repo.maven.apache.org/maven2/org/objenesis/objenesis-parent/3.3/objenesis-parent-3.3.pom (19 kB at 171 kB/s)
2026.04.04 22:14:22 INFO  Downloading from central: https://repo.maven.apache.org/maven2/org/mockito/mockito-junit-jupiter/5.20.0/mockito-junit-jupiter-5.20.0.pom
2026.04.04 22:14:22 INFO  Progress (1): 1.6 kB
2026.04.04 22:14:22 INFO  Progress (1): 2.3 kB
2026.04.04 22:14:22 INFO                      
2026.04.04 22:14:22 INFO  Downloaded from central: https://repo.maven.apache.org/maven2/org/mockito/mockito-junit-jupiter/5.20.0/mockito-junit-jupiter-5.20.0.pom (2.3 kB at 30 kB/s)
2026.04.04 22:14:22 INFO  Downloading from central: https://repo.maven.apache.org/maven2/org/skyscreamer/jsonassert/1.5.3/jsonassert-1.5.3.pom
2026.04.04 22:14:22 INFO  Progress (1): 1.0 kB
2026.04.04 22:14:22 INFO  Progress (1): 3.5 kB
2026.04.04 22:14:22 INFO  Progress (1): 7.0 kB
2026.04.04 22:14:22 INFO                      
2026.04.04 22:14:22 INFO  Downloaded from central: https://repo.maven.apache.org/maven2/org/skyscreamer/jsonassert/1.5.3/jsonassert-1.5.3.pom (7.0 kB at 41 kB/s)
2026.04.04 22:14:22 INFO  Downloading from central: https://repo.maven.apache.org/maven2/com/vaadin/external/google/android-json/0.0.20131108.vaadin1/android-json-0.0.20131108.vaadin1.pom
2026.04.04 22:14:23 INFO  Progress (1): 1.1 kB
2026.04.04 22:14:23 INFO  Progress (1): 2.8 kB
2026.04.04 22:14:23 INFO                      
2026.04.04 22:14:23 INFO  Downloaded from central: https://repo.maven.apache.org/maven2/com/vaadin/external/google/android-json/0.0.20131108.vaadin1/android-json-0.0.20131108.vaadin1.pom (2.8 kB at 12 kB/s)
2026.04.04 22:14:23 INFO  Downloading from central: https://repo.maven.apache.org/maven2/org/xmlunit/xmlunit-core/2.10.4/xmlunit-core-2.10.4.pom
2026.04.04 22:14:23 INFO  Progress (1): 843 B
2026.04.04 22:14:23 INFO  Progress (1): 2.8 kB
2026.04.04 22:14:23 INFO                      
2026.04.04 22:14:23 INFO  Downloaded from central: https://repo.maven.apache.org/maven2/org/xmlunit/xmlunit-core/2.10.4/xmlunit-core-2.10.4.pom (2.8 kB at 31 kB/s)
2026.04.04 22:14:23 INFO  Downloading from central: https://repo.maven.apache.org/maven2/org/xmlunit/xmlunit-parent/2.10.4/xmlunit-parent-2.10.4.pom
2026.04.04 22:14:23 INFO  Progress (1): 783 B
2026.04.04 22:14:23 INFO  Progress (1): 2.3 kB
2026.04.04 22:14:23 INFO  Progress (1): 4.3 kB
2026.04.04 22:14:23 INFO  Progress (1): 8.0 kB
2026.04.04 22:14:23 INFO  Progress (1): 10 kB 
2026.04.04 22:14:23 INFO  Progress (1): 14 kB
2026.04.04 22:14:23 INFO  Progress (1): 16 kB
2026.04.04 22:14:23 INFO  Progress (1): 21 kB
2026.04.04 22:14:23 INFO  Progress (1): 23 kB
2026.04.04 22:14:23 INFO                     
2026.04.04 22:14:23 INFO  Downloaded from central: https://repo.maven.apache.org/maven2/org/xmlunit/xmlunit-parent/2.10.4/xmlunit-parent-2.10.4.pom (23 kB at 141 kB/s)
2026.04.04 22:14:23 INFO  Downloading from central: https://repo.maven.apache.org/maven2/org/springframework/boot/spring-boot-starter-jdbc-test/4.0.5/spring-boot-starter-jdbc-test-4.0.5.pom
2026.04.04 22:14:23 INFO  Progress (1): 977 B
2026.04.04 22:14:23 INFO  Progress (1): 2.5 kB
2026.04.04 22:14:23 INFO                      
2026.04.04 22:14:23 INFO  Downloaded from central: https://repo.maven.apache.org/maven2/org/springframework/boot/spring-boot-starter-jdbc-test/4.0.5/spring-boot-starter-jdbc-test-4.0.5.pom (2.5 kB at 22 kB/s)
2026.04.04 22:14:23 INFO  Downloading from central: https://repo.maven.apache.org/maven2/org/springframework/boot/spring-boot-jdbc-test/4.0.5/spring-boot-jdbc-test-4.0.5.pom
2026.04.04 22:14:23 INFO  Progress (1): 1.0 kB
2026.04.04 22:14:23 INFO  Progress (1): 2.3 kB
2026.04.04 22:14:23 INFO                      
2026.04.04 22:14:23 INFO  Downloaded from central: https://repo.maven.apache.org/maven2/org/springframework/boot/spring-boot-jdbc-test/4.0.5/spring-boot-jdbc-test-4.0.5.pom (2.3 kB at 24 kB/s)
2026.04.04 22:14:23 INFO  Downloading from central: https://repo.maven.apache.org/maven2/org/springframework/boot/spring-boot-data-jpa-test/4.0.5/spring-boot-data-jpa-test-4.0.5.pom
2026.04.04 22:14:23 INFO  Progress (1): 1.0 kB
2026.04.04 22:14:23 INFO  Progress (1): 2.5 kB
2026.04.04 22:14:23 INFO                      
2026.04.04 22:14:23 INFO  Downloaded from central: https://repo.maven.apache.org/maven2/org/springframework/boot/spring-boot-data-jpa-test/4.0.5/spring-boot-data-jpa-test-4.0.5.pom (2.5 kB at 19 kB/s)
2026.04.04 22:14:23 INFO  Downloading from central: https://repo.maven.apache.org/maven2/org/springframework/boot/spring-boot-jpa-test/4.0.5/spring-boot-jpa-test-4.0.5.pom
2026.04.04 22:14:23 INFO  Progress (1): 1.0 kB
2026.04.04 22:14:23 INFO  Progress (1): 2.5 kB
2026.04.04 22:14:23 INFO                      
2026.04.04 22:14:23 INFO  Downloaded from central: https://repo.maven.apache.org/maven2/org/springframework/boot/spring-boot-jpa-test/4.0.5/spring-boot-jpa-test-4.0.5.pom (2.5 kB at 13 kB/s)
2026.04.04 22:14:23 INFO  Downloading from central: https://repo.maven.apache.org/maven2/org/springframework/boot/spring-boot-starter-webmvc-test/4.0.5/spring-boot-starter-webmvc-test-4.0.5.pom
2026.04.04 22:14:24 INFO  Progress (1): 983 B
2026.04.04 22:14:24 INFO  Progress (1): 2.9 kB
2026.04.04 22:14:24 INFO                      
2026.04.04 22:14:24 INFO  Downloaded from central: https://repo.maven.apache.org/maven2/org/springframework/boot/spring-boot-starter-webmvc-test/4.0.5/spring-boot-starter-webmvc-test-4.0.5.pom (2.9 kB at 12 kB/s)
2026.04.04 22:14:24 INFO  Downloading from central: https://repo.maven.apache.org/maven2/org/springframework/boot/spring-boot-starter-jackson-test/4.0.5/spring-boot-starter-jackson-test-4.0.5.pom
2026.04.04 22:14:24 INFO  Progress (1): 1.0 kB
2026.04.04 22:14:24 INFO  Progress (1): 2.3 kB
2026.04.04 22:14:24 INFO                      
2026.04.04 22:14:24 INFO  Downloaded from central: https://repo.maven.apache.org/maven2/org/springframework/boot/spring-boot-starter-jackson-test/4.0.5/spring-boot-starter-jackson-test-4.0.5.pom (2.3 kB at 4.4 kB/s)
2026.04.04 22:14:24 INFO  Downloading from central: https://repo.maven.apache.org/maven2/org/springframework/boot/spring-boot-webmvc-test/4.0.5/spring-boot-webmvc-test-4.0.5.pom
2026.04.04 22:14:24 INFO  Progress (1): 1.0 kB
2026.04.04 22:14:24 INFO  Progress (1): 2.7 kB
2026.04.04 22:14:24 INFO                      
2026.04.04 22:14:24 INFO  Downloaded from central: https://repo.maven.apache.org/maven2/org/springframework/boot/spring-boot-webmvc-test/4.0.5/spring-boot-webmvc-test-4.0.5.pom (2.7 kB at 21 kB/s)
2026.04.04 22:14:24 INFO  Downloading from central: https://repo.maven.apache.org/maven2/org/springframework/boot/spring-boot-resttestclient/4.0.5/spring-boot-resttestclient-4.0.5.pom
2026.04.04 22:14:24 INFO  Progress (1): 1.0 kB
2026.04.04 22:14:24 INFO  Progress (1): 2.4 kB
2026.04.04 22:14:24 INFO                      
2026.04.04 22:14:24 INFO  Downloaded from central: https://repo.maven.apache.org/maven2/org/springframework/boot/spring-boot-resttestclient/4.0.5/spring-boot-resttestclient-4.0.5.pom (2.4 kB at 26 kB/s)
2026.04.04 22:14:24 INFO  [INFO] 
2026.04.04 22:14:24 INFO  [INFO] --- bloop:2.0.3:bloopInstall (default-cli) @ demo ---
2026.04.04 22:14:24 INFO  Downloading from central: https://repo.maven.apache.org/maven2/org/scala-lang/scala-library/2.13.8/scala-library-2.13.8.pom
2026.04.04 22:14:24 INFO  Progress (1): 1.2 kB
2026.04.04 22:14:24 INFO  Progress (1): 1.6 kB
2026.04.04 22:14:26 INFO                      
2026.04.04 22:14:26 INFO  Downloaded from central: https://repo.maven.apache.org/maven2/org/scala-lang/scala-library/2.13.8/scala-library-2.13.8.pom (1.6 kB at 11 kB/s)
2026.04.04 22:14:26 INFO  Downloading from central: https://repo.maven.apache.org/maven2/ch/epfl/scala/bloop-config_2.13/2.3.3/bloop-config_2.13-2.3.3.pom
2026.04.04 22:14:26 INFO  Progress (1): 1.4 kB
2026.04.04 22:14:26 INFO  Progress (1): 2.3 kB
2026.04.04 22:14:26 INFO                      
2026.04.04 22:14:26 INFO  Downloaded from central: https://repo.maven.apache.org/maven2/ch/epfl/scala/bloop-config_2.13/2.3.3/bloop-config_2.13-2.3.3.pom (2.3 kB at 26 kB/s)
2026.04.04 22:14:26 INFO  Downloading from central: https://repo.maven.apache.org/maven2/com/github/plokhotnyuk/jsoniter-scala/jsoniter-scala-core_2.13/2.13.5.2/jsoniter-scala-core_2.13-2.13.5.2.pom
2026.04.04 22:14:26 INFO  Progress (1): 1.4 kB
2026.04.04 22:14:26 INFO  Progress (1): 2.4 kB
2026.04.04 22:14:26 INFO                      
2026.04.04 22:14:26 INFO  Downloaded from central: https://repo.maven.apache.org/maven2/com/github/plokhotnyuk/jsoniter-scala/jsoniter-scala-core_2.13/2.13.5.2/jsoniter-scala-core_2.13-2.13.5.2.pom (2.4 kB at 23 kB/s)
2026.04.04 22:14:26 INFO  Downloading from central: https://repo.maven.apache.org/maven2/com/lihaoyi/unroll-annotation_2.13/0.1.12/unroll-annotation_2.13-0.1.12.pom
2026.04.04 22:14:26 INFO  Progress (1): 1.3 kB
2026.04.04 22:14:26 INFO  Progress (1): 1.5 kB
2026.04.04 22:14:26 INFO                      
2026.04.04 22:14:26 INFO  Downloaded from central: https://repo.maven.apache.org/maven2/com/lihaoyi/unroll-annotation_2.13/0.1.12/unroll-annotation_2.13-0.1.12.pom (1.5 kB at 16 kB/s)
2026.04.04 22:14:26 INFO  Downloading from central: https://repo.maven.apache.org/maven2/org/scala-lang/scala-library/2.13.12/scala-library-2.13.12.pom
2026.04.04 22:14:26 INFO  Progress (1): 1.2 kB
2026.04.04 22:14:26 INFO  Progress (1): 1.6 kB
2026.04.04 22:14:26 INFO                      
2026.04.04 22:14:26 INFO  Downloaded from central: https://repo.maven.apache.org/maven2/org/scala-lang/scala-library/2.13.12/scala-library-2.13.12.pom (1.6 kB at 25 kB/s)
2026.04.04 22:14:26 INFO  Downloading from central: https://repo.maven.apache.org/maven2/org/scala-lang/scala-library/2.13.16/scala-library-2.13.16.pom
2026.04.04 22:14:26 INFO  Progress (1): 1.1 kB
2026.04.04 22:14:26 INFO  Progress (1): 1.6 kB
2026.04.04 22:14:26 INFO                      
2026.04.04 22:14:26 INFO  Downloaded from central: https://repo.maven.apache.org/maven2/org/scala-lang/scala-library/2.13.16/scala-library-2.13.16.pom (1.6 kB at 11 kB/s)
2026.04.04 22:14:26 INFO  Downloading from central: https://repo.maven.apache.org/maven2/net/alchim31/maven/scala-maven-plugin/4.8.0/scala-maven-plugin-4.8.0.pom
2026.04.04 22:14:26 INFO  Progress (1): 995 B
2026.04.04 22:14:26 INFO  Progress (1): 3.5 kB
2026.04.04 22:14:26 INFO  Progress (1): 5.9 kB
2026.04.04 22:14:26 INFO  Progress (1): 11 kB 
2026.04.04 22:14:26 INFO  Progress (1): 14 kB
2026.04.04 22:14:26 INFO  Progress (1): 17 kB
2026.04.04 22:14:26 INFO  Progress (1): 21 kB
2026.04.04 22:14:26 INFO  Progress (1): 26 kB
2026.04.04 22:14:26 INFO  Progress (1): 26 kB
2026.04.04 22:14:26 INFO                     
2026.04.04 22:14:26 INFO  Downloaded from central: https://repo.maven.apache.org/maven2/net/alchim31/maven/scala-maven-plugin/4.8.0/scala-maven-plugin-4.8.0.pom (26 kB at 203 kB/s)
2026.04.04 22:14:26 INFO  Downloading from central: https://repo.maven.apache.org/maven2/org/apache/maven/shared/maven-dependency-tree/3.2.1/maven-dependency-tree-3.2.1.pom
2026.04.04 22:14:26 INFO  Progress (1): 786 B
2026.04.04 22:14:26 INFO  Progress (1): 2.2 kB
2026.04.04 22:14:26 INFO  Progress (1): 4.4 kB
2026.04.04 22:14:26 INFO  Progress (1): 6.2 kB
2026.04.04 22:14:26 INFO                      
2026.04.04 22:14:26 INFO  Downloaded from central: https://repo.maven.apache.org/maven2/org/apache/maven/shared/maven-dependency-tree/3.2.1/maven-dependency-tree-3.2.1.pom (6.2 kB at 40 kB/s)
2026.04.04 22:14:26 INFO  Downloading from central: https://repo.maven.apache.org/maven2/org/apache/maven/shared/maven-shared-components/37/maven-shared-components-37.pom
2026.04.04 22:14:26 INFO  Progress (1): 781 B
2026.04.04 22:14:26 INFO  Progress (1): 2.3 kB
2026.04.04 22:14:26 INFO  Progress (1): 4.5 kB
2026.04.04 22:14:26 INFO  Progress (1): 4.9 kB
2026.04.04 22:14:26 INFO                      
2026.04.04 22:14:26 INFO  Downloaded from central: https://repo.maven.apache.org/maven2/org/apache/maven/shared/maven-shared-components/37/maven-shared-components-37.pom (4.9 kB at 64 kB/s)
2026.04.04 22:14:26 INFO  Downloading from central: https://repo.maven.apache.org/maven2/org/apache/maven/maven-parent/37/maven-parent-37.pom
2026.04.04 22:14:27 INFO  Progress (1): 721 B
2026.04.04 22:14:27 INFO  Progress (1): 1.9 kB
2026.04.04 22:14:27 INFO  Progress (1): 5.4 kB
2026.04.04 22:14:27 INFO  Progress (1): 9.5 kB
2026.04.04 22:14:27 INFO  Progress (1): 14 kB 
2026.04.04 22:14:27 INFO  Progress (1): 19 kB
2026.04.04 22:14:27 INFO  Progress (1): 23 kB
2026.04.04 22:14:27 INFO  Progress (1): 26 kB
2026.04.04 22:14:27 INFO  Progress (1): 28 kB
2026.04.04 22:14:27 INFO  Progress (1): 30 kB
2026.04.04 22:14:27 INFO  Progress (1): 34 kB
2026.04.04 22:14:27 INFO  Progress (1): 37 kB
2026.04.04 22:14:27 INFO  Progress (1): 40 kB
2026.04.04 22:14:27 INFO  Progress (1): 45 kB
2026.04.04 22:14:27 INFO  Progress (1): 46 kB
2026.04.04 22:14:27 INFO                     
2026.04.04 22:14:27 INFO  Downloaded from central: https://repo.maven.apache.org/maven2/org/apache/maven/maven-parent/37/maven-parent-37.pom (46 kB at 443 kB/s)
2026.04.04 22:14:27 INFO  Downloading from central: https://repo.maven.apache.org/maven2/org/apache/apache/27/apache-27.pom
2026.04.04 22:14:27 INFO  Progress (1): 745 B
2026.04.04 22:14:27 INFO  Progress (1): 2.1 kB
2026.04.04 22:14:27 INFO  Progress (1): 3.9 kB
2026.04.04 22:14:27 INFO  Progress (1): 7.3 kB
2026.04.04 22:14:27 INFO  Progress (1): 12 kB 
2026.04.04 22:14:27 INFO  Progress (1): 16 kB
2026.04.04 22:14:27 INFO  Progress (1): 19 kB
2026.04.04 22:14:27 INFO  Progress (1): 20 kB
2026.04.04 22:14:27 INFO                     
2026.04.04 22:14:27 INFO  Downloaded from central: https://repo.maven.apache.org/maven2/org/apache/apache/27/apache-27.pom (20 kB at 208 kB/s)
2026.04.04 22:14:27 INFO  Downloading from central: https://repo.maven.apache.org/maven2/org/eclipse/aether/aether-util/1.0.0.v20140518/aether-util-1.0.0.v20140518.pom
2026.04.04 22:14:27 INFO  Progress (1): 937 B
2026.04.04 22:14:27 INFO  Progress (1): 2.2 kB
2026.04.04 22:14:27 INFO                      
2026.04.04 22:14:27 INFO  Downloaded from central: https://repo.maven.apache.org/maven2/org/eclipse/aether/aether-util/1.0.0.v20140518/aether-util-1.0.0.v20140518.pom (2.2 kB at 14 kB/s)
2026.04.04 22:14:27 INFO  Downloading from central: https://repo.maven.apache.org/maven2/org/eclipse/aether/aether/1.0.0.v20140518/aether-1.0.0.v20140518.pom
2026.04.04 22:14:27 INFO  Progress (1): 798 B
2026.04.04 22:14:27 INFO  Progress (1): 3.2 kB
2026.04.04 22:14:27 INFO  Progress (1): 5.1 kB
2026.04.04 22:14:27 INFO  Progress (1): 9.1 kB
2026.04.04 22:14:27 INFO  Progress (1): 12 kB 
2026.04.04 22:14:27 INFO  Progress (1): 17 kB
2026.04.04 22:14:27 INFO  Progress (1): 20 kB
2026.04.04 22:14:27 INFO  Progress (1): 23 kB
2026.04.04 22:14:27 INFO  Progress (1): 28 kB
2026.04.04 22:14:27 INFO  Progress (1): 30 kB
2026.04.04 22:14:27 INFO                     
2026.04.04 22:14:27 INFO  Downloaded from central: https://repo.maven.apache.org/maven2/org/eclipse/aether/aether/1.0.0.v20140518/aether-1.0.0.v20140518.pom (30 kB at 249 kB/s)
2026.04.04 22:14:27 INFO  Downloading from central: https://repo.maven.apache.org/maven2/org/eclipse/aether/aether-api/1.0.0.v20140518/aether-api-1.0.0.v20140518.pom
2026.04.04 22:14:27 INFO  Progress (1): 938 B
2026.04.04 22:14:27 INFO  Progress (1): 1.9 kB
2026.04.04 22:14:27 INFO                      
2026.04.04 22:14:27 INFO  Downloaded from central: https://repo.maven.apache.org/maven2/org/eclipse/aether/aether-api/1.0.0.v20140518/aether-api-1.0.0.v20140518.pom (1.9 kB at 12 kB/s)
2026.04.04 22:14:27 INFO  Downloading from central: https://repo.maven.apache.org/maven2/org/slf4j/slf4j-api/1.7.36/slf4j-api-1.7.36.pom
2026.04.04 22:14:27 INFO  Progress (1): 1.0 kB
2026.04.04 22:14:27 INFO  Progress (1): 2.7 kB
2026.04.04 22:14:27 INFO                      
2026.04.04 22:14:27 INFO  Downloaded from central: https://repo.maven.apache.org/maven2/org/slf4j/slf4j-api/1.7.36/slf4j-api-1.7.36.pom (2.7 kB at 29 kB/s)
2026.04.04 22:14:27 INFO  Downloading from central: https://repo.maven.apache.org/maven2/org/slf4j/slf4j-parent/1.7.36/slf4j-parent-1.7.36.pom
2026.04.04 22:14:27 INFO  Progress (1): 1.0 kB
2026.04.04 22:14:27 INFO  Progress (1): 3.0 kB
2026.04.04 22:14:27 INFO  Progress (1): 5.9 kB
2026.04.04 22:14:27 INFO  Progress (1): 8.7 kB
2026.04.04 22:14:27 INFO  Progress (1): 12 kB 
2026.04.04 22:14:27 INFO  Progress (1): 14 kB
2026.04.04 22:14:27 INFO                     
2026.04.04 22:14:27 INFO  Downloaded from central: https://repo.maven.apache.org/maven2/org/slf4j/slf4j-parent/1.7.36/slf4j-parent-1.7.36.pom (14 kB at 129 kB/s)
2026.04.04 22:14:27 INFO  Downloading from central: https://repo.maven.apache.org/maven2/org/apache/maven/reporting/maven-reporting-api/3.1.1/maven-reporting-api-3.1.1.pom
2026.04.04 22:14:28 INFO  Progress (1): 778 B
2026.04.04 22:14:28 INFO  Progress (1): 2.2 kB
2026.04.04 22:14:28 INFO  Progress (1): 3.8 kB
2026.04.04 22:14:28 INFO                      
2026.04.04 22:14:28 INFO  Downloaded from central: https://repo.maven.apache.org/maven2/org/apache/maven/reporting/maven-reporting-api/3.1.1/maven-reporting-api-3.1.1.pom (3.8 kB at 7.2 kB/s)
2026.04.04 22:14:28 INFO  Downloading from central: https://repo.maven.apache.org/maven2/org/apache/maven/shared/maven-shared-components/34/maven-shared-components-34.pom
2026.04.04 22:14:28 INFO  Progress (1): 781 B
2026.04.04 22:14:28 INFO  Progress (1): 2.3 kB
2026.04.04 22:14:28 INFO  Progress (1): 4.6 kB
2026.04.04 22:14:28 INFO  Progress (1): 5.1 kB
2026.04.04 22:14:28 INFO                      
2026.04.04 22:14:28 INFO  Downloaded from central: https://repo.maven.apache.org/maven2/org/apache/maven/shared/maven-shared-components/34/maven-shared-components-34.pom (5.1 kB at 35 kB/s)
2026.04.04 22:14:28 INFO  Downloading from central: https://repo.maven.apache.org/maven2/org/apache/maven/maven-parent/34/maven-parent-34.pom
2026.04.04 22:14:28 INFO  Progress (1): 727 B
2026.04.04 22:14:28 INFO  Progress (1): 1.9 kB
2026.04.04 22:14:28 INFO  Progress (1): 5.4 kB
2026.04.04 22:14:28 INFO  Progress (1): 9.8 kB
2026.04.04 22:14:28 INFO  Progress (1): 14 kB 
2026.04.04 22:14:28 INFO  Progress (1): 19 kB
2026.04.04 22:14:28 INFO  Progress (1): 23 kB
2026.04.04 22:14:28 INFO  Progress (1): 26 kB
2026.04.04 22:14:28 INFO  Progress (1): 27 kB
2026.04.04 22:14:28 INFO  Progress (1): 30 kB
2026.04.04 22:14:28 INFO  Progress (1): 34 kB
2026.04.04 22:14:28 INFO  Progress (1): 37 kB
2026.04.04 22:14:28 INFO  Progress (1): 41 kB
2026.04.04 22:14:28 INFO  Progress (1): 43 kB
2026.04.04 22:14:28 INFO                     
2026.04.04 22:14:28 INFO  Downloaded from central: https://repo.maven.apache.org/maven2/org/apache/maven/maven-parent/34/maven-parent-34.pom (43 kB at 320 kB/s)
2026.04.04 22:14:28 INFO  Downloading from central: https://repo.maven.apache.org/maven2/org/apache/apache/23/apache-23.pom
2026.04.04 22:14:28 INFO  Progress (1): 749 B
2026.04.04 22:14:28 INFO  Progress (1): 2.1 kB
2026.04.04 22:14:28 INFO  Progress (1): 3.9 kB
2026.04.04 22:14:28 INFO  Progress (1): 7.9 kB
2026.04.04 22:14:28 INFO  Progress (1): 13 kB 
2026.04.04 22:14:28 INFO  Progress (1): 16 kB
2026.04.04 22:14:28 INFO  Progress (1): 18 kB
2026.04.04 22:14:28 INFO                     
2026.04.04 22:14:28 INFO  Downloaded from central: https://repo.maven.apache.org/maven2/org/apache/apache/23/apache-23.pom (18 kB at 96 kB/s)
2026.04.04 22:14:28 INFO  Downloading from central: https://repo.maven.apache.org/maven2/org/apache/maven/doxia/doxia-sink-api/1.11.1/doxia-sink-api-1.11.1.pom
2026.04.04 22:14:28 INFO  Progress (1): 835 B
2026.04.04 22:14:28 INFO  Progress (1): 1.6 kB
2026.04.04 22:14:28 INFO                      
2026.04.04 22:14:28 INFO  Downloaded from central: https://repo.maven.apache.org/maven2/org/apache/maven/doxia/doxia-sink-api/1.11.1/doxia-sink-api-1.11.1.pom (1.6 kB at 24 kB/s)
2026.04.04 22:14:28 INFO  Downloading from central: https://repo.maven.apache.org/maven2/org/apache/maven/doxia/doxia/1.11.1/doxia-1.11.1.pom
2026.04.04 22:14:28 INFO  Progress (1): 755 B
2026.04.04 22:14:28 INFO  Progress (1): 2.2 kB
2026.04.04 22:14:28 INFO  Progress (1): 3.7 kB
2026.04.04 22:14:28 INFO  Progress (1): 8.9 kB
2026.04.04 22:14:28 INFO  Progress (1): 12 kB 
2026.04.04 22:14:28 INFO  Progress (1): 16 kB
2026.04.04 22:14:28 INFO  Progress (1): 18 kB
2026.04.04 22:14:28 INFO                     
2026.04.04 22:14:28 INFO  Downloaded from central: https://repo.maven.apache.org/maven2/org/apache/maven/doxia/doxia/1.11.1/doxia-1.11.1.pom (18 kB at 164 kB/s)
2026.04.04 22:14:28 INFO  Downloading from central: https://repo.maven.apache.org/maven2/org/apache/maven/doxia/doxia-logging-api/1.11.1/doxia-logging-api-1.11.1.pom
2026.04.04 22:14:28 INFO  Progress (1): 832 B
2026.04.04 22:14:28 INFO  Progress (1): 1.6 kB
2026.04.04 22:14:28 INFO                      
2026.04.04 22:14:28 INFO  Downloaded from central: https://repo.maven.apache.org/maven2/org/apache/maven/doxia/doxia-logging-api/1.11.1/doxia-logging-api-1.11.1.pom (1.6 kB at 8.9 kB/s)
2026.04.04 22:14:28 INFO  Downloading from central: https://repo.maven.apache.org/maven2/org/apache/maven/maven-archiver/3.6.0/maven-archiver-3.6.0.pom
2026.04.04 22:14:29 INFO  Progress (1): 796 B
2026.04.04 22:14:29 INFO  Progress (1): 2.2 kB
2026.04.04 22:14:29 INFO  Progress (1): 3.9 kB
2026.04.04 22:14:29 INFO                      
2026.04.04 22:14:29 INFO  Downloaded from central: https://repo.maven.apache.org/maven2/org/apache/maven/maven-archiver/3.6.0/maven-archiver-3.6.0.pom (3.9 kB at 51 kB/s)
2026.04.04 22:14:29 INFO  Downloading from central: https://repo.maven.apache.org/maven2/org/apache/maven/shared/maven-shared-components/36/maven-shared-components-36.pom
2026.04.04 22:14:29 INFO  Progress (1): 781 B
2026.04.04 22:14:29 INFO  Progress (1): 2.3 kB
2026.04.04 22:14:29 INFO  Progress (1): 4.5 kB
2026.04.04 22:14:29 INFO  Progress (1): 4.9 kB
2026.04.04 22:14:29 INFO                      
2026.04.04 22:14:29 INFO  Downloaded from central: https://repo.maven.apache.org/maven2/org/apache/maven/shared/maven-shared-components/36/maven-shared-components-36.pom (4.9 kB at 50 kB/s)
2026.04.04 22:14:29 INFO  Downloading from central: https://repo.maven.apache.org/maven2/org/apache/maven/maven-parent/36/maven-parent-36.pom
2026.04.04 22:14:29 INFO  Progress (1): 725 B
2026.04.04 22:14:29 INFO  Progress (1): 1.9 kB
2026.04.04 22:14:29 INFO  Progress (1): 5.4 kB
2026.04.04 22:14:29 INFO  Progress (1): 9.7 kB
2026.04.04 22:14:29 INFO  Progress (1): 14 kB 
2026.04.04 22:14:29 INFO  Progress (1): 19 kB
2026.04.04 22:14:29 INFO  Progress (1): 23 kB
2026.04.04 22:14:29 INFO  Progress (1): 26 kB
2026.04.04 22:14:29 INFO  Progress (1): 28 kB
2026.04.04 22:14:29 INFO  Progress (1): 30 kB
2026.04.04 22:14:29 INFO  Progress (1): 34 kB
2026.04.04 22:14:29 INFO  Progress (1): 37 kB
2026.04.04 22:14:29 INFO  Progress (1): 40 kB
2026.04.04 22:14:29 INFO  Progress (1): 45 kB
2026.04.04 22:14:29 INFO  Progress (1): 45 kB
2026.04.04 22:14:29 INFO                     
2026.04.04 22:14:29 INFO  Downloaded from central: https://repo.maven.apache.org/maven2/org/apache/maven/maven-parent/36/maven-parent-36.pom (45 kB at 429 kB/s)
2026.04.04 22:14:29 INFO  Downloading from central: https://repo.maven.apache.org/maven2/org/apache/apache/26/apache-26.pom
2026.04.04 22:14:29 INFO  Progress (1): 744 B
2026.04.04 22:14:29 INFO  Progress (1): 2.1 kB
2026.04.04 22:14:29 INFO  Progress (1): 3.9 kB
2026.04.04 22:14:29 INFO  Progress (1): 7.3 kB
2026.04.04 22:14:29 INFO  Progress (1): 12 kB 
2026.04.04 22:14:29 INFO  Progress (1): 16 kB
2026.04.04 22:14:29 INFO  Progress (1): 19 kB
2026.04.04 22:14:29 INFO  Progress (1): 21 kB
2026.04.04 22:14:29 INFO                     
2026.04.04 22:14:29 INFO  Downloaded from central: https://repo.maven.apache.org/maven2/org/apache/apache/26/apache-26.pom (21 kB at 274 kB/s)
2026.04.04 22:14:29 INFO  Downloading from central: https://repo.maven.apache.org/maven2/org/codehaus/plexus/plexus-io/3.4.0/plexus-io-3.4.0.pom
2026.04.04 22:14:29 INFO  Progress (1): 1.2 kB
2026.04.04 22:14:29 INFO  Progress (1): 3.8 kB
2026.04.04 22:14:29 INFO  Progress (1): 6.0 kB
2026.04.04 22:14:29 INFO                      
2026.04.04 22:14:29 INFO  Downloaded from central: https://repo.maven.apache.org/maven2/org/codehaus/plexus/plexus-io/3.4.0/plexus-io-3.4.0.pom (6.0 kB at 87 kB/s)
2026.04.04 22:14:29 INFO  Downloading from central: https://repo.maven.apache.org/maven2/org/codehaus/plexus/plexus/10/plexus-10.pom
2026.04.04 22:14:29 INFO  Progress (1): 696 B
2026.04.04 22:14:29 INFO  Progress (1): 2.7 kB
2026.04.04 22:14:29 INFO  Progress (1): 6.4 kB
2026.04.04 22:14:29 INFO  Progress (1): 9.2 kB
2026.04.04 22:14:29 INFO  Progress (1): 11 kB 
2026.04.04 22:14:29 INFO  Progress (1): 16 kB
2026.04.04 22:14:29 INFO  Progress (1): 20 kB
2026.04.04 22:14:29 INFO  Progress (1): 24 kB
2026.04.04 22:14:29 INFO  Progress (1): 25 kB
2026.04.04 22:14:29 INFO                     
2026.04.04 22:14:29 INFO  Downloaded from central: https://repo.maven.apache.org/maven2/org/codehaus/plexus/plexus/10/plexus-10.pom (25 kB at 200 kB/s)
2026.04.04 22:14:29 INFO  Downloading from central: https://repo.maven.apache.org/maven2/javax/inject/javax.inject/1/javax.inject-1.pom
2026.04.04 22:14:29 INFO  Progress (1): 612 B
2026.04.04 22:14:29 INFO                     
2026.04.04 22:14:29 INFO  Downloaded from central: https://repo.maven.apache.org/maven2/javax/inject/javax.inject/1/javax.inject-1.pom (612 B at 8.4 kB/s)
2026.04.04 22:14:29 INFO  Downloading from central: https://repo.maven.apache.org/maven2/org/codehaus/plexus/plexus-utils/3.4.2/plexus-utils-3.4.2.pom
2026.04.04 22:14:29 INFO  Progress (1): 729 B
2026.04.04 22:14:29 INFO  Progress (1): 2.3 kB
2026.04.04 22:14:29 INFO  Progress (1): 4.7 kB
2026.04.04 22:14:29 INFO  Progress (1): 8.2 kB
2026.04.04 22:14:29 INFO                      
2026.04.04 22:14:29 INFO  Downloaded from central: https://repo.maven.apache.org/maven2/org/codehaus/plexus/plexus-utils/3.4.2/plexus-utils-3.4.2.pom (8.2 kB at 41 kB/s)
2026.04.04 22:14:29 INFO  Downloading from central: https://repo.maven.apache.org/maven2/org/codehaus/plexus/plexus/8/plexus-8.pom
2026.04.04 22:14:29 INFO  Progress (1): 696 B
2026.04.04 22:14:29 INFO  Progress (1): 2.7 kB
2026.04.04 22:14:29 INFO  Progress (1): 6.4 kB
2026.04.04 22:14:29 INFO  Progress (1): 9.2 kB
2026.04.04 22:14:29 INFO  Progress (1): 11 kB 
2026.04.04 22:14:29 INFO  Progress (1): 15 kB
2026.04.04 22:14:29 INFO  Progress (1): 20 kB
2026.04.04 22:14:29 INFO  Progress (1): 24 kB
2026.04.04 22:14:29 INFO  Progress (1): 25 kB
2026.04.04 22:14:30 INFO                     
2026.04.04 22:14:30 INFO  Downloaded from central: https://repo.maven.apache.org/maven2/org/codehaus/plexus/plexus/8/plexus-8.pom (25 kB at 199 kB/s)
2026.04.04 22:14:30 INFO  Downloading from central: https://repo.maven.apache.org/maven2/commons-io/commons-io/2.11.0/commons-io-2.11.0.pom
2026.04.04 22:14:30 INFO  Progress (1): 764 B
2026.04.04 22:14:30 INFO  Progress (1): 2.1 kB
2026.04.04 22:14:30 INFO  Progress (1): 5.2 kB
2026.04.04 22:14:30 INFO  Progress (1): 7.8 kB
2026.04.04 22:14:30 INFO  Progress (1): 10 kB 
2026.04.04 22:14:30 INFO  Progress (1): 12 kB
2026.04.04 22:14:30 INFO  Progress (1): 15 kB
2026.04.04 22:14:30 INFO  Progress (1): 18 kB
2026.04.04 22:14:30 INFO  Progress (1): 20 kB
2026.04.04 22:14:30 INFO                     
2026.04.04 22:14:30 INFO  Downloaded from central: https://repo.maven.apache.org/maven2/commons-io/commons-io/2.11.0/commons-io-2.11.0.pom (20 kB at 132 kB/s)
2026.04.04 22:14:30 INFO  Downloading from central: https://repo.maven.apache.org/maven2/org/apache/commons/commons-parent/52/commons-parent-52.pom
2026.04.04 22:14:30 INFO  Progress (1): 703 B
2026.04.04 22:14:30 INFO  Progress (1): 1.8 kB
2026.04.04 22:14:30 INFO  Progress (1): 3.1 kB
2026.04.04 22:14:30 INFO  Progress (1): 4.6 kB
2026.04.04 22:14:30 INFO  Progress (1): 6.7 kB
2026.04.04 22:14:30 INFO  Progress (1): 8.1 kB
2026.04.04 22:14:30 INFO  Progress (1): 10 kB 
2026.04.04 22:14:30 INFO  Progress (1): 12 kB
2026.04.04 22:14:30 INFO  Progress (1): 15 kB
2026.04.04 22:14:30 INFO  Progress (1): 17 kB
2026.04.04 22:14:30 INFO  Progress (1): 20 kB
2026.04.04 22:14:30 INFO  Progress (1): 22 kB
2026.04.04 22:14:30 INFO  Progress (1): 25 kB
2026.04.04 22:14:30 INFO  Progress (1): 29 kB
2026.04.04 22:14:30 INFO  Progress (1): 32 kB
2026.04.04 22:14:30 INFO  Progress (1): 32 kB
2026.04.04 22:14:30 INFO  Progress (1): 36 kB
2026.04.04 22:14:30 INFO  Progress (1): 39 kB
2026.04.04 22:14:30 INFO  Progress (1): 42 kB
2026.04.04 22:14:30 INFO  Progress (1): 44 kB
2026.04.04 22:14:30 INFO  Progress (1): 47 kB
2026.04.04 22:14:30 INFO  Progress (1): 51 kB
2026.04.04 22:14:30 INFO  Progress (1): 54 kB
2026.04.04 22:14:30 INFO  Progress (1): 56 kB
2026.04.04 22:14:30 INFO  Progress (1): 61 kB
2026.04.04 22:14:30 INFO  Progress (1): 65 kB
2026.04.04 22:14:30 INFO  Progress (1): 73 kB
2026.04.04 22:14:30 INFO  Progress (1): 76 kB
2026.04.04 22:14:30 INFO  Progress (1): 79 kB
2026.04.04 22:14:30 INFO                     
2026.04.04 22:14:30 INFO  Downloaded from central: https://repo.maven.apache.org/maven2/org/apache/commons/commons-parent/52/commons-parent-52.pom (79 kB at 226 kB/s)
2026.04.04 22:14:30 INFO  Downloading from central: https://repo.maven.apache.org/maven2/org/junit/junit-bom/5.7.2/junit-bom-5.7.2.pom
2026.04.04 22:14:30 INFO  Progress (1): 912 B
2026.04.04 22:14:30 INFO  Progress (1): 4.1 kB
2026.04.04 22:14:30 INFO  Progress (1): 5.1 kB
2026.04.04 22:14:30 INFO                      
2026.04.04 22:14:30 INFO  Downloaded from central: https://repo.maven.apache.org/maven2/org/junit/junit-bom/5.7.2/junit-bom-5.7.2.pom (5.1 kB at 23 kB/s)
2026.04.04 22:14:30 INFO  Downloading from central: https://repo.maven.apache.org/maven2/org/codehaus/plexus/plexus-archiver/4.4.0/plexus-archiver-4.4.0.pom
2026.04.04 22:14:31 INFO  Progress (1): 1.2 kB
2026.04.04 22:14:31 INFO  Progress (1): 4.0 kB
2026.04.04 22:14:31 INFO  Progress (1): 6.2 kB
2026.04.04 22:14:31 INFO  Progress (1): 6.3 kB
2026.04.04 22:14:31 INFO                      
2026.04.04 22:14:31 INFO  Downloaded from central: https://repo.maven.apache.org/maven2/org/codehaus/plexus/plexus-archiver/4.4.0/plexus-archiver-4.4.0.pom (6.3 kB at 20 kB/s)
2026.04.04 22:14:31 INFO  Downloading from central: https://repo.maven.apache.org/maven2/org/apache/commons/commons-compress/1.21/commons-compress-1.21.pom
2026.04.04 22:14:31 INFO  Progress (1): 753 B
2026.04.04 22:14:31 INFO  Progress (1): 1.9 kB
2026.04.04 22:14:31 INFO  Progress (1): 3.5 kB
2026.04.04 22:14:31 INFO  Progress (1): 6.8 kB
2026.04.04 22:14:31 INFO  Progress (1): 9.1 kB
2026.04.04 22:14:31 INFO  Progress (1): 11 kB 
2026.04.04 22:14:31 INFO  Progress (1): 14 kB
2026.04.04 22:14:31 INFO  Progress (1): 18 kB
2026.04.04 22:14:31 INFO  Progress (1): 20 kB
2026.04.04 22:14:31 INFO                     
2026.04.04 22:14:31 INFO  Downloaded from central: https://repo.maven.apache.org/maven2/org/apache/commons/commons-compress/1.21/commons-compress-1.21.pom (20 kB at 51 kB/s)
2026.04.04 22:14:31 INFO  Downloading from central: https://repo.maven.apache.org/maven2/org/iq80/snappy/snappy/0.4/snappy-0.4.pom
2026.04.04 22:14:31 INFO  Progress (1): 1.2 kB
2026.04.04 22:14:31 INFO  Progress (1): 3.7 kB
2026.04.04 22:14:31 INFO  Progress (1): 8.5 kB
2026.04.04 22:14:31 INFO  Progress (1): 12 kB 
2026.04.04 22:14:31 INFO  Progress (1): 15 kB
2026.04.04 22:14:31 INFO                     
2026.04.04 22:14:31 INFO  Downloaded from central: https://repo.maven.apache.org/maven2/org/iq80/snappy/snappy/0.4/snappy-0.4.pom (15 kB at 128 kB/s)
2026.04.04 22:14:31 INFO  Downloading from central: https://repo.maven.apache.org/maven2/org/tukaani/xz/1.9/xz-1.9.pom
2026.04.04 22:14:31 INFO  Progress (1): 1.1 kB
2026.04.04 22:14:31 INFO  Progress (1): 2.0 kB
2026.04.04 22:14:32 INFO                      
2026.04.04 22:14:32 INFO  Downloaded from central: https://repo.maven.apache.org/maven2/org/tukaani/xz/1.9/xz-1.9.pom (2.0 kB at 18 kB/s)
2026.04.04 22:14:32 INFO  Downloading from central: https://repo.maven.apache.org/maven2/org/codehaus/plexus/plexus-interpolation/1.26/plexus-interpolation-1.26.pom
2026.04.04 22:14:32 INFO  Progress (1): 1.4 kB
2026.04.04 22:14:32 INFO  Progress (1): 2.7 kB
2026.04.04 22:14:32 INFO                      
2026.04.04 22:14:32 INFO  Downloaded from central: https://repo.maven.apache.org/maven2/org/codehaus/plexus/plexus-interpolation/1.26/plexus-interpolation-1.26.pom (2.7 kB at 15 kB/s)
2026.04.04 22:14:32 INFO  Downloading from central: https://repo.maven.apache.org/maven2/org/codehaus/plexus/plexus/5.1/plexus-5.1.pom
2026.04.04 22:14:32 INFO  Progress (1): 700 B
2026.04.04 22:14:32 INFO  Progress (1): 2.7 kB
2026.04.04 22:14:32 INFO  Progress (1): 6.5 kB
2026.04.04 22:14:32 INFO  Progress (1): 9.1 kB
2026.04.04 22:14:32 INFO  Progress (1): 12 kB 
2026.04.04 22:14:32 INFO  Progress (1): 16 kB
2026.04.04 22:14:32 INFO  Progress (1): 21 kB
2026.04.04 22:14:32 INFO  Progress (1): 23 kB
2026.04.04 22:14:32 INFO                     
2026.04.04 22:14:32 INFO  Downloaded from central: https://repo.maven.apache.org/maven2/org/codehaus/plexus/plexus/5.1/plexus-5.1.pom (23 kB at 239 kB/s)
2026.04.04 22:14:32 INFO  Downloading from central: https://repo.maven.apache.org/maven2/org/apache/commons/commons-exec/1.3/commons-exec-1.3.pom
2026.04.04 22:14:32 INFO  Progress (1): 788 B
2026.04.04 22:14:32 INFO  Progress (1): 2.3 kB
2026.04.04 22:14:32 INFO  Progress (1): 5.3 kB
2026.04.04 22:14:32 INFO  Progress (1): 7.8 kB
2026.04.04 22:14:32 INFO  Progress (1): 10 kB 
2026.04.04 22:14:32 INFO  Progress (1): 11 kB
2026.04.04 22:14:32 INFO                     
2026.04.04 22:14:32 INFO  Downloaded from central: https://repo.maven.apache.org/maven2/org/apache/commons/commons-exec/1.3/commons-exec-1.3.pom (11 kB at 44 kB/s)
2026.04.04 22:14:32 INFO  Downloading from central: https://repo.maven.apache.org/maven2/org/apache/commons/commons-parent/35/commons-parent-35.pom
2026.04.04 22:14:32 INFO  Progress (1): 714 B
2026.04.04 22:14:32 INFO  Progress (1): 2.0 kB
2026.04.04 22:14:32 INFO  Progress (1): 3.3 kB
2026.04.04 22:14:32 INFO  Progress (1): 4.8 kB
2026.04.04 22:14:32 INFO  Progress (1): 8.2 kB
2026.04.04 22:14:32 INFO  Progress (1): 11 kB 
2026.04.04 22:14:32 INFO  Progress (1): 15 kB
2026.04.04 22:14:32 INFO  Progress (1): 18 kB
2026.04.04 22:14:32 INFO  Progress (1): 21 kB
2026.04.04 22:14:32 INFO  Progress (1): 24 kB
2026.04.04 22:14:32 INFO  Progress (1): 26 kB
2026.04.04 22:14:32 INFO  Progress (1): 30 kB
2026.04.04 22:14:32 INFO  Progress (1): 32 kB
2026.04.04 22:14:32 INFO  Progress (1): 36 kB
2026.04.04 22:14:32 INFO  Progress (1): 41 kB
2026.04.04 22:14:32 INFO  Progress (1): 42 kB
2026.04.04 22:14:32 INFO  Progress (1): 46 kB
2026.04.04 22:14:32 INFO  Progress (1): 48 kB
2026.04.04 22:14:32 INFO  Progress (1): 51 kB
2026.04.04 22:14:32 INFO  Progress (1): 53 kB
2026.04.04 22:14:32 INFO  Progress (1): 56 kB
2026.04.04 22:14:32 INFO  Progress (1): 57 kB
2026.04.04 22:14:32 INFO  Progress (1): 58 kB
2026.04.04 22:14:32 INFO                     
2026.04.04 22:14:32 INFO  Downloaded from central: https://repo.maven.apache.org/maven2/org/apache/commons/commons-parent/35/commons-parent-35.pom (58 kB at 373 kB/s)
2026.04.04 22:14:32 INFO  Downloading from central: https://repo.maven.apache.org/maven2/org/apache/apache/15/apache-15.pom
2026.04.04 22:14:32 INFO  Progress (1): 754 B
2026.04.04 22:14:32 INFO  Progress (1): 2.1 kB
2026.04.04 22:14:32 INFO  Progress (1): 3.9 kB
2026.04.04 22:14:32 INFO  Progress (1): 7.9 kB
2026.04.04 22:14:32 INFO  Progress (1): 11 kB 
2026.04.04 22:14:32 INFO  Progress (1): 14 kB
2026.04.04 22:14:32 INFO  Progress (1): 15 kB
2026.04.04 22:14:32 INFO                     
2026.04.04 22:14:32 INFO  Downloaded from central: https://repo.maven.apache.org/maven2/org/apache/apache/15/apache-15.pom (15 kB at 107 kB/s)
2026.04.04 22:14:32 INFO  Downloading from central: https://repo.maven.apache.org/maven2/org/codehaus/plexus/plexus-utils/3.5.0/plexus-utils-3.5.0.pom
2026.04.04 22:14:33 INFO  Progress (1): 725 B
2026.04.04 22:14:33 INFO  Progress (1): 2.4 kB
2026.04.04 22:14:33 INFO  Progress (1): 4.5 kB
2026.04.04 22:14:33 INFO  Progress (1): 8.0 kB
2026.04.04 22:14:33 INFO                      
2026.04.04 22:14:33 INFO  Downloaded from central: https://repo.maven.apache.org/maven2/org/codehaus/plexus/plexus-utils/3.5.0/plexus-utils-3.5.0.pom (8.0 kB at 59 kB/s)
2026.04.04 22:14:33 INFO  Downloading from central: https://repo.maven.apache.org/maven2/org/codehaus/plexus/plexus-archiver/4.6.0/plexus-archiver-4.6.0.pom
2026.04.04 22:14:33 INFO  Progress (1): 1.2 kB
2026.04.04 22:14:33 INFO  Progress (1): 4.1 kB
2026.04.04 22:14:33 INFO  Progress (1): 6.3 kB
2026.04.04 22:14:33 INFO  Progress (1): 6.5 kB
2026.04.04 22:14:33 INFO                      
2026.04.04 22:14:33 INFO  Downloaded from central: https://repo.maven.apache.org/maven2/org/codehaus/plexus/plexus-archiver/4.6.0/plexus-archiver-4.6.0.pom (6.5 kB at 68 kB/s)
2026.04.04 22:14:33 INFO  Downloading from central: https://repo.maven.apache.org/maven2/com/github/luben/zstd-jni/1.5.2-5/zstd-jni-1.5.2-5.pom
2026.04.04 22:14:33 INFO  Progress (1): 1.1 kB
2026.04.04 22:14:33 INFO  Progress (1): 1.9 kB
2026.04.04 22:14:33 INFO                      
2026.04.04 22:14:33 INFO  Downloaded from central: https://repo.maven.apache.org/maven2/com/github/luben/zstd-jni/1.5.2-5/zstd-jni-1.5.2-5.pom (1.9 kB at 11 kB/s)
2026.04.04 22:14:33 INFO  Downloading from central: https://repo.maven.apache.org/maven2/org/codehaus/plexus/plexus-classworlds/2.7.0/plexus-classworlds-2.7.0.pom
2026.04.04 22:14:33 INFO  Progress (1): 915 B
2026.04.04 22:14:33 INFO  Progress (1): 2.5 kB
2026.04.04 22:14:33 INFO  Progress (1): 5.7 kB
2026.04.04 22:14:33 INFO  Progress (1): 7.6 kB
2026.04.04 22:14:33 INFO                      
2026.04.04 22:14:33 INFO  Downloaded from central: https://repo.maven.apache.org/maven2/org/codehaus/plexus/plexus-classworlds/2.7.0/plexus-classworlds-2.7.0.pom (7.6 kB at 103 kB/s)
2026.04.04 22:14:33 INFO  Downloading from central: https://repo.maven.apache.org/maven2/org/scala-sbt/zinc_2.13/1.8.0/zinc_2.13-1.8.0.pom
2026.04.04 22:14:33 INFO  Progress (1): 1.3 kB
2026.04.04 22:14:33 INFO  Progress (1): 4.1 kB
2026.04.04 22:14:33 INFO                      
2026.04.04 22:14:33 INFO  Downloaded from central: https://repo.maven.apache.org/maven2/org/scala-sbt/zinc_2.13/1.8.0/zinc_2.13-1.8.0.pom (4.1 kB at 31 kB/s)
2026.04.04 22:14:33 INFO  Downloading from central: https://repo.maven.apache.org/maven2/org/scala-sbt/zinc-core_2.13/1.8.0/zinc-core_2.13-1.8.0.pom
2026.04.04 22:14:33 INFO  Progress (1): 1.3 kB
2026.04.04 22:14:33 INFO  Progress (1): 5.3 kB
2026.04.04 22:14:33 INFO                      
2026.04.04 22:14:33 INFO  Downloaded from central: https://repo.maven.apache.org/maven2/org/scala-sbt/zinc-core_2.13/1.8.0/zinc-core_2.13-1.8.0.pom (5.3 kB at 75 kB/s)
2026.04.04 22:14:33 INFO  Downloading from central: https://repo.maven.apache.org/maven2/org/scala-sbt/zinc-compile-core_2.13/1.8.0/zinc-compile-core_2.13-1.8.0.pom
2026.04.04 22:14:33 INFO  Progress (1): 1.2 kB
2026.04.04 22:14:33 INFO  Progress (1): 5.5 kB
2026.04.04 22:14:33 INFO                      
2026.04.04 22:14:33 INFO  Downloaded from central: https://repo.maven.apache.org/maven2/org/scala-sbt/zinc-compile-core_2.13/1.8.0/zinc-compile-core_2.13-1.8.0.pom (5.5 kB at 64 kB/s)
2026.04.04 22:14:33 INFO  Downloading from central: https://repo.maven.apache.org/maven2/org/scala-sbt/compiler-interface/1.8.0/compiler-interface-1.8.0.pom
2026.04.04 22:14:33 INFO  Progress (1): 1.3 kB
2026.04.04 22:14:33 INFO  Progress (1): 3.0 kB
2026.04.04 22:14:33 INFO                      
2026.04.04 22:14:33 INFO  Downloaded from central: https://repo.maven.apache.org/maven2/org/scala-sbt/compiler-interface/1.8.0/compiler-interface-1.8.0.pom (3.0 kB at 49 kB/s)
2026.04.04 22:14:33 INFO  Downloading from central: https://repo.maven.apache.org/maven2/org/scala-sbt/util-interface/1.8.0/util-interface-1.8.0.pom
2026.04.04 22:14:33 INFO  Progress (1): 1.3 kB
2026.04.04 22:14:33 INFO  Progress (1): 2.6 kB
2026.04.04 22:14:33 INFO                      
2026.04.04 22:14:33 INFO  Downloaded from central: https://repo.maven.apache.org/maven2/org/scala-sbt/util-interface/1.8.0/util-interface-1.8.0.pom (2.6 kB at 21 kB/s)
2026.04.04 22:14:33 INFO  Downloading from central: https://repo.maven.apache.org/maven2/org/scala-sbt/zinc-classpath_2.13/1.8.0/zinc-classpath_2.13-1.8.0.pom
2026.04.04 22:14:34 INFO  Progress (1): 1.3 kB
2026.04.04 22:14:34 INFO  Progress (1): 3.9 kB
2026.04.04 22:14:34 INFO                      
2026.04.04 22:14:34 INFO  Downloaded from central: https://repo.maven.apache.org/maven2/org/scala-sbt/zinc-classpath_2.13/1.8.0/zinc-classpath_2.13-1.8.0.pom (3.9 kB at 45 kB/s)
2026.04.04 22:14:34 INFO  Downloading from central: https://repo.maven.apache.org/maven2/org/scala-lang/scala-compiler/2.13.8/scala-compiler-2.13.8.pom
2026.04.04 22:14:34 INFO  Progress (1): 1.2 kB
2026.04.04 22:14:34 INFO  Progress (1): 2.3 kB
2026.04.04 22:14:34 INFO                      
2026.04.04 22:14:34 INFO  Downloaded from central: https://repo.maven.apache.org/maven2/org/scala-lang/scala-compiler/2.13.8/scala-compiler-2.13.8.pom (2.3 kB at 24 kB/s)
2026.04.04 22:14:34 INFO  Downloading from central: https://repo.maven.apache.org/maven2/org/scala-lang/scala-reflect/2.13.8/scala-reflect-2.13.8.pom
2026.04.04 22:14:34 INFO  Progress (1): 1.2 kB
2026.04.04 22:14:34 INFO  Progress (1): 1.8 kB
2026.04.04 22:14:34 INFO                      
2026.04.04 22:14:34 INFO  Downloaded from central: https://repo.maven.apache.org/maven2/org/scala-lang/scala-reflect/2.13.8/scala-reflect-2.13.8.pom (1.8 kB at 19 kB/s)
2026.04.04 22:14:34 INFO  Downloading from central: https://repo.maven.apache.org/maven2/net/java/dev/jna/jna/5.9.0/jna-5.9.0.pom
2026.04.04 22:14:34 INFO  Progress (1): 1.4 kB
2026.04.04 22:14:34 INFO  Progress (1): 2.0 kB
2026.04.04 22:14:34 INFO                      
2026.04.04 22:14:34 INFO  Downloaded from central: https://repo.maven.apache.org/maven2/net/java/dev/jna/jna/5.9.0/jna-5.9.0.pom (2.0 kB at 29 kB/s)
2026.04.04 22:14:34 INFO  Downloading from central: https://repo.maven.apache.org/maven2/org/scala-sbt/io_2.13/1.8.0/io_2.13-1.8.0.pom
2026.04.04 22:14:34 INFO  Progress (1): 1.4 kB
2026.04.04 22:14:34 INFO  Progress (1): 3.3 kB
2026.04.04 22:14:34 INFO                      
2026.04.04 22:14:34 INFO  Downloaded from central: https://repo.maven.apache.org/maven2/org/scala-sbt/io_2.13/1.8.0/io_2.13-1.8.0.pom (3.3 kB at 27 kB/s)
2026.04.04 22:14:34 INFO  Downloading from central: https://repo.maven.apache.org/maven2/com/swoval/file-tree-views/2.1.9/file-tree-views-2.1.9.pom
2026.04.04 22:14:34 INFO  Progress (1): 1.4 kB
2026.04.04 22:14:34 INFO  Progress (1): 1.7 kB
2026.04.04 22:14:34 INFO                      
2026.04.04 22:14:34 INFO  Downloaded from central: https://repo.maven.apache.org/maven2/com/swoval/file-tree-views/2.1.9/file-tree-views-2.1.9.pom (1.7 kB at 9.8 kB/s)
2026.04.04 22:14:34 INFO  Downloading from central: https://repo.maven.apache.org/maven2/net/java/dev/jna/jna/5.12.0/jna-5.12.0.pom
2026.04.04 22:14:34 INFO  Progress (1): 1.4 kB
2026.04.04 22:14:34 INFO  Progress (1): 2.0 kB
2026.04.04 22:14:34 INFO                      
2026.04.04 22:14:34 INFO  Downloaded from central: https://repo.maven.apache.org/maven2/net/java/dev/jna/jna/5.12.0/jna-5.12.0.pom (2.0 kB at 31 kB/s)
2026.04.04 22:14:34 INFO  Downloading from central: https://repo.maven.apache.org/maven2/net/java/dev/jna/jna-platform/5.12.0/jna-platform-5.12.0.pom
2026.04.04 22:14:34 INFO  Progress (1): 1.3 kB
2026.04.04 22:14:34 INFO  Progress (1): 2.3 kB
2026.04.04 22:14:34 INFO                      
2026.04.04 22:14:34 INFO  Downloaded from central: https://repo.maven.apache.org/maven2/net/java/dev/jna/jna-platform/5.12.0/jna-platform-5.12.0.pom (2.3 kB at 9.2 kB/s)
2026.04.04 22:14:35 INFO  Downloading from central: https://repo.maven.apache.org/maven2/org/scala-sbt/zinc-apiinfo_2.13/1.8.0/zinc-apiinfo_2.13-1.8.0.pom
2026.04.04 22:14:35 INFO  Progress (1): 1.3 kB
2026.04.04 22:14:35 INFO  Progress (1): 3.8 kB
2026.04.04 22:14:35 INFO                      
2026.04.04 22:14:35 INFO  Downloaded from central: https://repo.maven.apache.org/maven2/org/scala-sbt/zinc-apiinfo_2.13/1.8.0/zinc-apiinfo_2.13-1.8.0.pom (3.8 kB at 16 kB/s)
2026.04.04 22:14:35 INFO  Downloading from central: https://repo.maven.apache.org/maven2/org/scala-sbt/compiler-bridge_2.13/1.8.0/compiler-bridge_2.13-1.8.0.pom
2026.04.04 22:14:35 INFO  Progress (1): 1.3 kB
2026.04.04 22:14:35 INFO  Progress (1): 2.8 kB
2026.04.04 22:14:35 INFO                      
2026.04.04 22:14:35 INFO  Downloaded from central: https://repo.maven.apache.org/maven2/org/scala-sbt/compiler-bridge_2.13/1.8.0/compiler-bridge_2.13-1.8.0.pom (2.8 kB at 11 kB/s)
2026.04.04 22:14:35 INFO  Downloading from central: https://repo.maven.apache.org/maven2/org/scala-sbt/zinc-classfile_2.13/1.8.0/zinc-classfile_2.13-1.8.0.pom
2026.04.04 22:14:35 INFO  Progress (1): 1.3 kB
2026.04.04 22:14:35 INFO  Progress (1): 4.0 kB
2026.04.04 22:14:36 INFO                      
2026.04.04 22:14:36 INFO  Downloaded from central: https://repo.maven.apache.org/maven2/org/scala-sbt/zinc-classfile_2.13/1.8.0/zinc-classfile_2.13-1.8.0.pom (4.0 kB at 5.1 kB/s)
2026.04.04 22:14:36 INFO  Downloading from central: https://repo.maven.apache.org/maven2/org/scala-sbt/util-logging_2.13/1.8.0/util-logging_2.13-1.8.0.pom
2026.04.04 22:14:36 INFO  Progress (1): 1.2 kB
2026.04.04 22:14:36 INFO  Progress (1): 5.6 kB
2026.04.04 22:14:36 INFO  Progress (1): 5.7 kB
2026.04.04 22:14:36 INFO                      
2026.04.04 22:14:36 INFO  Downloaded from central: https://repo.maven.apache.org/maven2/org/scala-sbt/util-logging_2.13/1.8.0/util-logging_2.13-1.8.0.pom (5.7 kB at 32 kB/s)
2026.04.04 22:14:36 INFO  Downloading from central: https://repo.maven.apache.org/maven2/org/scala-sbt/collections_2.13/1.8.0/collections_2.13-1.8.0.pom
2026.04.04 22:14:36 INFO  Progress (1): 1.3 kB
2026.04.04 22:14:36 INFO  Progress (1): 4.4 kB
2026.04.04 22:14:36 INFO                      
2026.04.04 22:14:36 INFO  Downloaded from central: https://repo.maven.apache.org/maven2/org/scala-sbt/collections_2.13/1.8.0/collections_2.13-1.8.0.pom (4.4 kB at 28 kB/s)
2026.04.04 22:14:36 INFO  Downloading from central: https://repo.maven.apache.org/maven2/org/scala-sbt/util-position_2.13/1.8.0/util-position_2.13-1.8.0.pom
2026.04.04 22:14:36 INFO  Progress (1): 1.3 kB
2026.04.04 22:14:36 INFO  Progress (1): 3.2 kB
2026.04.04 22:14:37 INFO  no build target found for C:\Users\Lenovo\kiwi\Dashboard\src\main\java\com\kiwi\demo\DemoApplication.java. Using fallback presentation compiler.
2026.04.04 22:14:36 INFO                      
2026.04.04 22:14:36 INFO  Downloaded from central: https://repo.maven.apache.org/maven2/org/scala-sbt/util-position_2.13/1.8.0/util-position_2.13-1.8.0.pom (3.2 kB at 7.1 kB/s)
2026.04.04 22:14:37 INFO  no build target found for C:\Users\Lenovo\kiwi\Dashboard\src\main\java\com\kiwi\demo\DemoApplication.java. Using fallback presentation compiler.
2026.04.04 22:14:38 INFO  Downloading from central: https://repo.maven.apache.org/maven2/org/scala-lang/modules/scala-parallel-collections_2.13/0.2.0/scala-parallel-collections_2.13-0.2.0.pom
2026.04.04 22:14:37 INFO  no build target found for C:\Users\Lenovo\kiwi\Dashboard\src\main\java\com\kiwi\demo\DemoApplication.java. Using fallback presentation compiler.
2026.04.04 22:14:38 INFO  Progress (1): 1.4 kB
2026.04.04 22:14:38 INFO  Progress (1): 1.8 kB
2026.04.04 22:14:37 INFO  no build target found for C:\Users\Lenovo\kiwi\Dashboard\src\main\java\com\kiwi\demo\DemoApplication.java. Using fallback presentation compiler.
Apr 04, 2026 10:14:38 PM org.eclipse.lsp4j.jsonrpc.RemoteEndpoint handleCancellation
WARNING: Unmatched cancel notification for request id 44
Apr 04, 2026 10:14:38 PM org.eclipse.lsp4j.jsonrpc.RemoteEndpoint handleCancellation
WARNING: Unmatched cancel notification for request id 45
Apr 04, 2026 10:14:38 PM org.eclipse.lsp4j.jsonrpc.RemoteEndpoint handleCancellation
WARNING: Unmatched cancel notification for request id 46
2026.04.04 22:14:38 INFO                      
2026.04.04 22:14:38 INFO  Downloaded from central: https://repo.maven.apache.org/maven2/org/scala-lang/modules/scala-parallel-collections_2.13/0.2.0/scala-parallel-collections_2.13-0.2.0.pom (1.8 kB at 11 kB/s)
2026.04.04 22:14:38 INFO  Downloading from central: https://repo.maven.apache.org/maven2/org/scala-lang/scala-library/2.13.0/scala-library-2.13.0.pom
2026.04.04 22:14:38 INFO  Progress (1): 1.2 kB
2026.04.04 22:14:38 INFO  Progress (1): 1.6 kB
2026.04.04 22:14:38 INFO                      
2026.04.04 22:14:38 INFO  Downloaded from central: https://repo.maven.apache.org/maven2/org/scala-lang/scala-library/2.13.0/scala-library-2.13.0.pom (1.6 kB at 29 kB/s)
2026.04.04 22:14:38 INFO  Downloading from central: https://repo.maven.apache.org/maven2/org/scala-sbt/core-macros_2.13/1.8.0/core-macros_2.13-1.8.0.pom
2026.04.04 22:14:38 INFO  Progress (1): 1.3 kB
2026.04.04 22:14:38 INFO  Progress (1): 3.1 kB
2026.04.04 22:14:38 INFO                      
2026.04.04 22:14:38 INFO  Downloaded from central: https://repo.maven.apache.org/maven2/org/scala-sbt/core-macros_2.13/1.8.0/core-macros_2.13-1.8.0.pom (3.1 kB at 37 kB/s)
2026.04.04 22:14:38 INFO  Downloading from central: https://repo.maven.apache.org/maven2/org/jline/jline-terminal/3.19.0/jline-terminal-3.19.0.pom
2026.04.04 22:14:38 INFO  no build target found for C:\Users\Lenovo\kiwi\Dashboard\src\main\java\com\kiwi\demo\DemoApplication.java. Using fallback presentation compiler.
2026.04.04 22:14:38 INFO  Progress (1): 1.2 kB
2026.04.04 22:14:38 INFO  Progress (1): 1.3 kB
2026.04.04 22:14:38 INFO                      
2026.04.04 22:14:38 INFO  Downloaded from central: https://repo.maven.apache.org/maven2/org/jline/jline-terminal/3.19.0/jline-terminal-3.19.0.pom (1.3 kB at 15 kB/s)
2026.04.04 22:14:38 INFO  Downloading from central: https://repo.maven.apache.org/maven2/org/jline/jline-parent/3.19.0/jline-parent-3.19.0.pom
2026.04.04 22:14:38 INFO  Progress (1): 930 B
2026.04.04 22:14:38 INFO  Progress (1): 2.9 kB
2026.04.04 22:14:38 INFO  Progress (1): 8.3 kB
2026.04.04 22:14:38 INFO  Progress (1): 13 kB 
2026.04.04 22:14:38 INFO  Progress (1): 16 kB
2026.04.04 22:14:38 INFO  Progress (1): 20 kB
2026.04.04 22:14:38 INFO  Progress (1): 24 kB
2026.04.04 22:14:38 INFO                     
2026.04.04 22:14:38 INFO  Downloaded from central: https://repo.maven.apache.org/maven2/org/jline/jline-parent/3.19.0/jline-parent-3.19.0.pom (24 kB at 214 kB/s)
2026.04.04 22:14:38 INFO  Downloading from central: https://repo.maven.apache.org/maven2/org/scala-lang/modules/scala-parser-combinators_2.13/1.1.2/scala-parser-combinators_2.13-1.1.2.pom
2026.04.04 22:14:38 INFO  Progress (1): 1.4 kB
2026.04.04 22:14:38 INFO  Progress (1): 2.2 kB
2026.04.04 22:14:38 INFO                      
2026.04.04 22:14:38 INFO  Downloaded from central: https://repo.maven.apache.org/maven2/org/scala-lang/modules/scala-parser-combinators_2.13/1.1.2/scala-parser-combinators_2.13-1.1.2.pom (2.2 kB at 38 kB/s)
2026.04.04 22:14:38 INFO  Downloading from central: https://repo.maven.apache.org/maven2/net/openhft/zero-allocation-hashing/0.10.1/zero-allocation-hashing-0.10.1.pom
2026.04.04 22:14:38 INFO  Progress (1): 786 B
2026.04.04 22:14:38 INFO  Progress (1): 2.5 kB
2026.04.04 22:14:38 INFO  Progress (1): 6.3 kB
2026.04.04 22:14:38 INFO  Progress (1): 8.1 kB
2026.04.04 22:14:39 INFO                      
2026.04.04 22:14:39 INFO  Downloaded from central: https://repo.maven.apache.org/maven2/net/openhft/zero-allocation-hashing/0.10.1/zero-allocation-hashing-0.10.1.pom (8.1 kB at 18 kB/s)
2026.04.04 22:14:39 INFO  Downloading from central: https://repo.maven.apache.org/maven2/net/openhft/root-parent-pom/1.1.13/root-parent-pom-1.1.13.pom
2026.04.04 22:14:39 INFO  Progress (1): 788 B
2026.04.04 22:14:39 INFO  Progress (1): 3.4 kB
2026.04.04 22:14:39 INFO  Progress (1): 7.4 kB
2026.04.04 22:14:39 INFO  Progress (1): 9.8 kB
2026.04.04 22:14:39 INFO                      
2026.04.04 22:14:39 INFO  Downloaded from central: https://repo.maven.apache.org/maven2/net/openhft/root-parent-pom/1.1.13/root-parent-pom-1.1.13.pom (9.8 kB at 54 kB/s)
2026.04.04 22:14:39 INFO  Downloading from central: https://repo.maven.apache.org/maven2/org/scala-sbt/util-control_2.13/1.8.0/util-control_2.13-1.8.0.pom
2026.04.04 22:14:39 INFO  Progress (1): 1.3 kB
2026.04.04 22:14:39 INFO  Progress (1): 2.8 kB
2026.04.04 22:14:39 INFO                      
2026.04.04 22:14:39 INFO  Downloaded from central: https://repo.maven.apache.org/maven2/org/scala-sbt/util-control_2.13/1.8.0/util-control_2.13-1.8.0.pom (2.8 kB at 15 kB/s)
2026.04.04 22:14:39 INFO  Downloading from central: https://repo.maven.apache.org/maven2/org/scala-sbt/zinc-persist-core-assembly/1.8.0/zinc-persist-core-assembly-1.8.0.pom
2026.04.04 22:14:39 INFO  Progress (1): 1.3 kB
2026.04.04 22:14:39 INFO  Progress (1): 2.4 kB
2026.04.04 22:14:39 INFO                      
2026.04.04 22:14:39 INFO  Downloaded from central: https://repo.maven.apache.org/maven2/org/scala-sbt/zinc-persist-core-assembly/1.8.0/zinc-persist-core-assembly-1.8.0.pom (2.4 kB at 29 kB/s)
2026.04.04 22:14:39 INFO  Downloading from central: https://repo.maven.apache.org/maven2/org/scala-sbt/util-relation_2.13/1.8.0/util-relation_2.13-1.8.0.pom
2026.04.04 22:14:39 INFO  Progress (1): 1.3 kB
2026.04.04 22:14:39 INFO  Progress (1): 3.0 kB
2026.04.04 22:14:39 INFO                      
2026.04.04 22:14:39 INFO  Downloaded from central: https://repo.maven.apache.org/maven2/org/scala-sbt/util-relation_2.13/1.8.0/util-relation_2.13-1.8.0.pom (3.0 kB at 31 kB/s)
2026.04.04 22:14:39 INFO  Downloading from central: https://repo.maven.apache.org/maven2/org/scala-sbt/zinc-persist_2.13/1.8.0/zinc-persist_2.13-1.8.0.pom
2026.04.04 22:14:39 INFO  Progress (1): 1.3 kB
2026.04.04 22:14:39 INFO  Progress (1): 4.3 kB
2026.04.04 22:14:39 INFO                      
2026.04.04 22:14:39 INFO  Downloaded from central: https://repo.maven.apache.org/maven2/org/scala-sbt/zinc-persist_2.13/1.8.0/zinc-persist_2.13-1.8.0.pom (4.3 kB at 42 kB/s)
2026.04.04 22:14:39 INFO  Downloading from central: https://repo.maven.apache.org/maven2/org/scala-lang/scala-library/2.13.8/scala-library-2.13.8.jar
2026.04.04 22:14:39 INFO  Progress (1): 0/6.0 MB
2026.04.04 22:14:39 INFO  Progress (1): 0/6.0 MB
2026.04.04 22:14:39 INFO  Progress (1): 0/6.0 MB
2026.04.04 22:14:39 INFO  Progress (1): 0/6.0 MB
2026.04.04 22:14:39 INFO  Progress (1): 0.1/6.0 MB
2026.04.04 22:14:40 INFO  Progress (1): 0.1/6.0 MB
2026.04.04 22:14:40 INFO  Progress (1): 0.1/6.0 MB
2026.04.04 22:14:40 INFO  Progress (1): 0.1/6.0 MB
2026.04.04 22:14:40 INFO  Progress (1): 0.1/6.0 MB
2026.04.04 22:14:40 INFO  Progress (1): 0.1/6.0 MB
2026.04.04 22:14:40 INFO  Progress (1): 0.1/6.0 MB
2026.04.04 22:14:40 INFO  Progress (1): 0.2/6.0 MB
2026.04.04 22:14:40 INFO  Progress (1): 0.2/6.0 MB
2026.04.04 22:14:40 INFO  Progress (1): 0.2/6.0 MB
2026.04.04 22:14:40 INFO  Progress (1): 0.2/6.0 MB
2026.04.04 22:14:40 INFO  Progress (1): 0.2/6.0 MB
2026.04.04 22:14:40 INFO  Progress (1): 0.2/6.0 MB
2026.04.04 22:14:40 INFO  Progress (1): 0.3/6.0 MB
2026.04.04 22:14:40 INFO  Progress (1): 0.3/6.0 MB
2026.04.04 22:14:40 INFO  Progress (1): 0.3/6.0 MB
2026.04.04 22:14:40 INFO  Progress (1): 0.3/6.0 MB
2026.04.04 22:14:40 INFO  Progress (1): 0.3/6.0 MB
2026.04.04 22:14:40 INFO  Progress (1): 0.3/6.0 MB
2026.04.04 22:14:40 INFO  Progress (1): 0.4/6.0 MB
2026.04.04 22:14:40 INFO  Progress (1): 0.4/6.0 MB
2026.04.04 22:14:40 INFO  Progress (1): 0.4/6.0 MB
2026.04.04 22:14:40 INFO  Progress (1): 0.4/6.0 MB
2026.04.04 22:14:40 INFO  Progress (1): 0.4/6.0 MB
2026.04.04 22:14:40 INFO  Progress (1): 0.4/6.0 MB
2026.04.04 22:14:40 INFO  Progress (1): 0.5/6.0 MB
2026.04.04 22:14:40 INFO  Progress (1): 0.5/6.0 MB
2026.04.04 22:14:40 INFO  Progress (1): 0.5/6.0 MB
2026.04.04 22:14:40 INFO  Progress (1): 0.5/6.0 MB
2026.04.04 22:14:40 INFO  Progress (1): 0.5/6.0 MB
2026.04.04 22:14:40 INFO  Progress (1): 0.5/6.0 MB
2026.04.04 22:14:40 INFO  Progress (1): 0.6/6.0 MB
2026.04.04 22:14:40 INFO  Progress (1): 0.6/6.0 MB
2026.04.04 22:14:40 INFO  Progress (1): 0.6/6.0 MB
2026.04.04 22:14:40 INFO  Progress (1): 0.6/6.0 MB
2026.04.04 22:14:40 INFO  Progress (1): 0.6/6.0 MB
2026.04.04 22:14:40 INFO  Progress (1): 0.6/6.0 MB
2026.04.04 22:14:40 INFO  Progress (1): 0.7/6.0 MB
2026.04.04 22:14:40 INFO  Progress (1): 0.7/6.0 MB
2026.04.04 22:14:40 INFO  Progress (1): 0.7/6.0 MB
2026.04.04 22:14:40 INFO  Progress (1): 0.7/6.0 MB
2026.04.04 22:14:40 INFO  Progress (1): 0.7/6.0 MB
2026.04.04 22:14:40 INFO  Progress (1): 0.7/6.0 MB
2026.04.04 22:14:40 INFO  Progress (1): 0.7/6.0 MB
2026.04.04 22:14:40 INFO  Progress (1): 0.8/6.0 MB
2026.04.04 22:14:40 INFO  Progress (1): 0.8/6.0 MB
2026.04.04 22:14:40 INFO  Progress (1): 0.8/6.0 MB
2026.04.04 22:14:40 INFO  Progress (1): 0.8/6.0 MB
2026.04.04 22:14:40 INFO  Progress (1): 0.8/6.0 MB
2026.04.04 22:14:40 INFO  Progress (1): 0.8/6.0 MB
2026.04.04 22:14:40 INFO  Progress (1): 0.9/6.0 MB
2026.04.04 22:14:40 INFO  Progress (1): 0.9/6.0 MB
2026.04.04 22:14:40 INFO  Progress (1): 0.9/6.0 MB
2026.04.04 22:14:40 INFO  Progress (1): 0.9/6.0 MB
2026.04.04 22:14:40 INFO  Progress (1): 0.9/6.0 MB
2026.04.04 22:14:40 INFO  Progress (1): 0.9/6.0 MB
2026.04.04 22:14:40 INFO  Progress (1): 1.0/6.0 MB
2026.04.04 22:14:40 INFO  Progress (1): 1.0/6.0 MB
2026.04.04 22:14:40 INFO  Progress (1): 1.0/6.0 MB
2026.04.04 22:14:40 INFO  Progress (1): 1.0/6.0 MB
2026.04.04 22:14:40 INFO  Progress (1): 1.0/6.0 MB
2026.04.04 22:14:40 INFO  Progress (1): 1.0/6.0 MB
2026.04.04 22:14:40 INFO  Progress (1): 1.1/6.0 MB
2026.04.04 22:14:40 INFO  Progress (1): 1.1/6.0 MB
2026.04.04 22:14:40 INFO  Progress (1): 1.1/6.0 MB
2026.04.04 22:14:40 INFO  Progress (1): 1.1/6.0 MB
2026.04.04 22:14:40 INFO  Progress (1): 1.1/6.0 MB
2026.04.04 22:14:40 INFO  Progress (1): 1.1/6.0 MB
2026.04.04 22:14:40 INFO  Progress (1): 1.1/6.0 MB
2026.04.04 22:14:40 INFO  Progress (1): 1.2/6.0 MB
2026.04.04 22:14:40 INFO  Progress (1): 1.2/6.0 MB
2026.04.04 22:14:40 INFO  Progress (1): 1.2/6.0 MB
2026.04.04 22:14:40 INFO  Progress (1): 1.2/6.0 MB
2026.04.04 22:14:40 INFO  Progress (1): 1.2/6.0 MB
2026.04.04 22:14:40 INFO  Progress (1): 1.2/6.0 MB
2026.04.04 22:14:40 INFO  Progress (1): 1.3/6.0 MB
2026.04.04 22:14:40 INFO  Progress (1): 1.3/6.0 MB
2026.04.04 22:14:40 INFO  Progress (1): 1.3/6.0 MB
2026.04.04 22:14:40 INFO  Progress (1): 1.3/6.0 MB
2026.04.04 22:14:40 INFO  Progress (1): 1.3/6.0 MB
2026.04.04 22:14:40 INFO  Progress (1): 1.3/6.0 MB
2026.04.04 22:14:40 INFO  Progress (1): 1.4/6.0 MB
2026.04.04 22:14:40 INFO  Progress (1): 1.4/6.0 MB
2026.04.04 22:14:40 INFO  Progress (1): 1.4/6.0 MB
2026.04.04 22:14:40 INFO  Progress (1): 1.4/6.0 MB
2026.04.04 22:14:40 INFO  Progress (1): 1.4/6.0 MB
2026.04.04 22:14:40 INFO  Progress (1): 1.4/6.0 MB
2026.04.04 22:14:40 INFO  Progress (1): 1.4/6.0 MB
2026.04.04 22:14:40 INFO  Progress (1): 1.5/6.0 MB
2026.04.04 22:14:40 INFO  Progress (1): 1.5/6.0 MB
2026.04.04 22:14:40 INFO  Progress (1): 1.5/6.0 MB
2026.04.04 22:14:40 INFO  Progress (1): 1.5/6.0 MB
2026.04.04 22:14:40 INFO  Progress (1): 1.5/6.0 MB
2026.04.04 22:14:40 INFO  Progress (1): 1.5/6.0 MB
2026.04.04 22:14:40 INFO  Progress (1): 1.6/6.0 MB
2026.04.04 22:14:40 INFO  Progress (1): 1.6/6.0 MB
2026.04.04 22:14:40 INFO  Progress (1): 1.6/6.0 MB
2026.04.04 22:14:40 INFO  Progress (1): 1.6/6.0 MB
2026.04.04 22:14:40 INFO  Progress (1): 1.6/6.0 MB
2026.04.04 22:14:40 INFO  Progress (1): 1.6/6.0 MB
2026.04.04 22:14:40 INFO  Progress (1): 1.7/6.0 MB
2026.04.04 22:14:40 INFO  Progress (1): 1.7/6.0 MB
2026.04.04 22:14:40 INFO  Progress (1): 1.7/6.0 MB
2026.04.04 22:14:40 INFO  Progress (1): 1.7/6.0 MB
2026.04.04 22:14:40 INFO  Progress (1): 1.7/6.0 MB
2026.04.04 22:14:40 INFO  Progress (1): 1.7/6.0 MB
2026.04.04 22:14:40 INFO  Progress (1): 1.8/6.0 MB
2026.04.04 22:14:40 INFO  Progress (1): 1.8/6.0 MB
2026.04.04 22:14:40 INFO  Progress (1): 1.8/6.0 MB
2026.04.04 22:14:40 INFO  Progress (1): 1.8/6.0 MB
2026.04.04 22:14:40 INFO  Progress (1): 1.8/6.0 MB
2026.04.04 22:14:40 INFO  Progress (1): 1.8/6.0 MB
2026.04.04 22:14:40 INFO  Progress (1): 1.9/6.0 MB
2026.04.04 22:14:40 INFO  Progress (1): 1.9/6.0 MB
2026.04.04 22:14:40 INFO  Progress (1): 1.9/6.0 MB
2026.04.04 22:14:40 INFO  Progress (1): 1.9/6.0 MB
2026.04.04 22:14:40 INFO  Progress (1): 1.9/6.0 MB
2026.04.04 22:14:40 INFO  Progress (1): 1.9/6.0 MB
2026.04.04 22:14:40 INFO  Progress (1): 2.0/6.0 MB
2026.04.04 22:14:40 INFO  Progress (1): 2.0/6.0 MB
2026.04.04 22:14:40 INFO  Progress (1): 2.0/6.0 MB
2026.04.04 22:14:40 INFO  Progress (1): 2.0/6.0 MB
2026.04.04 22:14:40 INFO  Progress (1): 2.0/6.0 MB
2026.04.04 22:14:40 INFO  Progress (1): 2.0/6.0 MB
2026.04.04 22:14:40 INFO  Progress (1): 2.0/6.0 MB
2026.04.04 22:14:40 INFO  Progress (1): 2.1/6.0 MB
2026.04.04 22:14:40 INFO  Progress (1): 2.1/6.0 MB
2026.04.04 22:14:40 INFO  Progress (1): 2.1/6.0 MB
2026.04.04 22:14:40 INFO  Progress (1): 2.1/6.0 MB
2026.04.04 22:14:40 INFO  Progress (1): 2.1/6.0 MB
2026.04.04 22:14:40 INFO  Progress (1): 2.1/6.0 MB
2026.04.04 22:14:40 INFO  Progress (1): 2.2/6.0 MB
2026.04.04 22:14:40 INFO  Progress (1): 2.2/6.0 MB
2026.04.04 22:14:40 INFO  Progress (1): 2.2/6.0 MB
2026.04.04 22:14:40 INFO  Progress (1): 2.2/6.0 MB
2026.04.04 22:14:40 INFO  Progress (1): 2.2/6.0 MB
2026.04.04 22:14:40 INFO  Progress (1): 2.2/6.0 MB
2026.04.04 22:14:40 INFO  Progress (1): 2.2/6.0 MB
2026.04.04 22:14:40 INFO  Progress (1): 2.3/6.0 MB
2026.04.04 22:14:40 INFO  Progress (1): 2.3/6.0 MB
2026.04.04 22:14:40 INFO  Progress (1): 2.3/6.0 MB
2026.04.04 22:14:40 INFO  Progress (1): 2.3/6.0 MB
2026.04.04 22:14:40 INFO  Progress (1): 2.3/6.0 MB
2026.04.04 22:14:40 INFO  Progress (1): 2.3/6.0 MB
2026.04.04 22:14:40 INFO  Progress (1): 2.4/6.0 MB
2026.04.04 22:14:40 INFO  Progress (1): 2.4/6.0 MB
2026.04.04 22:14:40 INFO  Progress (1): 2.4/6.0 MB
2026.04.04 22:14:40 INFO  Progress (1): 2.4/6.0 MB
2026.04.04 22:14:40 INFO  Progress (1): 2.4/6.0 MB
2026.04.04 22:14:40 INFO  Progress (1): 2.4/6.0 MB
2026.04.04 22:14:40 INFO  Progress (1): 2.5/6.0 MB
2026.04.04 22:14:40 INFO  Progress (1): 2.5/6.0 MB
2026.04.04 22:14:40 INFO  Progress (1): 2.5/6.0 MB
2026.04.04 22:14:40 INFO  Progress (1): 2.5/6.0 MB
2026.04.04 22:14:40 INFO  Progress (1): 2.5/6.0 MB
2026.04.04 22:14:40 INFO  Progress (1): 2.5/6.0 MB
2026.04.04 22:14:40 INFO  Progress (1): 2.6/6.0 MB
2026.04.04 22:14:40 INFO  Progress (1): 2.6/6.0 MB
2026.04.04 22:14:40 INFO  Progress (1): 2.6/6.0 MB
2026.04.04 22:14:40 INFO  Progress (1): 2.6/6.0 MB
2026.04.04 22:14:40 INFO  Progress (1): 2.6/6.0 MB
2026.04.04 22:14:40 INFO  Progress (1): 2.6/6.0 MB
2026.04.04 22:14:40 INFO  Progress (1): 2.7/6.0 MB
2026.04.04 22:14:40 INFO  Progress (1): 2.7/6.0 MB
2026.04.04 22:14:40 INFO  Progress (1): 2.7/6.0 MB
2026.04.04 22:14:40 INFO  Progress (1): 2.7/6.0 MB
2026.04.04 22:14:40 INFO  Progress (1): 2.7/6.0 MB
2026.04.04 22:14:40 INFO  Progress (1): 2.7/6.0 MB
2026.04.04 22:14:40 INFO  Progress (1): 2.8/6.0 MB
2026.04.04 22:14:40 INFO  Progress (1): 2.8/6.0 MB
2026.04.04 22:14:40 INFO  Progress (1): 2.8/6.0 MB
2026.04.04 22:14:40 INFO  Progress (1): 2.8/6.0 MB
2026.04.04 22:14:40 INFO  Progress (1): 2.8/6.0 MB
2026.04.04 22:14:40 INFO  Progress (1): 2.8/6.0 MB
2026.04.04 22:14:40 INFO  Progress (1): 2.9/6.0 MB
2026.04.04 22:14:40 INFO  Progress (1): 2.9/6.0 MB
2026.04.04 22:14:40 INFO  Progress (1): 2.9/6.0 MB
2026.04.04 22:14:40 INFO  Progress (1): 2.9/6.0 MB
2026.04.04 22:14:40 INFO  Progress (1): 2.9/6.0 MB
2026.04.04 22:14:40 INFO  Progress (1): 2.9/6.0 MB
2026.04.04 22:14:40 INFO  Progress (1): 3.0/6.0 MB
2026.04.04 22:14:40 INFO  Progress (1): 3.0/6.0 MB
2026.04.04 22:14:40 INFO  Progress (1): 3.0/6.0 MB
2026.04.04 22:14:40 INFO  Progress (1): 3.0/6.0 MB
2026.04.04 22:14:40 INFO  Progress (1): 3.0/6.0 MB
2026.04.04 22:14:40 INFO  Progress (1): 3.0/6.0 MB
2026.04.04 22:14:40 INFO  Progress (1): 3.1/6.0 MB
2026.04.04 22:14:40 INFO  Progress (1): 3.1/6.0 MB
2026.04.04 22:14:40 INFO  Progress (1): 3.1/6.0 MB
2026.04.04 22:14:40 INFO  Progress (1): 3.1/6.0 MB
2026.04.04 22:14:40 INFO  Progress (1): 3.1/6.0 MB
2026.04.04 22:14:40 INFO  Progress (1): 3.1/6.0 MB
2026.04.04 22:14:40 INFO  Progress (1): 3.1/6.0 MB
2026.04.04 22:14:40 INFO  Progress (1): 3.2/6.0 MB
2026.04.04 22:14:40 INFO  Progress (1): 3.2/6.0 MB
2026.04.04 22:14:40 INFO  Progress (1): 3.2/6.0 MB
2026.04.04 22:14:40 INFO  Progress (1): 3.2/6.0 MB
2026.04.04 22:14:40 INFO  Progress (1): 3.2/6.0 MB
2026.04.04 22:14:40 INFO  Progress (1): 3.2/6.0 MB
2026.04.04 22:14:40 INFO  Progress (1): 3.3/6.0 MB
2026.04.04 22:14:40 INFO  Progress (1): 3.3/6.0 MB
2026.04.04 22:14:40 INFO  Progress (1): 3.3/6.0 MB
2026.04.04 22:14:40 INFO  Progress (1): 3.3/6.0 MB
2026.04.04 22:14:40 INFO  Progress (1): 3.3/6.0 MB
2026.04.04 22:14:40 INFO  Progress (1): 3.3/6.0 MB
2026.04.04 22:14:40 INFO  Progress (1): 3.4/6.0 MB
2026.04.04 22:14:40 INFO  Progress (1): 3.4/6.0 MB
2026.04.04 22:14:40 INFO  Progress (1): 3.4/6.0 MB
2026.04.04 22:14:40 INFO  Progress (1): 3.4/6.0 MB
2026.04.04 22:14:40 INFO  Progress (1): 3.4/6.0 MB
2026.04.04 22:14:40 INFO  Progress (1): 3.4/6.0 MB
2026.04.04 22:14:40 INFO  Progress (1): 3.5/6.0 MB
2026.04.04 22:14:40 INFO  Progress (1): 3.5/6.0 MB
2026.04.04 22:14:40 INFO  Progress (1): 3.5/6.0 MB
2026.04.04 22:14:40 INFO  Progress (1): 3.5/6.0 MB
2026.04.04 22:14:40 INFO  Progress (1): 3.5/6.0 MB
2026.04.04 22:14:40 INFO  Progress (1): 3.5/6.0 MB
2026.04.04 22:14:40 INFO  Progress (1): 3.6/6.0 MB
2026.04.04 22:14:40 INFO  Progress (1): 3.6/6.0 MB
2026.04.04 22:14:40 INFO  Progress (1): 3.6/6.0 MB
2026.04.04 22:14:40 INFO  Progress (1): 3.6/6.0 MB
2026.04.04 22:14:40 INFO  Progress (1): 3.6/6.0 MB
2026.04.04 22:14:40 INFO  Progress (1): 3.6/6.0 MB
2026.04.04 22:14:40 INFO  Progress (1): 3.7/6.0 MB
2026.04.04 22:14:40 INFO  Progress (1): 3.7/6.0 MB
2026.04.04 22:14:40 INFO  Progress (1): 3.7/6.0 MB
2026.04.04 22:14:40 INFO  Progress (1): 3.7/6.0 MB
2026.04.04 22:14:40 INFO  Progress (1): 3.7/6.0 MB
2026.04.04 22:14:40 INFO  Progress (1): 3.7/6.0 MB
2026.04.04 22:14:40 INFO  Progress (1): 3.8/6.0 MB
2026.04.04 22:14:40 INFO  Progress (1): 3.8/6.0 MB
2026.04.04 22:14:40 INFO  Progress (1): 3.8/6.0 MB
2026.04.04 22:14:40 INFO  Progress (1): 3.8/6.0 MB
2026.04.04 22:14:40 INFO  Progress (1): 3.8/6.0 MB
2026.04.04 22:14:40 INFO  Progress (1): 3.8/6.0 MB
2026.04.04 22:14:40 INFO  Progress (1): 3.9/6.0 MB
2026.04.04 22:14:40 INFO  Progress (1): 3.9/6.0 MB
2026.04.04 22:14:40 INFO  Progress (1): 3.9/6.0 MB
2026.04.04 22:14:40 INFO  Progress (1): 3.9/6.0 MB
2026.04.04 22:14:40 INFO  Progress (1): 3.9/6.0 MB
2026.04.04 22:14:40 INFO  Progress (1): 3.9/6.0 MB
2026.04.04 22:14:40 INFO  Progress (1): 4.0/6.0 MB
2026.04.04 22:14:40 INFO  Progress (1): 4.0/6.0 MB
2026.04.04 22:14:40 INFO  Progress (1): 4.0/6.0 MB
2026.04.04 22:14:40 INFO  Progress (1): 4.0/6.0 MB
2026.04.04 22:14:40 INFO  Progress (1): 4.0/6.0 MB
2026.04.04 22:14:40 INFO  Progress (1): 4.0/6.0 MB
2026.04.04 22:14:40 INFO  Progress (1): 4.0/6.0 MB
2026.04.04 22:14:40 INFO  Progress (1): 4.1/6.0 MB
2026.04.04 22:14:40 INFO  Progress (1): 4.1/6.0 MB
2026.04.04 22:14:40 INFO  Progress (1): 4.1/6.0 MB
2026.04.04 22:14:40 INFO  Progress (1): 4.1/6.0 MB
2026.04.04 22:14:40 INFO  Progress (1): 4.1/6.0 MB
2026.04.04 22:14:40 INFO  Progress (1): 4.1/6.0 MB
2026.04.04 22:14:40 INFO  Progress (1): 4.2/6.0 MB
2026.04.04 22:14:40 INFO  Progress (1): 4.2/6.0 MB
2026.04.04 22:14:40 INFO  Progress (1): 4.2/6.0 MB
2026.04.04 22:14:40 INFO  Progress (1): 4.2/6.0 MB
2026.04.04 22:14:40 INFO  Progress (1): 4.2/6.0 MB
2026.04.04 22:14:40 INFO  Progress (1): 4.2/6.0 MB
2026.04.04 22:14:40 INFO  Progress (1): 4.3/6.0 MB
2026.04.04 22:14:40 INFO  Progress (1): 4.3/6.0 MB
2026.04.04 22:14:40 INFO  Progress (1): 4.3/6.0 MB
2026.04.04 22:14:40 INFO  Progress (1): 4.3/6.0 MB
2026.04.04 22:14:40 INFO  Progress (1): 4.3/6.0 MB
2026.04.04 22:14:40 INFO  Progress (1): 4.3/6.0 MB
2026.04.04 22:14:40 INFO  Progress (1): 4.4/6.0 MB
2026.04.04 22:14:40 INFO  Progress (1): 4.4/6.0 MB
2026.04.04 22:14:40 INFO  Progress (1): 4.4/6.0 MB
2026.04.04 22:14:40 INFO  Progress (1): 4.4/6.0 MB
2026.04.04 22:14:40 INFO  Progress (1): 4.4/6.0 MB
2026.04.04 22:14:40 INFO  Progress (1): 4.4/6.0 MB
2026.04.04 22:14:40 INFO  Progress (1): 4.5/6.0 MB
2026.04.04 22:14:40 INFO  Progress (1): 4.5/6.0 MB
2026.04.04 22:14:40 INFO  Progress (1): 4.5/6.0 MB
2026.04.04 22:14:40 INFO  Progress (1): 4.5/6.0 MB
2026.04.04 22:14:40 INFO  Progress (1): 4.5/6.0 MB
2026.04.04 22:14:40 INFO  Progress (1): 4.5/6.0 MB
2026.04.04 22:14:40 INFO  Progress (1): 4.6/6.0 MB
2026.04.04 22:14:40 INFO  Progress (1): 4.6/6.0 MB
2026.04.04 22:14:40 INFO  Progress (1): 4.6/6.0 MB
2026.04.04 22:14:40 INFO  Progress (1): 4.6/6.0 MB
2026.04.04 22:14:40 INFO  Progress (1): 4.6/6.0 MB
2026.04.04 22:14:40 INFO  Progress (1): 4.6/6.0 MB
2026.04.04 22:14:40 INFO  Progress (1): 4.7/6.0 MB
2026.04.04 22:14:40 INFO  Progress (1): 4.7/6.0 MB
2026.04.04 22:14:40 INFO  Progress (1): 4.7/6.0 MB
2026.04.04 22:14:40 INFO  Progress (1): 4.7/6.0 MB
2026.04.04 22:14:40 INFO  Progress (1): 4.7/6.0 MB
2026.04.04 22:14:40 INFO  Progress (1): 4.7/6.0 MB
2026.04.04 22:14:40 INFO  Progress (1): 4.8/6.0 MB
2026.04.04 22:14:40 INFO  Progress (1): 4.8/6.0 MB
2026.04.04 22:14:40 INFO  Progress (1): 4.8/6.0 MB
2026.04.04 22:14:40 INFO  Progress (1): 4.8/6.0 MB
2026.04.04 22:14:40 INFO  Progress (1): 4.8/6.0 MB
2026.04.04 22:14:40 INFO  Progress (1): 4.8/6.0 MB
2026.04.04 22:14:40 INFO  Progress (1): 4.9/6.0 MB
2026.04.04 22:14:40 INFO  Progress (1): 4.9/6.0 MB
2026.04.04 22:14:40 INFO  Progress (1): 4.9/6.0 MB
2026.04.04 22:14:40 INFO  Progress (1): 4.9/6.0 MB
2026.04.04 22:14:40 INFO  Progress (1): 4.9/6.0 MB
2026.04.04 22:14:40 INFO  Progress (1): 4.9/6.0 MB
2026.04.04 22:14:40 INFO  Progress (1): 5.0/6.0 MB
2026.04.04 22:14:40 INFO  Progress (1): 5.0/6.0 MB
2026.04.04 22:14:40 INFO  Progress (1): 5.0/6.0 MB
2026.04.04 22:14:40 INFO  Progress (1): 5.0/6.0 MB
2026.04.04 22:14:40 INFO  Progress (1): 5.0/6.0 MB
2026.04.04 22:14:40 INFO  Progress (1): 5.0/6.0 MB
2026.04.04 22:14:40 INFO  Progress (1): 5.0/6.0 MB
2026.04.04 22:14:40 INFO  Progress (1): 5.1/6.0 MB
2026.04.04 22:14:40 INFO  Progress (1): 5.1/6.0 MB
2026.04.04 22:14:40 INFO  Progress (1): 5.1/6.0 MB
2026.04.04 22:14:40 INFO  Progress (1): 5.1/6.0 MB
2026.04.04 22:14:40 INFO  Progress (1): 5.1/6.0 MB
2026.04.04 22:14:40 INFO  Progress (1): 5.1/6.0 MB
2026.04.04 22:14:40 INFO  Progress (1): 5.2/6.0 MB
2026.04.04 22:14:40 INFO  Progress (1): 5.2/6.0 MB
2026.04.04 22:14:40 INFO  Progress (1): 5.2/6.0 MB
2026.04.04 22:14:40 INFO  Progress (1): 5.2/6.0 MB
2026.04.04 22:14:40 INFO  Progress (1): 5.2/6.0 MB
2026.04.04 22:14:40 INFO  Progress (1): 5.2/6.0 MB
2026.04.04 22:14:40 INFO  Progress (1): 5.3/6.0 MB
2026.04.04 22:14:40 INFO  Progress (1): 5.3/6.0 MB
2026.04.04 22:14:40 INFO  Progress (1): 5.3/6.0 MB
2026.04.04 22:14:40 INFO  Progress (1): 5.3/6.0 MB
2026.04.04 22:14:40 INFO  Progress (1): 5.3/6.0 MB
2026.04.04 22:14:40 INFO  Progress (1): 5.3/6.0 MB
2026.04.04 22:14:40 INFO  Progress (1): 5.4/6.0 MB
2026.04.04 22:14:40 INFO  Progress (1): 5.4/6.0 MB
2026.04.04 22:14:40 INFO  Progress (1): 5.4/6.0 MB
2026.04.04 22:14:40 INFO  Progress (1): 5.4/6.0 MB
2026.04.04 22:14:40 INFO  Progress (1): 5.4/6.0 MB
2026.04.04 22:14:40 INFO  Progress (1): 5.4/6.0 MB
2026.04.04 22:14:40 INFO  Progress (1): 5.5/6.0 MB
2026.04.04 22:14:40 INFO  Progress (1): 5.5/6.0 MB
2026.04.04 22:14:40 INFO  Progress (1): 5.5/6.0 MB
2026.04.04 22:14:40 INFO  Progress (1): 5.5/6.0 MB
2026.04.04 22:14:40 INFO  Progress (1): 5.5/6.0 MB
2026.04.04 22:14:40 INFO  Progress (1): 5.5/6.0 MB
2026.04.04 22:14:40 INFO  Progress (1): 5.6/6.0 MB
2026.04.04 22:14:40 INFO  Progress (1): 5.6/6.0 MB
2026.04.04 22:14:40 INFO  Progress (1): 5.6/6.0 MB
2026.04.04 22:14:40 INFO  Progress (1): 5.6/6.0 MB
2026.04.04 22:14:40 INFO  Progress (1): 5.6/6.0 MB
2026.04.04 22:14:40 INFO  Progress (1): 5.6/6.0 MB
2026.04.04 22:14:40 INFO  Progress (1): 5.7/6.0 MB
2026.04.04 22:14:40 INFO  Progress (1): 5.7/6.0 MB
2026.04.04 22:14:40 INFO  Progress (1): 5.7/6.0 MB
2026.04.04 22:14:40 INFO  Progress (1): 5.7/6.0 MB
2026.04.04 22:14:40 INFO  Progress (1): 5.7/6.0 MB
2026.04.04 22:14:40 INFO  Progress (1): 5.7/6.0 MB
2026.04.04 22:14:40 INFO  Progress (1): 5.8/6.0 MB
2026.04.04 22:14:40 INFO  Progress (1): 5.8/6.0 MB
2026.04.04 22:14:40 INFO  Progress (1): 5.8/6.0 MB
2026.04.04 22:14:40 INFO  Progress (1): 5.8/6.0 MB
2026.04.04 22:14:40 INFO  Progress (1): 5.8/6.0 MB
2026.04.04 22:14:40 INFO  Progress (1): 5.8/6.0 MB
2026.04.04 22:14:40 INFO  Progress (1): 5.9/6.0 MB
2026.04.04 22:14:40 INFO  Progress (1): 5.9/6.0 MB
2026.04.04 22:14:40 INFO  Progress (1): 5.9/6.0 MB
2026.04.04 22:14:40 INFO  Progress (1): 5.9/6.0 MB
2026.04.04 22:14:40 INFO  Progress (1): 5.9/6.0 MB
2026.04.04 22:14:40 INFO  Progress (1): 5.9/6.0 MB
2026.04.04 22:14:40 INFO  Progress (1): 6.0/6.0 MB
2026.04.04 22:14:40 INFO  Progress (1): 6.0/6.0 MB
2026.04.04 22:14:40 INFO  Progress (1): 6.0/6.0 MB
2026.04.04 22:14:40 INFO  Progress (1): 6.0/6.0 MB
2026.04.04 22:14:40 INFO  Progress (1): 6.0 MB    
2026.04.04 22:14:40 INFO                      
2026.04.04 22:14:40 INFO  Downloaded from central: https://repo.maven.apache.org/maven2/org/scala-lang/scala-library/2.13.8/scala-library-2.13.8.jar (6.0 MB at 4.8 MB/s)
2026.04.04 22:14:40 INFO  Downloading from central: https://repo.maven.apache.org/maven2/ch/epfl/scala/bloop-config_2.13/2.3.3/bloop-config_2.13-2.3.3.jar
2026.04.04 22:14:40 INFO  Downloading from central: https://repo.maven.apache.org/maven2/com/github/plokhotnyuk/jsoniter-scala/jsoniter-scala-core_2.13/2.13.5.2/jsoniter-scala-core_2.13-2.13.5.2.jar
2026.04.04 22:14:40 INFO  Downloading from central: https://repo.maven.apache.org/maven2/com/lihaoyi/unroll-annotation_2.13/0.1.12/unroll-annotation_2.13-0.1.12.jar
2026.04.04 22:14:40 INFO  Downloading from central: https://repo.maven.apache.org/maven2/org/apache/maven/shared/maven-dependency-tree/3.2.1/maven-dependency-tree-3.2.1.jar
2026.04.04 22:14:40 INFO  Downloading from central: https://repo.maven.apache.org/maven2/net/alchim31/maven/scala-maven-plugin/4.8.0/scala-maven-plugin-4.8.0.jar
2026.04.04 22:14:41 INFO  Progress (1): 7.7/288 kB
2026.04.04 22:14:41 INFO  Progress (1): 7.7/288 kB
2026.04.04 22:14:41 INFO  Progress (1): 24/288 kB 
2026.04.04 22:14:41 INFO  Progress (1): 40/288 kB
2026.04.04 22:14:41 INFO  Progress (1): 57/288 kB
2026.04.04 22:14:41 INFO  Progress (1): 73/288 kB
2026.04.04 22:14:41 INFO  Progress (1): 90/288 kB
2026.04.04 22:14:41 INFO  Progress (1): 106/288 kB
2026.04.04 22:14:41 INFO  Progress (1): 122/288 kB
2026.04.04 22:14:41 INFO  Progress (1): 139/288 kB
2026.04.04 22:14:41 INFO  Progress (1): 155/288 kB
2026.04.04 22:14:41 INFO  Progress (1): 172/288 kB
2026.04.04 22:14:41 INFO  Progress (1): 188/288 kB
2026.04.04 22:14:41 INFO  Progress (1): 204/288 kB
2026.04.04 22:14:41 INFO  Progress (1): 221/288 kB
2026.04.04 22:14:41 INFO  Progress (1): 229/288 kB
2026.04.04 22:14:41 INFO  Progress (1): 246/288 kB
2026.04.04 22:14:41 INFO  Progress (1): 262/288 kB
2026.04.04 22:14:41 INFO  Progress (1): 279/288 kB
2026.04.04 22:14:41 INFO  Progress (1): 288 kB    
2026.04.04 22:14:41 INFO                      
2026.04.04 22:14:41 INFO  Downloaded from central: https://repo.maven.apache.org/maven2/ch/epfl/scala/bloop-config_2.13/2.3.3/bloop-config_2.13-2.3.3.jar (288 kB at 2.8 MB/s)
2026.04.04 22:14:41 INFO  Downloading from central: https://repo.maven.apache.org/maven2/org/eclipse/aether/aether-util/1.0.0.v20140518/aether-util-1.0.0.v20140518.jar
2026.04.04 22:14:41 INFO  Progress (1): 0.9/1.3 kB
2026.04.04 22:14:41 INFO  Progress (1): 1.3 kB    
2026.04.04 22:14:41 INFO  Progress (2): 1.3 kB | 0.9/43 kB
2026.04.04 22:14:41 INFO  Progress (2): 1.3 kB | 2.3/43 kB
2026.04.04 22:14:41 INFO  Progress (2): 1.3 kB | 3.6/43 kB
2026.04.04 22:14:41 INFO  Progress (2): 1.3 kB | 5.0/43 kB
2026.04.04 22:14:41 INFO  Progress (2): 1.3 kB | 6.4/43 kB
2026.04.04 22:14:41 INFO  Progress (2): 1.3 kB | 7.7/43 kB
2026.04.04 22:14:41 INFO  Progress (2): 1.3 kB | 9.1/43 kB
2026.04.04 22:14:41 INFO  Progress (2): 1.3 kB | 10/43 kB 
2026.04.04 22:14:41 INFO  Progress (2): 1.3 kB | 12/43 kB
2026.04.04 22:14:41 INFO  Progress (2): 1.3 kB | 13/43 kB
2026.04.04 22:14:41 INFO  Progress (2): 1.3 kB | 15/43 kB
2026.04.04 22:14:41 INFO  Progress (2): 1.3 kB | 16/43 kB
2026.04.04 22:14:41 INFO  Progress (2): 1.3 kB | 17/43 kB
2026.04.04 22:14:41 INFO  Progress (2): 1.3 kB | 19/43 kB
2026.04.04 22:14:41 INFO  Progress (2): 1.3 kB | 20/43 kB
2026.04.04 22:14:41 INFO  Progress (2): 1.3 kB | 21/43 kB
2026.04.04 22:14:41 INFO  Progress (2): 1.3 kB | 23/43 kB
2026.04.04 22:14:41 INFO  Progress (2): 1.3 kB | 24/43 kB
2026.04.04 22:14:41 INFO  Progress (2): 1.3 kB | 26/43 kB
2026.04.04 22:14:41 INFO  Progress (2): 1.3 kB | 27/43 kB
2026.04.04 22:14:41 INFO  Progress (2): 1.3 kB | 28/43 kB
2026.04.04 22:14:41 INFO  Progress (2): 1.3 kB | 30/43 kB
2026.04.04 22:14:41 INFO  Progress (2): 1.3 kB | 31/43 kB
2026.04.04 22:14:41 INFO  Progress (2): 1.3 kB | 32/43 kB
2026.04.04 22:14:41 INFO  Progress (2): 1.3 kB | 33/43 kB
2026.04.04 22:14:41 INFO  Progress (2): 1.3 kB | 35/43 kB
2026.04.04 22:14:41 INFO  Progress (2): 1.3 kB | 36/43 kB
2026.04.04 22:14:41 INFO  Progress (2): 1.3 kB | 38/43 kB
2026.04.04 22:14:41 INFO  Progress (2): 1.3 kB | 39/43 kB
2026.04.04 22:14:41 INFO  Progress (2): 1.3 kB | 40/43 kB
2026.04.04 22:14:41 INFO  Progress (2): 1.3 kB | 42/43 kB
2026.04.04 22:14:41 INFO  Progress (2): 1.3 kB | 43 kB   
2026.04.04 22:14:41 INFO  Progress (3): 1.3 kB | 43 kB | 7.7/146 kB
2026.04.04 22:14:41 INFO  Progress (3): 1.3 kB | 43 kB | 16/146 kB 
2026.04.04 22:14:41 INFO  Progress (3): 1.3 kB | 43 kB | 28/146 kB
2026.04.04 22:14:41 INFO  Progress (3): 1.3 kB | 43 kB | 44/146 kB
2026.04.04 22:14:41 INFO  Progress (3): 1.3 kB | 43 kB | 61/146 kB
2026.04.04 22:14:41 INFO  Progress (3): 1.3 kB | 43 kB | 77/146 kB
2026.04.04 22:14:41 INFO  Progress (3): 1.3 kB | 43 kB | 93/146 kB
2026.04.04 22:14:41 INFO  Progress (3): 1.3 kB | 43 kB | 110/146 kB
2026.04.04 22:14:41 INFO  Progress (3): 1.3 kB | 43 kB | 126/146 kB
2026.04.04 22:14:41 INFO  Progress (3): 1.3 kB | 43 kB | 143/146 kB
2026.04.04 22:14:41 INFO  Progress (3): 1.3 kB | 43 kB | 146 kB    
2026.04.04 22:14:41 INFO  Progress (4): 1.3 kB | 43 kB | 146 kB | 0.9/176 kB
2026.04.04 22:14:41 INFO  Progress (4): 1.3 kB | 43 kB | 146 kB | 2.3/176 kB
2026.04.04 22:14:41 INFO  Progress (4): 1.3 kB | 43 kB | 146 kB | 3.6/176 kB
2026.04.04 22:14:41 INFO  Progress (4): 1.3 kB | 43 kB | 146 kB | 5.0/176 kB
2026.04.04 22:14:41 INFO  Progress (4): 1.3 kB | 43 kB | 146 kB | 6.4/176 kB
2026.04.04 22:14:41 INFO  Progress (4): 1.3 kB | 43 kB | 146 kB | 7.7/176 kB
2026.04.04 22:14:41 INFO  Progress (4): 1.3 kB | 43 kB | 146 kB | 8.2/176 kB
2026.04.04 22:14:41 INFO  Progress (4): 1.3 kB | 43 kB | 146 kB | 9.6/176 kB
2026.04.04 22:14:41 INFO  Progress (4): 1.3 kB | 43 kB | 146 kB | 11/176 kB 
2026.04.04 22:14:41 INFO  Progress (4): 1.3 kB | 43 kB | 146 kB | 12/176 kB
2026.04.04 22:14:41 INFO  Progress (4): 1.3 kB | 43 kB | 146 kB | 14/176 kB
2026.04.04 22:14:41 INFO  Progress (4): 1.3 kB | 43 kB | 146 kB | 15/176 kB
2026.04.04 22:14:41 INFO  Progress (4): 1.3 kB | 43 kB | 146 kB | 16/176 kB
2026.04.04 22:14:41 INFO  Progress (4): 1.3 kB | 43 kB | 146 kB | 18/176 kB
2026.04.04 22:14:41 INFO  Progress (4): 1.3 kB | 43 kB | 146 kB | 19/176 kB
2026.04.04 22:14:41 INFO  Progress (4): 1.3 kB | 43 kB | 146 kB | 21/176 kB
2026.04.04 22:14:41 INFO  Progress (4): 1.3 kB | 43 kB | 146 kB | 22/176 kB
2026.04.04 22:14:41 INFO  Progress (4): 1.3 kB | 43 kB | 146 kB | 23/176 kB
2026.04.04 22:14:41 INFO  Progress (4): 1.3 kB | 43 kB | 146 kB | 25/176 kB
2026.04.04 22:14:41 INFO  Progress (4): 1.3 kB | 43 kB | 146 kB | 26/176 kB
2026.04.04 22:14:41 INFO  Progress (4): 1.3 kB | 43 kB | 146 kB | 27/176 kB
2026.04.04 22:14:41 INFO  Progress (4): 1.3 kB | 43 kB | 146 kB | 29/176 kB
2026.04.04 22:14:41 INFO  Progress (4): 1.3 kB | 43 kB | 146 kB | 30/176 kB
2026.04.04 22:14:41 INFO  Progress (4): 1.3 kB | 43 kB | 146 kB | 31/176 kB
2026.04.04 22:14:41 INFO  Progress (4): 1.3 kB | 43 kB | 146 kB | 33/176 kB
2026.04.04 22:14:41 INFO  Progress (4): 1.3 kB | 43 kB | 146 kB | 34/176 kB
2026.04.04 22:14:41 INFO  Progress (4): 1.3 kB | 43 kB | 146 kB | 36/176 kB
2026.04.04 22:14:41 INFO  Progress (4): 1.3 kB | 43 kB | 146 kB | 37/176 kB
2026.04.04 22:14:41 INFO  Progress (4): 1.3 kB | 43 kB | 146 kB | 38/176 kB
2026.04.04 22:14:41 INFO  Progress (4): 1.3 kB | 43 kB | 146 kB | 40/176 kB
2026.04.04 22:14:41 INFO  Progress (4): 1.3 kB | 43 kB | 146 kB | 41/176 kB
2026.04.04 22:14:41 INFO  Progress (4): 1.3 kB | 43 kB | 146 kB | 42/176 kB
2026.04.04 22:14:41 INFO  Progress (4): 1.3 kB | 43 kB | 146 kB | 44/176 kB
2026.04.04 22:14:41 INFO  Progress (4): 1.3 kB | 43 kB | 146 kB | 45/176 kB
2026.04.04 22:14:41 INFO  Progress (4): 1.3 kB | 43 kB | 146 kB | 47/176 kB
2026.04.04 22:14:41 INFO  Progress (4): 1.3 kB | 43 kB | 146 kB | 48/176 kB
2026.04.04 22:14:41 INFO  Progress (4): 1.3 kB | 43 kB | 146 kB | 49/176 kB
2026.04.04 22:14:41 INFO  Progress (4): 1.3 kB | 43 kB | 146 kB | 51/176 kB
2026.04.04 22:14:41 INFO  Progress (4): 1.3 kB | 43 kB | 146 kB | 52/176 kB
2026.04.04 22:14:41 INFO  Progress (4): 1.3 kB | 43 kB | 146 kB | 53/176 kB
2026.04.04 22:14:41 INFO  Progress (4): 1.3 kB | 43 kB | 146 kB | 55/176 kB
2026.04.04 22:14:41 INFO  Progress (4): 1.3 kB | 43 kB | 146 kB | 59/176 kB
2026.04.04 22:14:41 INFO  Progress (4): 1.3 kB | 43 kB | 146 kB | 63/176 kB
2026.04.04 22:14:41 INFO  Progress (5): 1.3 kB | 43 kB | 146 kB | 63/176 kB | 0.9/159 kB
2026.04.04 22:14:41 INFO  Progress (5): 1.3 kB | 43 kB | 146 kB | 63/176 kB | 2.3/159 kB
2026.04.04 22:14:41 INFO  Progress (5): 1.3 kB | 43 kB | 146 kB | 63/176 kB | 3.6/159 kB
2026.04.04 22:14:41 INFO  Progress (5): 1.3 kB | 43 kB | 146 kB | 63/176 kB | 5.0/159 kB
2026.04.04 22:14:41 INFO  Progress (5): 1.3 kB | 43 kB | 146 kB | 63/176 kB | 6.4/159 kB
2026.04.04 22:14:41 INFO  Progress (5): 1.3 kB | 43 kB | 146 kB | 63/176 kB | 7.7/159 kB
2026.04.04 22:14:41 INFO  Progress (5): 1.3 kB | 43 kB | 146 kB | 63/176 kB | 9.1/159 kB
2026.04.04 22:14:41 INFO  Progress (5): 1.3 kB | 43 kB | 146 kB | 63/176 kB | 10/159 kB 
2026.04.04 22:14:41 INFO  Progress (5): 1.3 kB | 43 kB | 146 kB | 63/176 kB | 12/159 kB
2026.04.04 22:14:41 INFO  Progress (5): 1.3 kB | 43 kB | 146 kB | 63/176 kB | 13/159 kB
2026.04.04 22:14:41 INFO  Progress (5): 1.3 kB | 43 kB | 146 kB | 63/176 kB | 14/159 kB
2026.04.04 22:14:41 INFO  Progress (5): 1.3 kB | 43 kB | 146 kB | 63/176 kB | 16/159 kB
2026.04.04 22:14:41 INFO  Progress (5): 1.3 kB | 43 kB | 146 kB | 63/176 kB | 17/159 kB
2026.04.04 22:14:41 INFO  Progress (5): 1.3 kB | 43 kB | 146 kB | 63/176 kB | 18/159 kB
2026.04.04 22:14:41 INFO  Progress (5): 1.3 kB | 43 kB | 146 kB | 63/176 kB | 20/159 kB
2026.04.04 22:14:41 INFO  Progress (5): 1.3 kB | 43 kB | 146 kB | 63/176 kB | 21/159 kB
2026.04.04 22:14:41 INFO  Progress (5): 1.3 kB | 43 kB | 146 kB | 63/176 kB | 23/159 kB
2026.04.04 22:14:41 INFO  Progress (5): 1.3 kB | 43 kB | 146 kB | 63/176 kB | 24/159 kB
2026.04.04 22:14:41 INFO  Progress (5): 1.3 kB | 43 kB | 146 kB | 63/176 kB | 25/159 kB
2026.04.04 22:14:41 INFO  Progress (5): 1.3 kB | 43 kB | 146 kB | 63/176 kB | 27/159 kB
2026.04.04 22:14:41 INFO  Progress (5): 1.3 kB | 43 kB | 146 kB | 63/176 kB | 28/159 kB
2026.04.04 22:14:41 INFO  Progress (5): 1.3 kB | 43 kB | 146 kB | 63/176 kB | 29/159 kB
2026.04.04 22:14:41 INFO  Progress (5): 1.3 kB | 43 kB | 146 kB | 63/176 kB | 31/159 kB
2026.04.04 22:14:41 INFO  Progress (5): 1.3 kB | 43 kB | 146 kB | 63/176 kB | 32/159 kB
2026.04.04 22:14:41 INFO  Progress (5): 1.3 kB | 43 kB | 146 kB | 63/176 kB | 33/159 kB
2026.04.04 22:14:41 INFO  Progress (5): 1.3 kB | 43 kB | 146 kB | 63/176 kB | 35/159 kB
2026.04.04 22:14:41 INFO  Progress (5): 1.3 kB | 43 kB | 146 kB | 63/176 kB | 36/159 kB
2026.04.04 22:14:41 INFO  Progress (5): 1.3 kB | 43 kB | 146 kB | 63/176 kB | 38/159 kB
2026.04.04 22:14:41 INFO  Progress (5): 1.3 kB | 43 kB | 146 kB | 63/176 kB | 39/159 kB
2026.04.04 22:14:41 INFO  Progress (5): 1.3 kB | 43 kB | 146 kB | 63/176 kB | 40/159 kB
2026.04.04 22:14:41 INFO  Progress (5): 1.3 kB | 43 kB | 146 kB | 63/176 kB | 42/159 kB
2026.04.04 22:14:41 INFO  Progress (5): 1.3 kB | 43 kB | 146 kB | 63/176 kB | 43/159 kB
2026.04.04 22:14:41 INFO  Progress (5): 1.3 kB | 43 kB | 146 kB | 63/176 kB | 44/159 kB
2026.04.04 22:14:41 INFO  Progress (5): 1.3 kB | 43 kB | 146 kB | 63/176 kB | 46/159 kB
2026.04.04 22:14:41 INFO  Progress (5): 1.3 kB | 43 kB | 146 kB | 63/176 kB | 47/159 kB
2026.04.04 22:14:41 INFO  Progress (5): 1.3 kB | 43 kB | 146 kB | 63/176 kB | 49/159 kB
2026.04.04 22:14:41 INFO  Progress (5): 1.3 kB | 43 kB | 146 kB | 63/176 kB | 50/159 kB
2026.04.04 22:14:41 INFO  Progress (5): 1.3 kB | 43 kB | 146 kB | 63/176 kB | 51/159 kB
2026.04.04 22:14:41 INFO  Progress (5): 1.3 kB | 43 kB | 146 kB | 63/176 kB | 53/159 kB
2026.04.04 22:14:41 INFO  Progress (5): 1.3 kB | 43 kB | 146 kB | 63/176 kB | 54/159 kB
2026.04.04 22:14:41 INFO  Progress (5): 1.3 kB | 43 kB | 146 kB | 63/176 kB | 55/159 kB
2026.04.04 22:14:41 INFO  Progress (5): 1.3 kB | 43 kB | 146 kB | 67/176 kB | 55/159 kB
2026.04.04 22:14:41 INFO  Progress (5): 1.3 kB | 43 kB | 146 kB | 72/176 kB | 55/159 kB
2026.04.04 22:14:41 INFO  Progress (5): 1.3 kB | 43 kB | 146 kB | 76/176 kB | 55/159 kB
2026.04.04 22:14:41 INFO  Progress (5): 1.3 kB | 43 kB | 146 kB | 80/176 kB | 55/159 kB
2026.04.04 22:14:41 INFO  Progress (5): 1.3 kB | 43 kB | 146 kB | 82/176 kB | 55/159 kB
2026.04.04 22:14:41 INFO  Progress (5): 1.3 kB | 43 kB | 146 kB | 86/176 kB | 55/159 kB
2026.04.04 22:14:41 INFO  Progress (5): 1.3 kB | 43 kB | 146 kB | 90/176 kB | 55/159 kB
2026.04.04 22:14:41 INFO  Progress (5): 1.3 kB | 43 kB | 146 kB | 90/176 kB | 60/159 kB
2026.04.04 22:14:41 INFO  Progress (5): 1.3 kB | 43 kB | 146 kB | 95/176 kB | 60/159 kB
2026.04.04 22:14:41 INFO  Progress (5): 1.3 kB | 43 kB | 146 kB | 99/176 kB | 60/159 kB
2026.04.04 22:14:41 INFO  Progress (5): 1.3 kB | 43 kB | 146 kB | 103/176 kB | 60/159 kB
2026.04.04 22:14:41 INFO  Progress (5): 1.3 kB | 43 kB | 146 kB | 107/176 kB | 60/159 kB
2026.04.04 22:14:41 INFO  Progress (5): 1.3 kB | 43 kB | 146 kB | 112/176 kB | 60/159 kB
2026.04.04 22:14:41 INFO  Progress (5): 1.3 kB | 43 kB | 146 kB | 116/176 kB | 60/159 kB
2026.04.04 22:14:41 INFO  Progress (5): 1.3 kB | 43 kB | 146 kB | 120/176 kB | 60/159 kB
2026.04.04 22:14:41 INFO  Progress (5): 1.3 kB | 43 kB | 146 kB | 124/176 kB | 60/159 kB
2026.04.04 22:14:41 INFO  Progress (5): 1.3 kB | 43 kB | 146 kB | 124/176 kB | 64/159 kB
2026.04.04 22:14:41 INFO  Progress (5): 1.3 kB | 43 kB | 146 kB | 124/176 kB | 68/159 kB
2026.04.04 22:14:41 INFO  Progress (5): 1.3 kB | 43 kB | 146 kB | 124/176 kB | 72/159 kB
2026.04.04 22:14:41 INFO  Progress (5): 1.3 kB | 43 kB | 146 kB | 124/176 kB | 77/159 kB
2026.04.04 22:14:41 INFO  Progress (5): 1.3 kB | 43 kB | 146 kB | 124/176 kB | 81/159 kB
2026.04.04 22:14:41 INFO  Progress (5): 1.3 kB | 43 kB | 146 kB | 124/176 kB | 85/159 kB
2026.04.04 22:14:41 INFO  Progress (5): 1.3 kB | 43 kB | 146 kB | 124/176 kB | 89/159 kB
2026.04.04 22:14:41 INFO  Progress (5): 1.3 kB | 43 kB | 146 kB | 124/176 kB | 93/159 kB
2026.04.04 22:14:41 INFO  Progress (5): 1.3 kB | 43 kB | 146 kB | 124/176 kB | 98/159 kB
2026.04.04 22:14:41 INFO  Progress (5): 1.3 kB | 43 kB | 146 kB | 128/176 kB | 98/159 kB
2026.04.04 22:14:41 INFO  Progress (5): 1.3 kB | 43 kB | 146 kB | 131/176 kB | 98/159 kB
2026.04.04 22:14:41 INFO  Progress (5): 1.3 kB | 43 kB | 146 kB | 135/176 kB | 98/159 kB
2026.04.04 22:14:41 INFO  Progress (5): 1.3 kB | 43 kB | 146 kB | 139/176 kB | 98/159 kB
2026.04.04 22:14:41 INFO  Progress (5): 1.3 kB | 43 kB | 146 kB | 143/176 kB | 98/159 kB
2026.04.04 22:14:41 INFO  Progress (5): 1.3 kB | 43 kB | 146 kB | 148/176 kB | 98/159 kB
2026.04.04 22:14:41 INFO  Progress (5): 1.3 kB | 43 kB | 146 kB | 152/176 kB | 98/159 kB
2026.04.04 22:14:41 INFO  Progress (5): 1.3 kB | 43 kB | 146 kB | 156/176 kB | 98/159 kB
2026.04.04 22:14:41 INFO  Progress (5): 1.3 kB | 43 kB | 146 kB | 160/176 kB | 98/159 kB
2026.04.04 22:14:41 INFO  Progress (5): 1.3 kB | 43 kB | 146 kB | 164/176 kB | 98/159 kB
2026.04.04 22:14:41 INFO  Progress (5): 1.3 kB | 43 kB | 146 kB | 164/176 kB | 102/159 kB
2026.04.04 22:14:41 INFO  Progress (5): 1.3 kB | 43 kB | 146 kB | 164/176 kB | 106/159 kB
2026.04.04 22:14:41 INFO  Progress (5): 1.3 kB | 43 kB | 146 kB | 164/176 kB | 110/159 kB
2026.04.04 22:14:41 INFO  Progress (5): 1.3 kB | 43 kB | 146 kB | 164/176 kB | 115/159 kB
2026.04.04 22:14:41 INFO  Progress (5): 1.3 kB | 43 kB | 146 kB | 164/176 kB | 119/159 kB
2026.04.04 22:14:41 INFO  Progress (5): 1.3 kB | 43 kB | 146 kB | 164/176 kB | 123/159 kB
2026.04.04 22:14:41 INFO  Progress (5): 1.3 kB | 43 kB | 146 kB | 164/176 kB | 127/159 kB
2026.04.04 22:14:41 INFO  Progress (5): 1.3 kB | 43 kB | 146 kB | 168/176 kB | 127/159 kB
2026.04.04 22:14:41 INFO  Progress (5): 1.3 kB | 43 kB | 146 kB | 172/176 kB | 127/159 kB
2026.04.04 22:14:41 INFO  Progress (5): 1.3 kB | 43 kB | 146 kB | 172/176 kB | 131/159 kB
2026.04.04 22:14:41 INFO  Progress (5): 1.3 kB | 43 kB | 146 kB | 176 kB | 131/159 kB    
2026.04.04 22:14:41 INFO  Progress (5): 1.3 kB | 43 kB | 146 kB | 176 kB | 136/159 kB
2026.04.04 22:14:41 INFO  Progress (5): 1.3 kB | 43 kB | 146 kB | 176 kB | 140/159 kB
2026.04.04 22:14:41 INFO  Progress (5): 1.3 kB | 43 kB | 146 kB | 176 kB | 143/159 kB
2026.04.04 22:14:41 INFO                                                             
2026.04.04 22:14:41 INFO  Downloaded from central: https://repo.maven.apache.org/maven2/com/lihaoyi/unroll-annotation_2.13/0.1.12/unroll-annotation_2.13-0.1.12.jar (1.3 kB at 7.8 kB/s)
2026.04.04 22:14:41 INFO  Downloading from central: https://repo.maven.apache.org/maven2/org/eclipse/aether/aether-api/1.0.0.v20140518/aether-api-1.0.0.v20140518.jar
2026.04.04 22:14:41 INFO  Progress (4): 43 kB | 146 kB | 176 kB | 147/159 kB
2026.04.04 22:14:41 INFO  Progress (4): 43 kB | 146 kB | 176 kB | 151/159 kB
2026.04.04 22:14:41 INFO  Progress (4): 43 kB | 146 kB | 176 kB | 155/159 kB
2026.04.04 22:14:41 INFO  Progress (4): 43 kB | 146 kB | 176 kB | 159 kB    
2026.04.04 22:14:41 INFO                                                
2026.04.04 22:14:41 INFO  Downloaded from central: https://repo.maven.apache.org/maven2/org/eclipse/aether/aether-util/1.0.0.v20140518/aether-util-1.0.0.v20140518.jar (146 kB at 824 kB/s)
2026.04.04 22:14:41 INFO  Downloading from central: https://repo.maven.apache.org/maven2/org/slf4j/slf4j-api/1.7.36/slf4j-api-1.7.36.jar
2026.04.04 22:14:41 INFO  Downloaded from central: https://repo.maven.apache.org/maven2/com/github/plokhotnyuk/jsoniter-scala/jsoniter-scala-core_2.13/2.13.5.2/jsoniter-scala-core_2.13-2.13.5.2.jar (176 kB at 883 kB/s)
2026.04.04 22:14:41 INFO  Downloading from central: https://repo.maven.apache.org/maven2/org/apache/maven/reporting/maven-reporting-api/3.1.1/maven-reporting-api-3.1.1.jar
2026.04.04 22:14:41 INFO  Progress (3): 43 kB | 159 kB | 3.8/136 kB
2026.04.04 22:14:41 INFO  Progress (3): 43 kB | 159 kB | 8.0/136 kB
2026.04.04 22:14:41 INFO  Progress (3): 43 kB | 159 kB | 12/136 kB 
2026.04.04 22:14:41 INFO  Progress (3): 43 kB | 159 kB | 16/136 kB
2026.04.04 22:14:41 INFO  Progress (3): 43 kB | 159 kB | 21/136 kB
2026.04.04 22:14:41 INFO  Progress (3): 43 kB | 159 kB | 25/136 kB
2026.04.04 22:14:41 INFO  Progress (3): 43 kB | 159 kB | 29/136 kB
2026.04.04 22:14:41 INFO  Progress (3): 43 kB | 159 kB | 33/136 kB
2026.04.04 22:14:41 INFO  Progress (3): 43 kB | 159 kB | 38/136 kB
2026.04.04 22:14:41 INFO  Progress (3): 43 kB | 159 kB | 42/136 kB
2026.04.04 22:14:41 INFO  Progress (3): 43 kB | 159 kB | 57/136 kB
2026.04.04 22:14:41 INFO  Progress (3): 43 kB | 159 kB | 74/136 kB
2026.04.04 22:14:41 INFO  Progress (3): 43 kB | 159 kB | 90/136 kB
2026.04.04 22:14:41 INFO  Progress (3): 43 kB | 159 kB | 106/136 kB
2026.04.04 22:14:41 INFO  Progress (3): 43 kB | 159 kB | 123/136 kB
2026.04.04 22:14:41 INFO  Progress (3): 43 kB | 159 kB | 136 kB    
2026.04.04 22:14:41 INFO  Progress (4): 43 kB | 159 kB | 136 kB | 3.8/41 kB
2026.04.04 22:14:41 INFO  Progress (4): 43 kB | 159 kB | 136 kB | 8.0/41 kB
2026.04.04 22:14:41 INFO  Progress (4): 43 kB | 159 kB | 136 kB | 12/41 kB 
2026.04.04 22:14:41 INFO  Progress (4): 43 kB | 159 kB | 136 kB | 16/41 kB
2026.04.04 22:14:41 INFO                                                  
2026.04.04 22:14:41 INFO  Downloaded from central: https://repo.maven.apache.org/maven2/net/alchim31/maven/scala-maven-plugin/4.8.0/scala-maven-plugin-4.8.0.jar (159 kB at 745 kB/s)
2026.04.04 22:14:41 INFO  Downloading from central: https://repo.maven.apache.org/maven2/org/apache/maven/doxia/doxia-sink-api/1.11.1/doxia-sink-api-1.11.1.jar
2026.04.04 22:14:41 INFO  Progress (3): 43 kB | 136 kB | 20/41 kB
2026.04.04 22:14:41 INFO  Progress (3): 43 kB | 136 kB | 24/41 kB
2026.04.04 22:14:41 INFO  Progress (3): 43 kB | 136 kB | 28/41 kB
2026.04.04 22:14:41 INFO  Progress (3): 43 kB | 136 kB | 33/41 kB
2026.04.04 22:14:41 INFO  Progress (3): 43 kB | 136 kB | 37/41 kB
2026.04.04 22:14:41 INFO  Progress (3): 43 kB | 136 kB | 41/41 kB
2026.04.04 22:14:41 INFO  Progress (3): 43 kB | 136 kB | 41 kB   
2026.04.04 22:14:41 INFO  Progress (4): 43 kB | 136 kB | 41 kB | 7.7/11 kB
2026.04.04 22:14:41 INFO  Progress (4): 43 kB | 136 kB | 41 kB | 11 kB    
2026.04.04 22:14:41 INFO                                              
2026.04.04 22:14:41 INFO  Downloaded from central: https://repo.maven.apache.org/maven2/org/eclipse/aether/aether-api/1.0.0.v20140518/aether-api-1.0.0.v20140518.jar (136 kB at 552 kB/s)
2026.04.04 22:14:41 INFO  Downloading from central: https://repo.maven.apache.org/maven2/org/apache/maven/doxia/doxia-logging-api/1.11.1/doxia-logging-api-1.11.1.jar
2026.04.04 22:14:41 INFO  Progress (4): 43 kB | 41 kB | 11 kB | 3.4/12 kB
2026.04.04 22:14:41 INFO  Progress (4): 43 kB | 41 kB | 11 kB | 12 kB    
2026.04.04 22:14:41 INFO  Progress (5): 43 kB | 41 kB | 11 kB | 12 kB | 7.7/12 kB
2026.04.04 22:14:41 INFO  Progress (5): 43 kB | 41 kB | 11 kB | 12 kB | 12 kB    
2026.04.04 22:14:41 INFO                                                     
2026.04.04 22:14:41 INFO  Downloaded from central: https://repo.maven.apache.org/maven2/org/apache/maven/reporting/maven-reporting-api/3.1.1/maven-reporting-api-3.1.1.jar (11 kB at 20 kB/s)
2026.04.04 22:14:41 INFO  Downloading from central: https://repo.maven.apache.org/maven2/org/apache/maven/maven-archiver/3.6.0/maven-archiver-3.6.0.jar
2026.04.04 22:14:41 INFO  Downloaded from central: https://repo.maven.apache.org/maven2/org/apache/maven/doxia/doxia-logging-api/1.11.1/doxia-logging-api-1.11.1.jar (12 kB at 21 kB/s)
2026.04.04 22:14:41 INFO  Downloading from central: https://repo.maven.apache.org/maven2/org/codehaus/plexus/plexus-io/3.4.0/plexus-io-3.4.0.jar
2026.04.04 22:14:41 INFO  Downloaded from central: https://repo.maven.apache.org/maven2/org/apache/maven/doxia/doxia-sink-api/1.11.1/doxia-sink-api-1.11.1.jar (12 kB at 20 kB/s)
2026.04.04 22:14:41 INFO  Downloading from central: https://repo.maven.apache.org/maven2/org/codehaus/plexus/plexus-interpolation/1.26/plexus-interpolation-1.26.jar
2026.04.04 22:14:41 INFO  Progress (3): 43 kB | 41 kB | 7.7/26 kB
2026.04.04 22:14:41 INFO  Progress (3): 43 kB | 41 kB | 16/26 kB 
2026.04.04 22:14:41 INFO  Progress (3): 43 kB | 41 kB | 26 kB   
2026.04.04 22:14:41 INFO  Progress (4): 43 kB | 41 kB | 26 kB | 3.4/79 kB
2026.04.04 22:14:41 INFO  Progress (4): 43 kB | 41 kB | 26 kB | 20/79 kB 
2026.04.04 22:14:41 INFO  Progress (4): 43 kB | 41 kB | 26 kB | 28/79 kB
2026.04.04 22:14:41 INFO  Progress (4): 43 kB | 41 kB | 26 kB | 44/79 kB
2026.04.04 22:14:41 INFO  Progress (4): 43 kB | 41 kB | 26 kB | 61/79 kB
2026.04.04 22:14:41 INFO  Progress (4): 43 kB | 41 kB | 26 kB | 77/79 kB
2026.04.04 22:14:41 INFO  Progress (4): 43 kB | 41 kB | 26 kB | 79 kB   
2026.04.04 22:14:41 INFO  Progress (5): 43 kB | 41 kB | 26 kB | 79 kB | 3.8/85 kB
2026.04.04 22:14:41 INFO  Progress (5): 43 kB | 41 kB | 26 kB | 79 kB | 8.0/85 kB
2026.04.04 22:14:41 INFO  Progress (5): 43 kB | 41 kB | 26 kB | 79 kB | 12/85 kB 
2026.04.04 22:14:41 INFO  Progress (5): 43 kB | 41 kB | 26 kB | 79 kB | 16/85 kB
2026.04.04 22:14:41 INFO  Progress (5): 43 kB | 41 kB | 26 kB | 79 kB | 25/85 kB
2026.04.04 22:14:41 INFO  Progress (5): 43 kB | 41 kB | 26 kB | 79 kB | 41/85 kB
2026.04.04 22:14:41 INFO  Progress (5): 43 kB | 41 kB | 26 kB | 79 kB | 57/85 kB
2026.04.04 22:14:41 INFO  Progress (5): 43 kB | 41 kB | 26 kB | 79 kB | 74/85 kB
2026.04.04 22:14:41 INFO  Progress (5): 43 kB | 41 kB | 26 kB | 79 kB | 85 kB   
2026.04.04 22:14:41 INFO                                                     
2026.04.04 22:14:41 INFO  Downloaded from central: https://repo.maven.apache.org/maven2/org/codehaus/plexus/plexus-io/3.4.0/plexus-io-3.4.0.jar (79 kB at 121 kB/s)
2026.04.04 22:14:41 INFO  Downloading from central: https://repo.maven.apache.org/maven2/org/apache/commons/commons-exec/1.3/commons-exec-1.3.jar
2026.04.04 22:14:41 INFO  Downloaded from central: https://repo.maven.apache.org/maven2/org/codehaus/plexus/plexus-interpolation/1.26/plexus-interpolation-1.26.jar (85 kB at 129 kB/s)
2026.04.04 22:14:41 INFO  Downloading from central: https://repo.maven.apache.org/maven2/org/codehaus/plexus/plexus-utils/3.5.0/plexus-utils-3.5.0.jar
2026.04.04 22:14:41 INFO  Progress (4): 43 kB | 41 kB | 26 kB | 7.7/267 kB
2026.04.04 22:14:41 INFO  Progress (4): 43 kB | 41 kB | 26 kB | 16/267 kB 
2026.04.04 22:14:41 INFO  Progress (4): 43 kB | 41 kB | 26 kB | 25/267 kB
2026.04.04 22:14:41 INFO  Progress (4): 43 kB | 41 kB | 26 kB | 41/267 kB
2026.04.04 22:14:41 INFO  Progress (4): 43 kB | 41 kB | 26 kB | 57/267 kB
2026.04.04 22:14:41 INFO  Progress (4): 43 kB | 41 kB | 26 kB | 74/267 kB
2026.04.04 22:14:41 INFO  Progress (4): 43 kB | 41 kB | 26 kB | 90/267 kB
2026.04.04 22:14:41 INFO  Progress (4): 43 kB | 41 kB | 26 kB | 106/267 kB
2026.04.04 22:14:41 INFO  Progress (4): 43 kB | 41 kB | 26 kB | 123/267 kB
2026.04.04 22:14:41 INFO  Progress (5): 43 kB | 41 kB | 26 kB | 123/267 kB | 7.7/54 kB
2026.04.04 22:14:41 INFO  Progress (5): 43 kB | 41 kB | 26 kB | 139/267 kB | 7.7/54 kB
2026.04.04 22:14:41 INFO  Progress (5): 43 kB | 41 kB | 26 kB | 139/267 kB | 16/54 kB 
2026.04.04 22:14:41 INFO  Progress (5): 43 kB | 41 kB | 26 kB | 156/267 kB | 16/54 kB
2026.04.04 22:14:41 INFO  Progress (5): 43 kB | 41 kB | 26 kB | 172/267 kB | 16/54 kB
2026.04.04 22:14:41 INFO  Progress (5): 43 kB | 41 kB | 26 kB | 172/267 kB | 32/54 kB
2026.04.04 22:14:41 INFO  Progress (5): 43 kB | 41 kB | 26 kB | 188/267 kB | 32/54 kB
2026.04.04 22:14:41 INFO  Progress (5): 43 kB | 41 kB | 26 kB | 188/267 kB | 48/54 kB
2026.04.04 22:14:41 INFO  Progress (5): 43 kB | 41 kB | 26 kB | 188/267 kB | 54 kB   
2026.04.04 22:14:41 INFO  Progress (5): 43 kB | 41 kB | 26 kB | 205/267 kB | 54 kB
2026.04.04 22:14:41 INFO  Progress (5): 43 kB | 41 kB | 26 kB | 221/267 kB | 54 kB
2026.04.04 22:14:41 INFO  Progress (5): 43 kB | 41 kB | 26 kB | 238/267 kB | 54 kB
2026.04.04 22:14:41 INFO  Progress (5): 43 kB | 41 kB | 26 kB | 254/267 kB | 54 kB
2026.04.04 22:14:41 INFO  Progress (5): 43 kB | 41 kB | 26 kB | 267 kB | 54 kB    
2026.04.04 22:14:41 INFO                                                      
2026.04.04 22:14:41 INFO  Downloaded from central: https://repo.maven.apache.org/maven2/org/codehaus/plexus/plexus-utils/3.5.0/plexus-utils-3.5.0.jar (267 kB at 343 kB/s)
2026.04.04 22:14:41 INFO  Downloading from central: https://repo.maven.apache.org/maven2/org/codehaus/plexus/plexus-archiver/4.6.0/plexus-archiver-4.6.0.jar
2026.04.04 22:14:41 INFO  Downloaded from central: https://repo.maven.apache.org/maven2/org/apache/commons/commons-exec/1.3/commons-exec-1.3.jar (54 kB at 68 kB/s)
2026.04.04 22:14:41 INFO  Downloading from central: https://repo.maven.apache.org/maven2/javax/inject/javax.inject/1/javax.inject-1.jar
2026.04.04 22:14:41 INFO  Downloaded from central: https://repo.maven.apache.org/maven2/org/apache/maven/maven-archiver/3.6.0/maven-archiver-3.6.0.jar (26 kB at 30 kB/s)
2026.04.04 22:14:41 INFO  Downloading from central: https://repo.maven.apache.org/maven2/commons-io/commons-io/2.11.0/commons-io-2.11.0.jar
2026.04.04 22:14:41 INFO  Progress (3): 43 kB | 41 kB | 7.7/216 kB
2026.04.04 22:14:41 INFO  Progress (3): 43 kB | 41 kB | 16/216 kB 
2026.04.04 22:14:41 INFO  Progress (3): 43 kB | 41 kB | 25/216 kB
2026.04.04 22:14:41 INFO  Progress (3): 43 kB | 41 kB | 41/216 kB
2026.04.04 22:14:41 INFO  Progress (3): 43 kB | 41 kB | 57/216 kB
2026.04.04 22:14:41 INFO  Progress (3): 43 kB | 41 kB | 74/216 kB
2026.04.04 22:14:41 INFO  Progress (3): 43 kB | 41 kB | 90/216 kB
2026.04.04 22:14:41 INFO  Progress (3): 43 kB | 41 kB | 106/216 kB
2026.04.04 22:14:41 INFO  Progress (3): 43 kB | 41 kB | 123/216 kB
2026.04.04 22:14:41 INFO  Progress (3): 43 kB | 41 kB | 139/216 kB
2026.04.04 22:14:41 INFO  Progress (3): 43 kB | 41 kB | 156/216 kB
2026.04.04 22:14:41 INFO  Progress (3): 43 kB | 41 kB | 172/216 kB
2026.04.04 22:14:41 INFO  Progress (3): 43 kB | 41 kB | 188/216 kB
2026.04.04 22:14:41 INFO  Progress (3): 43 kB | 41 kB | 205/216 kB
2026.04.04 22:14:41 INFO  Progress (3): 43 kB | 41 kB | 216 kB    
2026.04.04 22:14:41 INFO  Progress (4): 43 kB | 41 kB | 216 kB | 2.5 kB
2026.04.04 22:14:41 INFO  Progress (5): 43 kB | 41 kB | 216 kB | 2.5 kB | 7.7/327 kB
2026.04.04 22:14:41 INFO  Progress (5): 43 kB | 41 kB | 216 kB | 2.5 kB | 16/327 kB 
2026.04.04 22:14:41 INFO  Progress (5): 43 kB | 41 kB | 216 kB | 2.5 kB | 32/327 kB
2026.04.04 22:14:41 INFO                                                           
2026.04.04 22:14:41 INFO  Downloaded from central: https://repo.maven.apache.org/maven2/javax/inject/javax.inject/1/javax.inject-1.jar (2.5 kB at 2.7 kB/s)
2026.04.04 22:14:41 INFO  Downloading from central: https://repo.maven.apache.org/maven2/org/apache/commons/commons-compress/1.21/commons-compress-1.21.jar
2026.04.04 22:14:41 INFO  Progress (4): 43 kB | 41 kB | 216 kB | 49/327 kB
2026.04.04 22:14:41 INFO  Progress (4): 43 kB | 41 kB | 216 kB | 57/327 kB
2026.04.04 22:14:41 INFO  Progress (4): 43 kB | 41 kB | 216 kB | 74/327 kB
2026.04.04 22:14:41 INFO  Progress (4): 43 kB | 41 kB | 216 kB | 90/327 kB
2026.04.04 22:14:41 INFO  Progress (4): 43 kB | 41 kB | 216 kB | 106/327 kB
2026.04.04 22:14:41 INFO  Progress (4): 43 kB | 41 kB | 216 kB | 123/327 kB
2026.04.04 22:14:41 INFO  Progress (4): 43 kB | 41 kB | 216 kB | 139/327 kB
2026.04.04 22:14:41 INFO  Progress (4): 43 kB | 41 kB | 216 kB | 156/327 kB
2026.04.04 22:14:41 INFO  Progress (4): 43 kB | 41 kB | 216 kB | 172/327 kB
2026.04.04 22:14:41 INFO  Progress (4): 43 kB | 41 kB | 216 kB | 188/327 kB
2026.04.04 22:14:41 INFO  Progress (4): 43 kB | 41 kB | 216 kB | 205/327 kB
2026.04.04 22:14:41 INFO  Progress (4): 43 kB | 41 kB | 216 kB | 221/327 kB
2026.04.04 22:14:41 INFO  Progress (4): 43 kB | 41 kB | 216 kB | 238/327 kB
2026.04.04 22:14:41 INFO  Progress (4): 43 kB | 41 kB | 216 kB | 254/327 kB
2026.04.04 22:14:41 INFO  Progress (4): 43 kB | 41 kB | 216 kB | 270/327 kB
2026.04.04 22:14:41 INFO  Progress (4): 43 kB | 41 kB | 216 kB | 287/327 kB
2026.04.04 22:14:41 INFO  Progress (4): 43 kB | 41 kB | 216 kB | 303/327 kB
2026.04.04 22:14:41 INFO  Progress (4): 43 kB | 41 kB | 216 kB | 319/327 kB
2026.04.04 22:14:41 INFO  Progress (4): 43 kB | 41 kB | 216 kB | 327 kB    
2026.04.04 22:14:41 INFO                                               
2026.04.04 22:14:41 INFO  Downloaded from central: https://repo.maven.apache.org/maven2/org/codehaus/plexus/plexus-archiver/4.6.0/plexus-archiver-4.6.0.jar (216 kB at 230 kB/s)
2026.04.04 22:14:41 INFO  Downloading from central: https://repo.maven.apache.org/maven2/org/iq80/snappy/snappy/0.4/snappy-0.4.jar
2026.04.04 22:14:41 INFO  Progress (4): 43 kB | 41 kB | 327 kB | 0/1.0 MB
2026.04.04 22:14:41 INFO  Progress (4): 43 kB | 41 kB | 327 kB | 0/1.0 MB
2026.04.04 22:14:41 INFO  Progress (4): 43 kB | 41 kB | 327 kB | 0/1.0 MB
2026.04.04 22:14:41 INFO  Progress (4): 43 kB | 41 kB | 327 kB | 0.1/1.0 MB
2026.04.04 22:14:41 INFO  Progress (4): 43 kB | 41 kB | 327 kB | 0.1/1.0 MB
2026.04.04 22:14:41 INFO  Progress (4): 43 kB | 41 kB | 327 kB | 0.1/1.0 MB
2026.04.04 22:14:41 INFO  Progress (4): 43 kB | 41 kB | 327 kB | 0.1/1.0 MB
2026.04.04 22:14:41 INFO  Progress (4): 43 kB | 41 kB | 327 kB | 0.1/1.0 MB
2026.04.04 22:14:41 INFO  Progress (4): 43 kB | 41 kB | 327 kB | 0.1/1.0 MB
2026.04.04 22:14:41 INFO  Progress (4): 43 kB | 41 kB | 327 kB | 0.1/1.0 MB
2026.04.04 22:14:41 INFO  Progress (4): 43 kB | 41 kB | 327 kB | 0.1/1.0 MB
2026.04.04 22:14:41 INFO  Progress (4): 43 kB | 41 kB | 327 kB | 0.2/1.0 MB
2026.04.04 22:14:41 INFO  Progress (4): 43 kB | 41 kB | 327 kB | 0.2/1.0 MB
2026.04.04 22:14:41 INFO  Progress (4): 43 kB | 41 kB | 327 kB | 0.2/1.0 MB
2026.04.04 22:14:41 INFO  Progress (4): 43 kB | 41 kB | 327 kB | 0.2/1.0 MB
2026.04.04 22:14:41 INFO  Progress (4): 43 kB | 41 kB | 327 kB | 0.2/1.0 MB
2026.04.04 22:14:41 INFO  Progress (4): 43 kB | 41 kB | 327 kB | 0.2/1.0 MB
2026.04.04 22:14:41 INFO  Progress (4): 43 kB | 41 kB | 327 kB | 0.3/1.0 MB
2026.04.04 22:14:41 INFO  Progress (4): 43 kB | 41 kB | 327 kB | 0.3/1.0 MB
2026.04.04 22:14:41 INFO  Progress (4): 43 kB | 41 kB | 327 kB | 0.3/1.0 MB
2026.04.04 22:14:41 INFO  Progress (5): 43 kB | 41 kB | 327 kB | 0.3/1.0 MB | 7.7/58 kB
2026.04.04 22:14:41 INFO  Progress (5): 43 kB | 41 kB | 327 kB | 0.3/1.0 MB | 12/58 kB 
2026.04.04 22:14:41 INFO  Progress (5): 43 kB | 41 kB | 327 kB | 0.3/1.0 MB | 12/58 kB
2026.04.04 22:14:41 INFO  Progress (5): 43 kB | 41 kB | 327 kB | 0.3/1.0 MB | 12/58 kB
2026.04.04 22:14:41 INFO  Progress (5): 43 kB | 41 kB | 327 kB | 0.3/1.0 MB | 29/58 kB
2026.04.04 22:14:41 INFO  Progress (5): 43 kB | 41 kB | 327 kB | 0.3/1.0 MB | 45/58 kB
2026.04.04 22:14:41 INFO  Progress (5): 43 kB | 41 kB | 327 kB | 0.3/1.0 MB | 45/58 kB
2026.04.04 22:14:41 INFO  Progress (5): 43 kB | 41 kB | 327 kB | 0.4/1.0 MB | 45/58 kB
2026.04.04 22:14:41 INFO  Progress (5): 43 kB | 41 kB | 327 kB | 0.4/1.0 MB | 58 kB   
2026.04.04 22:14:41 INFO  Progress (5): 43 kB | 41 kB | 327 kB | 0.4/1.0 MB | 58 kB
2026.04.04 22:14:41 INFO                                                           
2026.04.04 22:14:41 INFO  Downloaded from central: https://repo.maven.apache.org/maven2/commons-io/commons-io/2.11.0/commons-io-2.11.0.jar (327 kB at 334 kB/s)
2026.04.04 22:14:41 INFO  Downloading from central: https://repo.maven.apache.org/maven2/org/tukaani/xz/1.9/xz-1.9.jar
2026.04.04 22:14:41 INFO  Progress (4): 43 kB | 41 kB | 0.4/1.0 MB | 58 kB
2026.04.04 22:14:41 INFO  Progress (4): 43 kB | 41 kB | 0.4/1.0 MB | 58 kB
2026.04.04 22:14:41 INFO  Progress (4): 43 kB | 41 kB | 0.4/1.0 MB | 58 kB
2026.04.04 22:14:41 INFO  Progress (4): 43 kB | 41 kB | 0.4/1.0 MB | 58 kB
2026.04.04 22:14:41 INFO  Progress (4): 43 kB | 41 kB | 0.5/1.0 MB | 58 kB
2026.04.04 22:14:41 INFO  Progress (4): 43 kB | 41 kB | 0.5/1.0 MB | 58 kB
2026.04.04 22:14:41 INFO  Progress (4): 43 kB | 41 kB | 0.5/1.0 MB | 58 kB
2026.04.04 22:14:41 INFO  Progress (4): 43 kB | 41 kB | 0.5/1.0 MB | 58 kB
2026.04.04 22:14:41 INFO  Progress (4): 43 kB | 41 kB | 0.5/1.0 MB | 58 kB
2026.04.04 22:14:41 INFO  Progress (4): 43 kB | 41 kB | 0.5/1.0 MB | 58 kB
2026.04.04 22:14:41 INFO  Progress (4): 43 kB | 41 kB | 0.6/1.0 MB | 58 kB
2026.04.04 22:14:41 INFO  Progress (4): 43 kB | 41 kB | 0.6/1.0 MB | 58 kB
2026.04.04 22:14:41 INFO  Progress (4): 43 kB | 41 kB | 0.6/1.0 MB | 58 kB
2026.04.04 22:14:41 INFO  Progress (4): 43 kB | 41 kB | 0.6/1.0 MB | 58 kB
2026.04.04 22:14:41 INFO  Progress (4): 43 kB | 41 kB | 0.6/1.0 MB | 58 kB
2026.04.04 22:14:41 INFO  Progress (4): 43 kB | 41 kB | 0.6/1.0 MB | 58 kB
2026.04.04 22:14:41 INFO  Progress (4): 43 kB | 41 kB | 0.7/1.0 MB | 58 kB
2026.04.04 22:14:41 INFO  Progress (4): 43 kB | 41 kB | 0.7/1.0 MB | 58 kB
2026.04.04 22:14:41 INFO  Progress (4): 43 kB | 41 kB | 0.7/1.0 MB | 58 kB
2026.04.04 22:14:41 INFO  Progress (4): 43 kB | 41 kB | 0.7/1.0 MB | 58 kB
2026.04.04 22:14:41 INFO  Progress (4): 43 kB | 41 kB | 0.7/1.0 MB | 58 kB
2026.04.04 22:14:41 INFO  Progress (4): 43 kB | 41 kB | 0.7/1.0 MB | 58 kB
2026.04.04 22:14:41 INFO  Progress (4): 43 kB | 41 kB | 0.8/1.0 MB | 58 kB
2026.04.04 22:14:41 INFO  Progress (4): 43 kB | 41 kB | 0.8/1.0 MB | 58 kB
2026.04.04 22:14:41 INFO  Progress (4): 43 kB | 41 kB | 0.8/1.0 MB | 58 kB
2026.04.04 22:14:41 INFO  Progress (4): 43 kB | 41 kB | 0.8/1.0 MB | 58 kB
2026.04.04 22:14:41 INFO  Progress (4): 43 kB | 41 kB | 0.8/1.0 MB | 58 kB
2026.04.04 22:14:41 INFO                                                  
2026.04.04 22:14:41 INFO  Downloaded from central: https://repo.maven.apache.org/maven2/org/iq80/snappy/snappy/0.4/snappy-0.4.jar (58 kB at 57 kB/s)
2026.04.04 22:14:41 INFO  Downloading from central: https://repo.maven.apache.org/maven2/com/github/luben/zstd-jni/1.5.2-5/zstd-jni-1.5.2-5.jar
2026.04.04 22:14:41 INFO  Progress (3): 43 kB | 41 kB | 0.8/1.0 MB
2026.04.04 22:14:41 INFO  Progress (3): 43 kB | 41 kB | 0.9/1.0 MB
2026.04.04 22:14:41 INFO  Progress (3): 43 kB | 41 kB | 0.9/1.0 MB
2026.04.04 22:14:41 INFO  Progress (3): 43 kB | 41 kB | 0.9/1.0 MB
2026.04.04 22:14:41 INFO  Progress (3): 43 kB | 41 kB | 0.9/1.0 MB
2026.04.04 22:14:41 INFO  Progress (3): 43 kB | 41 kB | 0.9/1.0 MB
2026.04.04 22:14:41 INFO  Progress (3): 43 kB | 41 kB | 0.9/1.0 MB
2026.04.04 22:14:41 INFO  Progress (3): 43 kB | 41 kB | 1.0/1.0 MB
2026.04.04 22:14:41 INFO  Progress (3): 43 kB | 41 kB | 1.0/1.0 MB
2026.04.04 22:14:41 INFO  Progress (3): 43 kB | 41 kB | 1.0/1.0 MB
2026.04.04 22:14:41 INFO  Progress (3): 43 kB | 41 kB | 1.0/1.0 MB
2026.04.04 22:14:41 INFO  Progress (3): 43 kB | 41 kB | 1.0/1.0 MB
2026.04.04 22:14:41 INFO  Progress (3): 43 kB | 41 kB | 1.0 MB    
2026.04.04 22:14:41 INFO  Progress (4): 43 kB | 41 kB | 1.0 MB | 7.7/116 kB
2026.04.04 22:14:41 INFO  Progress (4): 43 kB | 41 kB | 1.0 MB | 16/116 kB 
2026.04.04 22:14:41 INFO  Progress (4): 43 kB | 41 kB | 1.0 MB | 32/116 kB
2026.04.04 22:14:41 INFO  Progress (4): 43 kB | 41 kB | 1.0 MB | 49/116 kB
2026.04.04 22:14:41 INFO  Progress (4): 43 kB | 41 kB | 1.0 MB | 61/116 kB
2026.04.04 22:14:41 INFO  Progress (4): 43 kB | 41 kB | 1.0 MB | 77/116 kB
2026.04.04 22:14:41 INFO  Progress (4): 43 kB | 41 kB | 1.0 MB | 93/116 kB
2026.04.04 22:14:41 INFO  Progress (4): 43 kB | 41 kB | 1.0 MB | 110/116 kB
2026.04.04 22:14:41 INFO  Progress (4): 43 kB | 41 kB | 1.0 MB | 116 kB    
2026.04.04 22:14:41 INFO  Progress (5): 43 kB | 41 kB | 1.0 MB | 116 kB | 0/6.3 MB
2026.04.04 22:14:41 INFO  Progress (5): 43 kB | 41 kB | 1.0 MB | 116 kB | 0/6.3 MB
2026.04.04 22:14:41 INFO  Progress (5): 43 kB | 41 kB | 1.0 MB | 116 kB | 0/6.3 MB
2026.04.04 22:14:41 INFO  Progress (5): 43 kB | 41 kB | 1.0 MB | 116 kB | 0/6.3 MB
2026.04.04 22:14:41 INFO  Progress (5): 43 kB | 41 kB | 1.0 MB | 116 kB | 0.1/6.3 MB
2026.04.04 22:14:41 INFO  Progress (5): 43 kB | 41 kB | 1.0 MB | 116 kB | 0.1/6.3 MB
2026.04.04 22:14:41 INFO  Progress (5): 43 kB | 41 kB | 1.0 MB | 116 kB | 0.1/6.3 MB
2026.04.04 22:14:41 INFO  Progress (5): 43 kB | 41 kB | 1.0 MB | 116 kB | 0.1/6.3 MB
2026.04.04 22:14:41 INFO  Progress (5): 43 kB | 41 kB | 1.0 MB | 116 kB | 0.1/6.3 MB
2026.04.04 22:14:41 INFO  Progress (5): 43 kB | 41 kB | 1.0 MB | 116 kB | 0.1/6.3 MB
2026.04.04 22:14:41 INFO  Progress (5): 43 kB | 41 kB | 1.0 MB | 116 kB | 0.1/6.3 MB
2026.04.04 22:14:41 INFO  Progress (5): 43 kB | 41 kB | 1.0 MB | 116 kB | 0.2/6.3 MB
2026.04.04 22:14:41 INFO  Progress (5): 43 kB | 41 kB | 1.0 MB | 116 kB | 0.2/6.3 MB
2026.04.04 22:14:41 INFO  Progress (5): 43 kB | 41 kB | 1.0 MB | 116 kB | 0.2/6.3 MB
2026.04.04 22:14:41 INFO  Progress (5): 43 kB | 41 kB | 1.0 MB | 116 kB | 0.2/6.3 MB
2026.04.04 22:14:42 INFO  Progress (5): 43 kB | 41 kB | 1.0 MB | 116 kB | 0.2/6.3 MB
2026.04.04 22:14:42 INFO  Progress (5): 43 kB | 41 kB | 1.0 MB | 116 kB | 0.2/6.3 MB
2026.04.04 22:14:42 INFO  Progress (5): 43 kB | 41 kB | 1.0 MB | 116 kB | 0.3/6.3 MB
2026.04.04 22:14:42 INFO  Progress (5): 43 kB | 41 kB | 1.0 MB | 116 kB | 0.3/6.3 MB
2026.04.04 22:14:42 INFO  Progress (5): 43 kB | 41 kB | 1.0 MB | 116 kB | 0.3/6.3 MB
2026.04.04 22:14:42 INFO  Progress (5): 43 kB | 41 kB | 1.0 MB | 116 kB | 0.3/6.3 MB
2026.04.04 22:14:42 INFO  Progress (5): 43 kB | 41 kB | 1.0 MB | 116 kB | 0.3/6.3 MB
2026.04.04 22:14:42 INFO  Progress (5): 43 kB | 41 kB | 1.0 MB | 116 kB | 0.3/6.3 MB
2026.04.04 22:14:42 INFO  Progress (5): 43 kB | 41 kB | 1.0 MB | 116 kB | 0.3/6.3 MB
2026.04.04 22:14:42 INFO  Progress (5): 43 kB | 41 kB | 1.0 MB | 116 kB | 0.4/6.3 MB
2026.04.04 22:14:42 INFO  Progress (5): 43 kB | 41 kB | 1.0 MB | 116 kB | 0.4/6.3 MB
2026.04.04 22:14:42 INFO  Progress (5): 43 kB | 41 kB | 1.0 MB | 116 kB | 0.4/6.3 MB
2026.04.04 22:14:42 INFO  Progress (5): 43 kB | 41 kB | 1.0 MB | 116 kB | 0.4/6.3 MB
2026.04.04 22:14:42 INFO  Progress (5): 43 kB | 41 kB | 1.0 MB | 116 kB | 0.4/6.3 MB
2026.04.04 22:14:42 INFO  Progress (5): 43 kB | 41 kB | 1.0 MB | 116 kB | 0.4/6.3 MB
2026.04.04 22:14:42 INFO  Progress (5): 43 kB | 41 kB | 1.0 MB | 116 kB | 0.4/6.3 MB
2026.04.04 22:14:42 INFO  Progress (5): 43 kB | 41 kB | 1.0 MB | 116 kB | 0.5/6.3 MB
2026.04.04 22:14:42 INFO  Progress (5): 43 kB | 41 kB | 1.0 MB | 116 kB | 0.5/6.3 MB
2026.04.04 22:14:42 INFO  Progress (5): 43 kB | 41 kB | 1.0 MB | 116 kB | 0.5/6.3 MB
2026.04.04 22:14:42 INFO                                                            
2026.04.04 22:14:42 INFO  Downloaded from central: https://repo.maven.apache.org/maven2/org/apache/commons/commons-compress/1.21/commons-compress-1.21.jar (1.0 MB at 944 kB/s)
2026.04.04 22:14:42 INFO  Progress (4): 43 kB | 41 kB | 116 kB | 0.5/6.3 MB
2026.04.04 22:14:42 INFO                                                   
2026.04.04 22:14:42 INFO  Downloading from central: https://repo.maven.apache.org/maven2/org/codehaus/plexus/plexus-classworlds/2.7.0/plexus-classworlds-2.7.0.jar
2026.04.04 22:14:42 INFO  Progress (4): 43 kB | 41 kB | 116 kB | 0.5/6.3 MB
2026.04.04 22:14:42 INFO  Progress (4): 43 kB | 41 kB | 116 kB | 0.5/6.3 MB
2026.04.04 22:14:42 INFO  Progress (4): 43 kB | 41 kB | 116 kB | 0.6/6.3 MB
2026.04.04 22:14:42 INFO  Progress (4): 43 kB | 41 kB | 116 kB | 0.6/6.3 MB
2026.04.04 22:14:42 INFO                                                   
2026.04.04 22:14:42 INFO  Downloaded from central: https://repo.maven.apache.org/maven2/org/tukaani/xz/1.9/xz-1.9.jar (116 kB at 107 kB/s)
2026.04.04 22:14:42 INFO  Downloading from central: https://repo.maven.apache.org/maven2/org/scala-sbt/zinc_2.13/1.8.0/zinc_2.13-1.8.0.jar
2026.04.04 22:14:42 INFO  Progress (3): 43 kB | 41 kB | 0.6/6.3 MB
2026.04.04 22:14:42 INFO  Progress (3): 43 kB | 41 kB | 0.6/6.3 MB
2026.04.04 22:14:42 INFO  Progress (3): 43 kB | 41 kB | 0.6/6.3 MB
2026.04.04 22:14:42 INFO  Progress (3): 43 kB | 41 kB | 0.6/6.3 MB
2026.04.04 22:14:42 INFO  Progress (3): 43 kB | 41 kB | 0.7/6.3 MB
2026.04.04 22:14:42 INFO  Progress (3): 43 kB | 41 kB | 0.7/6.3 MB
2026.04.04 22:14:42 INFO  Progress (3): 43 kB | 41 kB | 0.7/6.3 MB
2026.04.04 22:14:42 INFO  Progress (3): 43 kB | 41 kB | 0.7/6.3 MB
2026.04.04 22:14:42 INFO  Progress (3): 43 kB | 41 kB | 0.7/6.3 MB
2026.04.04 22:14:42 INFO  Progress (3): 43 kB | 41 kB | 0.7/6.3 MB
2026.04.04 22:14:42 INFO  Progress (3): 43 kB | 41 kB | 0.8/6.3 MB
2026.04.04 22:14:42 INFO  Progress (3): 43 kB | 41 kB | 0.8/6.3 MB
2026.04.04 22:14:42 INFO  Progress (3): 43 kB | 41 kB | 0.8/6.3 MB
2026.04.04 22:14:42 INFO  Progress (3): 43 kB | 41 kB | 0.8/6.3 MB
2026.04.04 22:14:42 INFO  Progress (3): 43 kB | 41 kB | 0.8/6.3 MB
2026.04.04 22:14:42 INFO  Progress (3): 43 kB | 41 kB | 0.8/6.3 MB
2026.04.04 22:14:42 INFO  Progress (3): 43 kB | 41 kB | 0.9/6.3 MB
2026.04.04 22:14:42 INFO  Progress (3): 43 kB | 41 kB | 0.9/6.3 MB
2026.04.04 22:14:42 INFO  Progress (3): 43 kB | 41 kB | 0.9/6.3 MB
2026.04.04 22:14:42 INFO  Progress (3): 43 kB | 41 kB | 0.9/6.3 MB
2026.04.04 22:14:42 INFO  Progress (3): 43 kB | 41 kB | 0.9/6.3 MB
2026.04.04 22:14:42 INFO  Progress (3): 43 kB | 41 kB | 0.9/6.3 MB
2026.04.04 22:14:42 INFO  Progress (3): 43 kB | 41 kB | 0.9/6.3 MB
2026.04.04 22:14:42 INFO  Progress (3): 43 kB | 41 kB | 1.0/6.3 MB
2026.04.04 22:14:42 INFO  Progress (3): 43 kB | 41 kB | 1.0/6.3 MB
2026.04.04 22:14:42 INFO  Progress (3): 43 kB | 41 kB | 1.0/6.3 MB
2026.04.04 22:14:42 INFO  Progress (3): 43 kB | 41 kB | 1.0/6.3 MB
2026.04.04 22:14:42 INFO  Progress (3): 43 kB | 41 kB | 1.0/6.3 MB
2026.04.04 22:14:42 INFO  Progress (3): 43 kB | 41 kB | 1.0/6.3 MB
2026.04.04 22:14:42 INFO  Progress (3): 43 kB | 41 kB | 1.0/6.3 MB
2026.04.04 22:14:42 INFO  Progress (3): 43 kB | 41 kB | 1.0/6.3 MB
2026.04.04 22:14:42 INFO  Progress (3): 43 kB | 41 kB | 1.1/6.3 MB
2026.04.04 22:14:42 INFO  Progress (3): 43 kB | 41 kB | 1.1/6.3 MB
2026.04.04 22:14:42 INFO  Progress (3): 43 kB | 41 kB | 1.1/6.3 MB
2026.04.04 22:14:42 INFO  Progress (3): 43 kB | 41 kB | 1.1/6.3 MB
2026.04.04 22:14:42 INFO  Progress (3): 43 kB | 41 kB | 1.1/6.3 MB
2026.04.04 22:14:42 INFO  Progress (3): 43 kB | 41 kB | 1.1/6.3 MB
2026.04.04 22:14:42 INFO  Progress (3): 43 kB | 41 kB | 1.2/6.3 MB
2026.04.04 22:14:42 INFO  Progress (3): 43 kB | 41 kB | 1.2/6.3 MB
2026.04.04 22:14:42 INFO  Progress (3): 43 kB | 41 kB | 1.2/6.3 MB
2026.04.04 22:14:42 INFO  Progress (3): 43 kB | 41 kB | 1.2/6.3 MB
2026.04.04 22:14:42 INFO  Progress (3): 43 kB | 41 kB | 1.2/6.3 MB
2026.04.04 22:14:42 INFO  Progress (3): 43 kB | 41 kB | 1.2/6.3 MB
2026.04.04 22:14:42 INFO  Progress (3): 43 kB | 41 kB | 1.3/6.3 MB
2026.04.04 22:14:42 INFO  Progress (3): 43 kB | 41 kB | 1.3/6.3 MB
2026.04.04 22:14:42 INFO  Progress (3): 43 kB | 41 kB | 1.3/6.3 MB
2026.04.04 22:14:42 INFO  Progress (3): 43 kB | 41 kB | 1.3/6.3 MB
2026.04.04 22:14:42 INFO  Progress (4): 43 kB | 41 kB | 1.3/6.3 MB | 7.7/53 kB
2026.04.04 22:14:42 INFO  Progress (4): 43 kB | 41 kB | 1.3/6.3 MB | 16/53 kB 
2026.04.04 22:14:42 INFO  Progress (4): 43 kB | 41 kB | 1.3/6.3 MB | 25/53 kB
2026.04.04 22:14:42 INFO  Progress (4): 43 kB | 41 kB | 1.3/6.3 MB | 25/53 kB
2026.04.04 22:14:42 INFO  Progress (4): 43 kB | 41 kB | 1.3/6.3 MB | 25/53 kB
2026.04.04 22:14:42 INFO  Progress (4): 43 kB | 41 kB | 1.4/6.3 MB | 25/53 kB
2026.04.04 22:14:42 INFO  Progress (4): 43 kB | 41 kB | 1.4/6.3 MB | 25/53 kB
2026.04.04 22:14:42 INFO  Progress (4): 43 kB | 41 kB | 1.4/6.3 MB | 25/53 kB
2026.04.04 22:14:42 INFO  Progress (4): 43 kB | 41 kB | 1.4/6.3 MB | 25/53 kB
2026.04.04 22:14:42 INFO  Progress (4): 43 kB | 41 kB | 1.4/6.3 MB | 41/53 kB
2026.04.04 22:14:42 INFO  Progress (4): 43 kB | 41 kB | 1.4/6.3 MB | 53 kB   
2026.04.04 22:14:42 INFO  Progress (4): 43 kB | 41 kB | 1.4/6.3 MB | 53 kB
2026.04.04 22:14:42 INFO  Progress (4): 43 kB | 41 kB | 1.4/6.3 MB | 53 kB
2026.04.04 22:14:42 INFO  Progress (5): 43 kB | 41 kB | 1.4/6.3 MB | 53 kB | 7.7/85 kB
2026.04.04 22:14:42 INFO  Progress (5): 43 kB | 41 kB | 1.4/6.3 MB | 53 kB | 16/85 kB 
2026.04.04 22:14:42 INFO  Progress (5): 43 kB | 41 kB | 1.4/6.3 MB | 53 kB | 32/85 kB
2026.04.04 22:14:42 INFO  Progress (5): 43 kB | 41 kB | 1.4/6.3 MB | 53 kB | 48/85 kB
2026.04.04 22:14:42 INFO  Progress (5): 43 kB | 41 kB | 1.4/6.3 MB | 53 kB | 65/85 kB
2026.04.04 22:14:42 INFO  Progress (5): 43 kB | 41 kB | 1.4/6.3 MB | 53 kB | 81/85 kB
2026.04.04 22:14:42 INFO  Progress (5): 43 kB | 41 kB | 1.4/6.3 MB | 53 kB | 85 kB   
2026.04.04 22:14:42 INFO  Progress (5): 43 kB | 41 kB | 1.5/6.3 MB | 53 kB | 85 kB
2026.04.04 22:14:42 INFO  Progress (5): 43 kB | 41 kB | 1.5/6.3 MB | 53 kB | 85 kB
2026.04.04 22:14:42 INFO  Progress (5): 43 kB | 41 kB | 1.5/6.3 MB | 53 kB | 85 kB
2026.04.04 22:14:42 INFO  Progress (5): 43 kB | 41 kB | 1.5/6.3 MB | 53 kB | 85 kB
2026.04.04 22:14:42 INFO  Progress (5): 43 kB | 41 kB | 1.5/6.3 MB | 53 kB | 85 kB
2026.04.04 22:14:42 INFO  Progress (5): 43 kB | 41 kB | 1.5/6.3 MB | 53 kB | 85 kB
2026.04.04 22:14:42 INFO  Progress (5): 43 kB | 41 kB | 1.6/6.3 MB | 53 kB | 85 kB
2026.04.04 22:14:42 INFO  Progress (5): 43 kB | 41 kB | 1.6/6.3 MB | 53 kB | 85 kB
2026.04.04 22:14:42 INFO  Progress (5): 43 kB | 41 kB | 1.6/6.3 MB | 53 kB | 85 kB
2026.04.04 22:14:42 INFO  Progress (5): 43 kB | 41 kB | 1.6/6.3 MB | 53 kB | 85 kB
2026.04.04 22:14:42 INFO  Progress (5): 43 kB | 41 kB | 1.6/6.3 MB | 53 kB | 85 kB
2026.04.04 22:14:42 INFO  Progress (5): 43 kB | 41 kB | 1.6/6.3 MB | 53 kB | 85 kB
2026.04.04 22:14:42 INFO  Progress (5): 43 kB | 41 kB | 1.6/6.3 MB | 53 kB | 85 kB
2026.04.04 22:14:42 INFO  Progress (5): 43 kB | 41 kB | 1.7/6.3 MB | 53 kB | 85 kB
2026.04.04 22:14:42 INFO  Progress (5): 43 kB | 41 kB | 1.7/6.3 MB | 53 kB | 85 kB
2026.04.04 22:14:42 INFO  Progress (5): 43 kB | 41 kB | 1.7/6.3 MB | 53 kB | 85 kB
2026.04.04 22:14:42 INFO  Progress (5): 43 kB | 41 kB | 1.7/6.3 MB | 53 kB | 85 kB
2026.04.04 22:14:42 INFO  Progress (5): 43 kB | 41 kB | 1.7/6.3 MB | 53 kB | 85 kB
2026.04.04 22:14:42 INFO  Progress (5): 43 kB | 41 kB | 1.7/6.3 MB | 53 kB | 85 kB
2026.04.04 22:14:42 INFO  Progress (5): 43 kB | 41 kB | 1.8/6.3 MB | 53 kB | 85 kB
2026.04.04 22:14:42 INFO  Progress (5): 43 kB | 41 kB | 1.8/6.3 MB | 53 kB | 85 kB
2026.04.04 22:14:42 INFO  Progress (5): 43 kB | 41 kB | 1.8/6.3 MB | 53 kB | 85 kB
2026.04.04 22:14:42 INFO  Progress (5): 43 kB | 41 kB | 1.8/6.3 MB | 53 kB | 85 kB
2026.04.04 22:14:42 INFO  Progress (5): 43 kB | 41 kB | 1.8/6.3 MB | 53 kB | 85 kB
2026.04.04 22:14:42 INFO                                                          
2026.04.04 22:14:42 INFO  Downloaded from central: https://repo.maven.apache.org/maven2/org/codehaus/plexus/plexus-classworlds/2.7.0/plexus-classworlds-2.7.0.jar (53 kB at 45 kB/s)
2026.04.04 22:14:42 INFO  Downloading from central: https://repo.maven.apache.org/maven2/org/scala-sbt/zinc-core_2.13/1.8.0/zinc-core_2.13-1.8.0.jar
2026.04.04 22:14:42 INFO  Progress (4): 43 kB | 41 kB | 1.8/6.3 MB | 85 kB
2026.04.04 22:14:42 INFO  Progress (4): 43 kB | 41 kB | 1.9/6.3 MB | 85 kB
2026.04.04 22:14:42 INFO  Progress (4): 43 kB | 41 kB | 1.9/6.3 MB | 85 kB
2026.04.04 22:14:42 INFO  Progress (4): 43 kB | 41 kB | 1.9/6.3 MB | 85 kB
2026.04.04 22:14:42 INFO  Progress (4): 43 kB | 41 kB | 1.9/6.3 MB | 85 kB
2026.04.04 22:14:42 INFO  Progress (4): 43 kB | 41 kB | 1.9/6.3 MB | 85 kB
2026.04.04 22:14:42 INFO  Progress (4): 43 kB | 41 kB | 1.9/6.3 MB | 85 kB
2026.04.04 22:14:42 INFO                                                  
2026.04.04 22:14:42 INFO  Downloaded from central: https://repo.maven.apache.org/maven2/org/scala-sbt/zinc_2.13/1.8.0/zinc_2.13-1.8.0.jar (85 kB at 71 kB/s)
2026.04.04 22:14:42 INFO  Downloading from central: https://repo.maven.apache.org/maven2/org/scala-sbt/zinc-apiinfo_2.13/1.8.0/zinc-apiinfo_2.13-1.8.0.jar
2026.04.04 22:14:42 INFO  Progress (3): 43 kB | 41 kB | 2.0/6.3 MB
2026.04.04 22:14:42 INFO  Progress (3): 43 kB | 41 kB | 2.0/6.3 MB
2026.04.04 22:14:42 INFO  Progress (3): 43 kB | 41 kB | 2.0/6.3 MB
2026.04.04 22:14:42 INFO  Progress (3): 43 kB | 41 kB | 2.0/6.3 MB
2026.04.04 22:14:42 INFO  Progress (3): 43 kB | 41 kB | 2.0/6.3 MB
2026.04.04 22:14:42 INFO  Progress (3): 43 kB | 41 kB | 2.0/6.3 MB
2026.04.04 22:14:42 INFO  Progress (3): 43 kB | 41 kB | 2.1/6.3 MB
2026.04.04 22:14:42 INFO  Progress (3): 43 kB | 41 kB | 2.1/6.3 MB
2026.04.04 22:14:42 INFO  Progress (3): 43 kB | 41 kB | 2.1/6.3 MB
2026.04.04 22:14:42 INFO  Progress (3): 43 kB | 41 kB | 2.1/6.3 MB
2026.04.04 22:14:42 INFO  Progress (3): 43 kB | 41 kB | 2.1/6.3 MB
2026.04.04 22:14:42 INFO  Progress (3): 43 kB | 41 kB | 2.1/6.3 MB
2026.04.04 22:14:42 INFO  Progress (3): 43 kB | 41 kB | 2.2/6.3 MB
2026.04.04 22:14:42 INFO  Progress (3): 43 kB | 41 kB | 2.2/6.3 MB
2026.04.04 22:14:42 INFO  Progress (3): 43 kB | 41 kB | 2.2/6.3 MB
2026.04.04 22:14:42 INFO  Progress (3): 43 kB | 41 kB | 2.2/6.3 MB
2026.04.04 22:14:42 INFO  Progress (3): 43 kB | 41 kB | 2.2/6.3 MB
2026.04.04 22:14:42 INFO  Progress (3): 43 kB | 41 kB | 2.2/6.3 MB
2026.04.04 22:14:42 INFO  Progress (3): 43 kB | 41 kB | 2.3/6.3 MB
2026.04.04 22:14:42 INFO  Progress (3): 43 kB | 41 kB | 2.3/6.3 MB
2026.04.04 22:14:42 INFO  Progress (3): 43 kB | 41 kB | 2.3/6.3 MB
2026.04.04 22:14:42 INFO  Progress (3): 43 kB | 41 kB | 2.3/6.3 MB
2026.04.04 22:14:42 INFO  Progress (3): 43 kB | 41 kB | 2.3/6.3 MB
2026.04.04 22:14:42 INFO  Progress (3): 43 kB | 41 kB | 2.3/6.3 MB
2026.04.04 22:14:42 INFO  Progress (3): 43 kB | 41 kB | 2.4/6.3 MB
2026.04.04 22:14:42 INFO  Progress (3): 43 kB | 41 kB | 2.4/6.3 MB
2026.04.04 22:14:42 INFO  Progress (3): 43 kB | 41 kB | 2.4/6.3 MB
2026.04.04 22:14:42 INFO  Progress (3): 43 kB | 41 kB | 2.4/6.3 MB
2026.04.04 22:14:42 INFO  Progress (3): 43 kB | 41 kB | 2.4/6.3 MB
2026.04.04 22:14:42 INFO  Progress (3): 43 kB | 41 kB | 2.4/6.3 MB
2026.04.04 22:14:42 INFO  Progress (3): 43 kB | 41 kB | 2.4/6.3 MB
2026.04.04 22:14:42 INFO  Progress (3): 43 kB | 41 kB | 2.5/6.3 MB
2026.04.04 22:14:42 INFO  Progress (3): 43 kB | 41 kB | 2.5/6.3 MB
2026.04.04 22:14:42 INFO  Progress (3): 43 kB | 41 kB | 2.5/6.3 MB
2026.04.04 22:14:42 INFO  Progress (4): 43 kB | 41 kB | 2.5/6.3 MB | 7.7/165 kB
2026.04.04 22:14:42 INFO  Progress (4): 43 kB | 41 kB | 2.5/6.3 MB | 12/165 kB 
2026.04.04 22:14:42 INFO  Progress (4): 43 kB | 41 kB | 2.5/6.3 MB | 29/165 kB
2026.04.04 22:14:42 INFO  Progress (4): 43 kB | 41 kB | 2.5/6.3 MB | 45/165 kB
2026.04.04 22:14:42 INFO  Progress (5): 43 kB | 41 kB | 2.5/6.3 MB | 45/165 kB | 7.7/490 kB
2026.04.04 22:14:42 INFO  Progress (5): 43 kB | 41 kB | 2.5/6.3 MB | 45/165 kB | 16/490 kB 
2026.04.04 22:14:42 INFO  Progress (5): 43 kB | 41 kB | 2.5/6.3 MB | 45/165 kB | 24/490 kB
2026.04.04 22:14:42 INFO  Progress (5): 43 kB | 41 kB | 2.5/6.3 MB | 45/165 kB | 40/490 kB
2026.04.04 22:14:42 INFO  Progress (5): 43 kB | 41 kB | 2.5/6.3 MB | 45/165 kB | 57/490 kB
2026.04.04 22:14:42 INFO  Progress (5): 43 kB | 41 kB | 2.5/6.3 MB | 45/165 kB | 73/490 kB
2026.04.04 22:14:42 INFO  Progress (5): 43 kB | 41 kB | 2.5/6.3 MB | 45/165 kB | 90/490 kB
2026.04.04 22:14:42 INFO  Progress (5): 43 kB | 41 kB | 2.5/6.3 MB | 61/165 kB | 90/490 kB
2026.04.04 22:14:42 INFO  Progress (5): 43 kB | 41 kB | 2.5/6.3 MB | 61/165 kB | 106/490 kB
2026.04.04 22:14:42 INFO  Progress (5): 43 kB | 41 kB | 2.5/6.3 MB | 61/165 kB | 106/490 kB
2026.04.04 22:14:42 INFO  Progress (5): 43 kB | 41 kB | 2.5/6.3 MB | 61/165 kB | 122/490 kB
2026.04.04 22:14:42 INFO  Progress (5): 43 kB | 41 kB | 2.5/6.3 MB | 61/165 kB | 139/490 kB
2026.04.04 22:14:42 INFO  Progress (5): 43 kB | 41 kB | 2.5/6.3 MB | 78/165 kB | 139/490 kB
2026.04.04 22:14:42 INFO  Progress (5): 43 kB | 41 kB | 2.5/6.3 MB | 78/165 kB | 155/490 kB
2026.04.04 22:14:42 INFO  Progress (5): 43 kB | 41 kB | 2.5/6.3 MB | 78/165 kB | 172/490 kB
2026.04.04 22:14:42 INFO  Progress (5): 43 kB | 41 kB | 2.5/6.3 MB | 78/165 kB | 188/490 kB
2026.04.04 22:14:42 INFO  Progress (5): 43 kB | 41 kB | 2.5/6.3 MB | 94/165 kB | 188/490 kB
2026.04.04 22:14:42 INFO  Progress (5): 43 kB | 41 kB | 2.5/6.3 MB | 111/165 kB | 188/490 kB
2026.04.04 22:14:42 INFO  Progress (5): 43 kB | 41 kB | 2.5/6.3 MB | 111/165 kB | 204/490 kB
2026.04.04 22:14:42 INFO  Progress (5): 43 kB | 41 kB | 2.5/6.3 MB | 111/165 kB | 221/490 kB
2026.04.04 22:14:42 INFO  Progress (5): 43 kB | 41 kB | 2.5/6.3 MB | 111/165 kB | 221/490 kB
2026.04.04 22:14:42 INFO  Progress (5): 43 kB | 41 kB | 2.5/6.3 MB | 111/165 kB | 237/490 kB
2026.04.04 22:14:42 INFO  Progress (5): 43 kB | 41 kB | 2.5/6.3 MB | 111/165 kB | 253/490 kB
2026.04.04 22:14:42 INFO  Progress (5): 43 kB | 41 kB | 2.5/6.3 MB | 127/165 kB | 253/490 kB
2026.04.04 22:14:42 INFO  Progress (5): 43 kB | 41 kB | 2.5/6.3 MB | 127/165 kB | 270/490 kB
2026.04.04 22:14:42 INFO  Progress (5): 43 kB | 41 kB | 2.5/6.3 MB | 127/165 kB | 286/490 kB
2026.04.04 22:14:42 INFO  Progress (5): 43 kB | 41 kB | 2.5/6.3 MB | 127/165 kB | 303/490 kB
2026.04.04 22:14:42 INFO  Progress (5): 43 kB | 41 kB | 2.5/6.3 MB | 127/165 kB | 303/490 kB
2026.04.04 22:14:42 INFO  Progress (5): 43 kB | 41 kB | 2.5/6.3 MB | 127/165 kB | 311/490 kB
2026.04.04 22:14:42 INFO  Progress (5): 43 kB | 41 kB | 2.5/6.3 MB | 127/165 kB | 328/490 kB
2026.04.04 22:14:42 INFO  Progress (5): 43 kB | 41 kB | 2.5/6.3 MB | 127/165 kB | 344/490 kB
2026.04.04 22:14:42 INFO  Progress (5): 43 kB | 41 kB | 2.5/6.3 MB | 143/165 kB | 344/490 kB
2026.04.04 22:14:42 INFO  Progress (5): 43 kB | 41 kB | 2.5/6.3 MB | 147/165 kB | 344/490 kB
2026.04.04 22:14:42 INFO  Progress (5): 43 kB | 41 kB | 2.5/6.3 MB | 147/165 kB | 360/490 kB
2026.04.04 22:14:42 INFO  Progress (5): 43 kB | 41 kB | 2.5/6.3 MB | 147/165 kB | 377/490 kB
2026.04.04 22:14:42 INFO  Progress (5): 43 kB | 41 kB | 2.5/6.3 MB | 164/165 kB | 377/490 kB
2026.04.04 22:14:42 INFO  Progress (5): 43 kB | 41 kB | 2.5/6.3 MB | 164/165 kB | 393/490 kB
2026.04.04 22:14:42 INFO  Progress (5): 43 kB | 41 kB | 2.5/6.3 MB | 165 kB | 393/490 kB    
2026.04.04 22:14:42 INFO  Progress (5): 43 kB | 41 kB | 2.5/6.3 MB | 165 kB | 410/490 kB
2026.04.04 22:14:42 INFO  Progress (5): 43 kB | 41 kB | 2.5/6.3 MB | 165 kB | 426/490 kB
2026.04.04 22:14:42 INFO  Progress (5): 43 kB | 41 kB | 2.6/6.3 MB | 165 kB | 426/490 kB
2026.04.04 22:14:42 INFO  Progress (5): 43 kB | 41 kB | 2.6/6.3 MB | 165 kB | 442/490 kB
2026.04.04 22:14:42 INFO  Progress (5): 43 kB | 41 kB | 2.6/6.3 MB | 165 kB | 459/490 kB
2026.04.04 22:14:42 INFO  Progress (5): 43 kB | 41 kB | 2.6/6.3 MB | 165 kB | 459/490 kB
2026.04.04 22:14:42 INFO  Progress (5): 43 kB | 41 kB | 2.6/6.3 MB | 165 kB | 459/490 kB
2026.04.04 22:14:42 INFO  Progress (5): 43 kB | 41 kB | 2.6/6.3 MB | 165 kB | 459/490 kB
2026.04.04 22:14:42 INFO  Progress (5): 43 kB | 41 kB | 2.6/6.3 MB | 165 kB | 459/490 kB
2026.04.04 22:14:42 INFO  Progress (5): 43 kB | 41 kB | 2.6/6.3 MB | 165 kB | 459/490 kB
2026.04.04 22:14:42 INFO  Progress (5): 43 kB | 41 kB | 2.7/6.3 MB | 165 kB | 459/490 kB
2026.04.04 22:14:42 INFO  Progress (5): 43 kB | 41 kB | 2.7/6.3 MB | 165 kB | 459/490 kB
2026.04.04 22:14:42 INFO  Progress (5): 43 kB | 41 kB | 2.7/6.3 MB | 165 kB | 459/490 kB
2026.04.04 22:14:42 INFO  Progress (5): 43 kB | 41 kB | 2.7/6.3 MB | 165 kB | 459/490 kB
2026.04.04 22:14:42 INFO  Progress (5): 43 kB | 41 kB | 2.7/6.3 MB | 165 kB | 459/490 kB
2026.04.04 22:14:42 INFO  Progress (5): 43 kB | 41 kB | 2.7/6.3 MB | 165 kB | 459/490 kB
2026.04.04 22:14:42 INFO  Progress (5): 43 kB | 41 kB | 2.8/6.3 MB | 165 kB | 459/490 kB
2026.04.04 22:14:42 INFO  Progress (5): 43 kB | 41 kB | 2.8/6.3 MB | 165 kB | 459/490 kB
2026.04.04 22:14:42 INFO  Progress (5): 43 kB | 41 kB | 2.8/6.3 MB | 165 kB | 459/490 kB
2026.04.04 22:14:42 INFO  Progress (5): 43 kB | 41 kB | 2.8/6.3 MB | 165 kB | 459/490 kB
2026.04.04 22:14:42 INFO  Progress (5): 43 kB | 41 kB | 2.8/6.3 MB | 165 kB | 459/490 kB
2026.04.04 22:14:42 INFO  Progress (5): 43 kB | 41 kB | 2.8/6.3 MB | 165 kB | 459/490 kB
2026.04.04 22:14:42 INFO  Progress (5): 43 kB | 41 kB | 2.9/6.3 MB | 165 kB | 459/490 kB
2026.04.04 22:14:42 INFO  Progress (5): 43 kB | 41 kB | 2.9/6.3 MB | 165 kB | 459/490 kB
2026.04.04 22:14:42 INFO  Progress (5): 43 kB | 41 kB | 2.9/6.3 MB | 165 kB | 459/490 kB
2026.04.04 22:14:42 INFO  Progress (5): 43 kB | 41 kB | 2.9/6.3 MB | 165 kB | 475/490 kB
2026.04.04 22:14:42 INFO  Progress (5): 43 kB | 41 kB | 2.9/6.3 MB | 165 kB | 490 kB    
2026.04.04 22:14:42 INFO  Progress (5): 43 kB | 41 kB | 2.9/6.3 MB | 165 kB | 490 kB
2026.04.04 22:14:42 INFO  Progress (5): 43 kB | 41 kB | 2.9/6.3 MB | 165 kB | 490 kB
2026.04.04 22:14:42 INFO  Progress (5): 43 kB | 41 kB | 2.9/6.3 MB | 165 kB | 490 kB
2026.04.04 22:14:42 INFO  Progress (5): 43 kB | 41 kB | 3.0/6.3 MB | 165 kB | 490 kB
2026.04.04 22:14:42 INFO  Progress (5): 43 kB | 41 kB | 3.0/6.3 MB | 165 kB | 490 kB
2026.04.04 22:14:42 INFO  Progress (5): 43 kB | 41 kB | 3.0/6.3 MB | 165 kB | 490 kB
2026.04.04 22:14:42 INFO                                                            
2026.04.04 22:14:42 INFO  Downloaded from central: https://repo.maven.apache.org/maven2/org/scala-sbt/zinc-apiinfo_2.13/1.8.0/zinc-apiinfo_2.13-1.8.0.jar (165 kB at 125 kB/s)
2026.04.04 22:14:42 INFO  Downloading from central: https://repo.maven.apache.org/maven2/org/scala-sbt/compiler-bridge_2.13/1.8.0/compiler-bridge_2.13-1.8.0.jar
2026.04.04 22:14:42 INFO  Progress (4): 43 kB | 41 kB | 3.0/6.3 MB | 490 kB
2026.04.04 22:14:42 INFO  Progress (4): 43 kB | 41 kB | 3.0/6.3 MB | 490 kB
2026.04.04 22:14:42 INFO  Progress (4): 43 kB | 41 kB | 3.0/6.3 MB | 490 kB
2026.04.04 22:14:42 INFO  Progress (4): 43 kB | 41 kB | 3.1/6.3 MB | 490 kB
2026.04.04 22:14:42 INFO  Progress (4): 43 kB | 41 kB | 3.1/6.3 MB | 490 kB
2026.04.04 22:14:42 INFO  Progress (4): 43 kB | 41 kB | 3.1/6.3 MB | 490 kB
2026.04.04 22:14:42 INFO  Progress (4): 43 kB | 41 kB | 3.1/6.3 MB | 490 kB
2026.04.04 22:14:42 INFO  Progress (4): 43 kB | 41 kB | 3.1/6.3 MB | 490 kB
2026.04.04 22:14:42 INFO  Progress (4): 43 kB | 41 kB | 3.1/6.3 MB | 490 kB
2026.04.04 22:14:42 INFO  Progress (4): 43 kB | 41 kB | 3.2/6.3 MB | 490 kB
2026.04.04 22:14:42 INFO  Progress (4): 43 kB | 41 kB | 3.2/6.3 MB | 490 kB
2026.04.04 22:14:42 INFO  Progress (4): 43 kB | 41 kB | 3.2/6.3 MB | 490 kB
2026.04.04 22:14:42 INFO  Progress (4): 43 kB | 41 kB | 3.2/6.3 MB | 490 kB
2026.04.04 22:14:42 INFO  Progress (4): 43 kB | 41 kB | 3.2/6.3 MB | 490 kB
2026.04.04 22:14:42 INFO  Progress (4): 43 kB | 41 kB | 3.2/6.3 MB | 490 kB
2026.04.04 22:14:42 INFO  Progress (4): 43 kB | 41 kB | 3.3/6.3 MB | 490 kB
2026.04.04 22:14:42 INFO  Progress (4): 43 kB | 41 kB | 3.3/6.3 MB | 490 kB
2026.04.04 22:14:42 INFO  Progress (4): 43 kB | 41 kB | 3.3/6.3 MB | 490 kB
2026.04.04 22:14:42 INFO  Progress (4): 43 kB | 41 kB | 3.3/6.3 MB | 490 kB
2026.04.04 22:14:42 INFO  Progress (4): 43 kB | 41 kB | 3.3/6.3 MB | 490 kB
2026.04.04 22:14:42 INFO  Progress (4): 43 kB | 41 kB | 3.3/6.3 MB | 490 kB
2026.04.04 22:14:42 INFO  Progress (4): 43 kB | 41 kB | 3.3/6.3 MB | 490 kB
2026.04.04 22:14:42 INFO  Progress (4): 43 kB | 41 kB | 3.4/6.3 MB | 490 kB
2026.04.04 22:14:42 INFO                                                   
2026.04.04 22:14:42 INFO  Downloaded from central: https://repo.maven.apache.org/maven2/org/scala-sbt/zinc-core_2.13/1.8.0/zinc-core_2.13-1.8.0.jar (490 kB at 361 kB/s)
2026.04.04 22:14:42 INFO  Downloading from central: https://repo.maven.apache.org/maven2/org/scala-sbt/zinc-classpath_2.13/1.8.0/zinc-classpath_2.13-1.8.0.jar
2026.04.04 22:14:42 INFO  Progress (3): 43 kB | 41 kB | 3.4/6.3 MB
2026.04.04 22:14:42 INFO  Progress (3): 43 kB | 41 kB | 3.4/6.3 MB
2026.04.04 22:14:42 INFO  Progress (3): 43 kB | 41 kB | 3.4/6.3 MB
2026.04.04 22:14:42 INFO  Progress (3): 43 kB | 41 kB | 3.4/6.3 MB
2026.04.04 22:14:42 INFO  Progress (3): 43 kB | 41 kB | 3.4/6.3 MB
2026.04.04 22:14:42 INFO  Progress (3): 43 kB | 41 kB | 3.5/6.3 MB
2026.04.04 22:14:42 INFO  Progress (3): 43 kB | 41 kB | 3.5/6.3 MB
2026.04.04 22:14:42 INFO  Progress (3): 43 kB | 41 kB | 3.5/6.3 MB
2026.04.04 22:14:42 INFO  Progress (3): 43 kB | 41 kB | 3.5/6.3 MB
2026.04.04 22:14:42 INFO  Progress (3): 43 kB | 41 kB | 3.5/6.3 MB
2026.04.04 22:14:42 INFO  Progress (3): 43 kB | 41 kB | 3.5/6.3 MB
2026.04.04 22:14:42 INFO  Progress (3): 43 kB | 41 kB | 3.6/6.3 MB
2026.04.04 22:14:42 INFO  Progress (3): 43 kB | 41 kB | 3.6/6.3 MB
2026.04.04 22:14:42 INFO  Progress (3): 43 kB | 41 kB | 3.6/6.3 MB
2026.04.04 22:14:42 INFO  Progress (3): 43 kB | 41 kB | 3.6/6.3 MB
2026.04.04 22:14:42 INFO  Progress (3): 43 kB | 41 kB | 3.6/6.3 MB
2026.04.04 22:14:42 INFO  Progress (3): 43 kB | 41 kB | 3.6/6.3 MB
2026.04.04 22:14:42 INFO  Progress (3): 43 kB | 41 kB | 3.7/6.3 MB
2026.04.04 22:14:42 INFO  Progress (3): 43 kB | 41 kB | 3.7/6.3 MB
2026.04.04 22:14:42 INFO  Progress (3): 43 kB | 41 kB | 3.7/6.3 MB
2026.04.04 22:14:42 INFO  Progress (3): 43 kB | 41 kB | 3.7/6.3 MB
2026.04.04 22:14:42 INFO  Progress (3): 43 kB | 41 kB | 3.7/6.3 MB
2026.04.04 22:14:42 INFO  Progress (3): 43 kB | 41 kB | 3.7/6.3 MB
2026.04.04 22:14:42 INFO  Progress (3): 43 kB | 41 kB | 3.8/6.3 MB
2026.04.04 22:14:42 INFO  Progress (3): 43 kB | 41 kB | 3.8/6.3 MB
2026.04.04 22:14:42 INFO  Progress (4): 43 kB | 41 kB | 3.8/6.3 MB | 7.7/243 kB
2026.04.04 22:14:42 INFO  Progress (4): 43 kB | 41 kB | 3.8/6.3 MB | 16/243 kB 
2026.04.04 22:14:42 INFO  Progress (4): 43 kB | 41 kB | 3.8/6.3 MB | 32/243 kB
2026.04.04 22:14:42 INFO  Progress (4): 43 kB | 41 kB | 3.8/6.3 MB | 32/243 kB
2026.04.04 22:14:42 INFO  Progress (4): 43 kB | 41 kB | 3.8/6.3 MB | 49/243 kB
2026.04.04 22:14:42 INFO  Progress (4): 43 kB | 41 kB | 3.8/6.3 MB | 65/243 kB
2026.04.04 22:14:42 INFO  Progress (4): 43 kB | 41 kB | 3.8/6.3 MB | 65/243 kB
2026.04.04 22:14:42 INFO  Progress (4): 43 kB | 41 kB | 3.8/6.3 MB | 81/243 kB
2026.04.04 22:14:42 INFO  Progress (4): 43 kB | 41 kB | 3.8/6.3 MB | 98/243 kB
2026.04.04 22:14:42 INFO  Progress (4): 43 kB | 41 kB | 3.8/6.3 MB | 98/243 kB
2026.04.04 22:14:42 INFO  Progress (4): 43 kB | 41 kB | 3.8/6.3 MB | 114/243 kB
2026.04.04 22:14:42 INFO  Progress (4): 43 kB | 41 kB | 3.8/6.3 MB | 127/243 kB
2026.04.04 22:14:42 INFO  Progress (4): 43 kB | 41 kB | 3.8/6.3 MB | 143/243 kB
2026.04.04 22:14:42 INFO  Progress (4): 43 kB | 41 kB | 3.8/6.3 MB | 143/243 kB
2026.04.04 22:14:42 INFO  Progress (4): 43 kB | 41 kB | 3.8/6.3 MB | 160/243 kB
2026.04.04 22:14:42 INFO  Progress (4): 43 kB | 41 kB | 3.8/6.3 MB | 176/243 kB
2026.04.04 22:14:42 INFO  Progress (4): 43 kB | 41 kB | 3.8/6.3 MB | 193/243 kB
2026.04.04 22:14:42 INFO  Progress (4): 43 kB | 41 kB | 3.8/6.3 MB | 209/243 kB
2026.04.04 22:14:42 INFO  Progress (4): 43 kB | 41 kB | 3.8/6.3 MB | 225/243 kB
2026.04.04 22:14:42 INFO  Progress (4): 43 kB | 41 kB | 3.8/6.3 MB | 242/243 kB
2026.04.04 22:14:42 INFO  Progress (4): 43 kB | 41 kB | 3.8/6.3 MB | 243 kB    
2026.04.04 22:14:42 INFO  Progress (4): 43 kB | 41 kB | 3.9/6.3 MB | 243 kB
2026.04.04 22:14:42 INFO  Progress (4): 43 kB | 41 kB | 3.9/6.3 MB | 243 kB
2026.04.04 22:14:42 INFO  Progress (4): 43 kB | 41 kB | 3.9/6.3 MB | 243 kB
2026.04.04 22:14:42 INFO  Progress (4): 43 kB | 41 kB | 3.9/6.3 MB | 243 kB
2026.04.04 22:14:42 INFO  Progress (4): 43 kB | 41 kB | 3.9/6.3 MB | 243 kB
2026.04.04 22:14:42 INFO  Progress (4): 43 kB | 41 kB | 3.9/6.3 MB | 243 kB
2026.04.04 22:14:42 INFO  Progress (4): 43 kB | 41 kB | 4.0/6.3 MB | 243 kB
2026.04.04 22:14:42 INFO  Progress (4): 43 kB | 41 kB | 4.0/6.3 MB | 243 kB
2026.04.04 22:14:42 INFO  Progress (4): 43 kB | 41 kB | 4.0/6.3 MB | 243 kB
2026.04.04 22:14:42 INFO  Progress (4): 43 kB | 41 kB | 4.0/6.3 MB | 243 kB
2026.04.04 22:14:42 INFO  Progress (4): 43 kB | 41 kB | 4.0/6.3 MB | 243 kB
2026.04.04 22:14:42 INFO  Progress (4): 43 kB | 41 kB | 4.0/6.3 MB | 243 kB
2026.04.04 22:14:42 INFO  Progress (4): 43 kB | 41 kB | 4.1/6.3 MB | 243 kB
2026.04.04 22:14:42 INFO  Progress (4): 43 kB | 41 kB | 4.1/6.3 MB | 243 kB
2026.04.04 22:14:42 INFO  Progress (4): 43 kB | 41 kB | 4.1/6.3 MB | 243 kB
2026.04.04 22:14:42 INFO  Progress (4): 43 kB | 41 kB | 4.1/6.3 MB | 243 kB
2026.04.04 22:14:42 INFO  Progress (4): 43 kB | 41 kB | 4.1/6.3 MB | 243 kB
2026.04.04 22:14:42 INFO  Progress (4): 43 kB | 41 kB | 4.1/6.3 MB | 243 kB
2026.04.04 22:14:42 INFO  Progress (4): 43 kB | 41 kB | 4.2/6.3 MB | 243 kB
2026.04.04 22:14:42 INFO  Progress (4): 43 kB | 41 kB | 4.2/6.3 MB | 243 kB
2026.04.04 22:14:42 INFO  Progress (4): 43 kB | 41 kB | 4.2/6.3 MB | 243 kB
2026.04.04 22:14:42 INFO  Progress (4): 43 kB | 41 kB | 4.2/6.3 MB | 243 kB
2026.04.04 22:14:42 INFO  Progress (4): 43 kB | 41 kB | 4.2/6.3 MB | 243 kB
2026.04.04 22:14:42 INFO  Progress (4): 43 kB | 41 kB | 4.2/6.3 MB | 243 kB
2026.04.04 22:14:42 INFO  Progress (4): 43 kB | 41 kB | 4.3/6.3 MB | 243 kB
2026.04.04 22:14:42 INFO  Progress (4): 43 kB | 41 kB | 4.3/6.3 MB | 243 kB
2026.04.04 22:14:42 INFO  Progress (5): 43 kB | 41 kB | 4.3/6.3 MB | 243 kB | 7.7/89 kB
2026.04.04 22:14:42 INFO  Progress (5): 43 kB | 41 kB | 4.3/6.3 MB | 243 kB | 7.7/89 kB
2026.04.04 22:14:42 INFO  Progress (5): 43 kB | 41 kB | 4.3/6.3 MB | 243 kB | 12/89 kB 
2026.04.04 22:14:42 INFO  Progress (5): 43 kB | 41 kB | 4.3/6.3 MB | 243 kB | 29/89 kB
2026.04.04 22:14:42 INFO  Progress (5): 43 kB | 41 kB | 4.3/6.3 MB | 243 kB | 33/89 kB
2026.04.04 22:14:42 INFO  Progress (5): 43 kB | 41 kB | 4.3/6.3 MB | 243 kB | 49/89 kB
2026.04.04 22:14:42 INFO  Progress (5): 43 kB | 41 kB | 4.3/6.3 MB | 243 kB | 49/89 kB
2026.04.04 22:14:42 INFO                                                              
2026.04.04 22:14:42 INFO  Downloaded from central: https://repo.maven.apache.org/maven2/org/scala-sbt/compiler-bridge_2.13/1.8.0/compiler-bridge_2.13-1.8.0.jar (243 kB at 169 kB/s)
2026.04.04 22:14:42 INFO  Downloading from central: https://repo.maven.apache.org/maven2/org/scala-lang/scala-compiler/2.13.8/scala-compiler-2.13.8.jar
2026.04.04 22:14:42 INFO  Progress (4): 43 kB | 41 kB | 4.3/6.3 MB | 49/89 kB
2026.04.04 22:14:42 INFO  Progress (4): 43 kB | 41 kB | 4.3/6.3 MB | 66/89 kB
2026.04.04 22:14:42 INFO  Progress (4): 43 kB | 41 kB | 4.3/6.3 MB | 66/89 kB
2026.04.04 22:14:42 INFO  Progress (4): 43 kB | 41 kB | 4.3/6.3 MB | 82/89 kB
2026.04.04 22:14:42 INFO  Progress (4): 43 kB | 41 kB | 4.3/6.3 MB | 89 kB   
2026.04.04 22:14:42 INFO  Progress (4): 43 kB | 41 kB | 4.3/6.3 MB | 89 kB
2026.04.04 22:14:42 INFO  Progress (4): 43 kB | 41 kB | 4.4/6.3 MB | 89 kB
2026.04.04 22:14:42 INFO  Progress (4): 43 kB | 41 kB | 4.4/6.3 MB | 89 kB
2026.04.04 22:14:42 INFO  Progress (4): 43 kB | 41 kB | 4.4/6.3 MB | 89 kB
2026.04.04 22:14:42 INFO  Progress (4): 43 kB | 41 kB | 4.4/6.3 MB | 89 kB
2026.04.04 22:14:42 INFO  Progress (4): 43 kB | 41 kB | 4.4/6.3 MB | 89 kB
2026.04.04 22:14:42 INFO  Progress (4): 43 kB | 41 kB | 4.4/6.3 MB | 89 kB
2026.04.04 22:14:42 INFO  Progress (4): 43 kB | 41 kB | 4.5/6.3 MB | 89 kB
2026.04.04 22:14:42 INFO  Progress (4): 43 kB | 41 kB | 4.5/6.3 MB | 89 kB
2026.04.04 22:14:42 INFO  Progress (4): 43 kB | 41 kB | 4.5/6.3 MB | 89 kB
2026.04.04 22:14:42 INFO  Progress (4): 43 kB | 41 kB | 4.5/6.3 MB | 89 kB
2026.04.04 22:14:42 INFO  Progress (4): 43 kB | 41 kB | 4.5/6.3 MB | 89 kB
2026.04.04 22:14:42 INFO  Progress (4): 43 kB | 41 kB | 4.5/6.3 MB | 89 kB
2026.04.04 22:14:42 INFO  Progress (4): 43 kB | 41 kB | 4.6/6.3 MB | 89 kB
2026.04.04 22:14:42 INFO  Progress (5): 43 kB | 41 kB | 4.6/6.3 MB | 89 kB | 0/12 MB
2026.04.04 22:14:42 INFO  Progress (5): 43 kB | 41 kB | 4.6/6.3 MB | 89 kB | 0/12 MB
2026.04.04 22:14:42 INFO  Progress (5): 43 kB | 41 kB | 4.6/6.3 MB | 89 kB | 0/12 MB
2026.04.04 22:14:42 INFO  Progress (5): 43 kB | 41 kB | 4.6/6.3 MB | 89 kB | 0/12 MB
2026.04.04 22:14:42 INFO  Progress (5): 43 kB | 41 kB | 4.6/6.3 MB | 89 kB | 0/12 MB
2026.04.04 22:14:42 INFO                                                            
2026.04.04 22:14:42 INFO  Downloaded from central: https://repo.maven.apache.org/maven2/org/apache/maven/shared/maven-dependency-tree/3.2.1/maven-dependency-tree-3.2.1.jar (43 kB at 28 kB/s)
2026.04.04 22:14:42 INFO  Progress (4): 41 kB | 4.6/6.3 MB | 89 kB | 0/12 MB
2026.04.04 22:14:42 INFO                                                    
2026.04.04 22:14:42 INFO  Downloading from central: https://repo.maven.apache.org/maven2/org/scala-sbt/compiler-interface/1.8.0/compiler-interface-1.8.0.jar
2026.04.04 22:14:42 INFO  Progress (4): 41 kB | 4.6/6.3 MB | 89 kB | 0.1/12 MB
2026.04.04 22:14:42 INFO  Progress (4): 41 kB | 4.6/6.3 MB | 89 kB | 0.1/12 MB
2026.04.04 22:14:42 INFO  Progress (4): 41 kB | 4.6/6.3 MB | 89 kB | 0.1/12 MB
2026.04.04 22:14:42 INFO  Progress (4): 41 kB | 4.6/6.3 MB | 89 kB | 0.1/12 MB
2026.04.04 22:14:42 INFO  Progress (4): 41 kB | 4.6/6.3 MB | 89 kB | 0.1/12 MB
2026.04.04 22:14:42 INFO  Progress (4): 41 kB | 4.7/6.3 MB | 89 kB | 0.1/12 MB
2026.04.04 22:14:42 INFO  Progress (4): 41 kB | 4.7/6.3 MB | 89 kB | 0.1/12 MB
2026.04.04 22:14:42 INFO  Progress (4): 41 kB | 4.7/6.3 MB | 89 kB | 0.1/12 MB
2026.04.04 22:14:42 INFO  Progress (4): 41 kB | 4.7/6.3 MB | 89 kB | 0.1/12 MB
2026.04.04 22:14:42 INFO  Progress (4): 41 kB | 4.7/6.3 MB | 89 kB | 0.1/12 MB
2026.04.04 22:14:42 INFO                                                      
2026.04.04 22:14:42 INFO  Downloaded from central: https://repo.maven.apache.org/maven2/org/scala-sbt/zinc-classpath_2.13/1.8.0/zinc-classpath_2.13-1.8.0.jar (89 kB at 57 kB/s)
2026.04.04 22:14:42 INFO  Downloading from central: https://repo.maven.apache.org/maven2/org/scala-sbt/util-interface/1.8.0/util-interface-1.8.0.jar
2026.04.04 22:14:42 INFO  Downloaded from central: https://repo.maven.apache.org/maven2/org/slf4j/slf4j-api/1.7.36/slf4j-api-1.7.36.jar (41 kB at 27 kB/s)
2026.04.04 22:14:42 INFO  Downloading from central: https://repo.maven.apache.org/maven2/org/scala-sbt/zinc-persist-core-assembly/1.8.0/zinc-persist-core-assembly-1.8.0.jar
2026.04.04 22:14:42 INFO  Progress (3): 4.7/6.3 MB | 0.1/12 MB | 0.9/3.3 kB
2026.04.04 22:14:42 INFO  Progress (3): 4.7/6.3 MB | 0.1/12 MB | 2.3/3.3 kB
2026.04.04 22:14:42 INFO  Progress (3): 4.7/6.3 MB | 0.1/12 MB | 3.3 kB    
2026.04.04 22:14:42 INFO  Progress (3): 4.7/6.3 MB | 0.1/12 MB | 3.3 kB
2026.04.04 22:14:42 INFO  Progress (3): 4.7/6.3 MB | 0.1/12 MB | 3.3 kB
2026.04.04 22:14:42 INFO  Progress (3): 4.7/6.3 MB | 0.1/12 MB | 3.3 kB
2026.04.04 22:14:42 INFO  Progress (3): 4.7/6.3 MB | 0.1/12 MB | 3.3 kB
2026.04.04 22:14:42 INFO  Progress (3): 4.7/6.3 MB | 0.1/12 MB | 3.3 kB
2026.04.04 22:14:42 INFO  Progress (3): 4.7/6.3 MB | 0.2/12 MB | 3.3 kB
2026.04.04 22:14:42 INFO  Progress (3): 4.7/6.3 MB | 0.2/12 MB | 3.3 kB
2026.04.04 22:14:42 INFO  Progress (4): 4.7/6.3 MB | 0.2/12 MB | 3.3 kB | 7.7/112 kB
2026.04.04 22:14:42 INFO  Progress (4): 4.7/6.3 MB | 0.2/12 MB | 3.3 kB | 12/112 kB 
2026.04.04 22:14:42 INFO  Progress (4): 4.7/6.3 MB | 0.2/12 MB | 3.3 kB | 29/112 kB
2026.04.04 22:14:42 INFO  Progress (4): 4.7/6.3 MB | 0.2/12 MB | 3.3 kB | 29/112 kB
2026.04.04 22:14:42 INFO  Progress (4): 4.8/6.3 MB | 0.2/12 MB | 3.3 kB | 29/112 kB
2026.04.04 22:14:42 INFO  Progress (4): 4.8/6.3 MB | 0.2/12 MB | 3.3 kB | 29/112 kB
2026.04.04 22:14:42 INFO  Progress (4): 4.8/6.3 MB | 0.2/12 MB | 3.3 kB | 29/112 kB
2026.04.04 22:14:42 INFO  Progress (4): 4.8/6.3 MB | 0.2/12 MB | 3.3 kB | 29/112 kB
2026.04.04 22:14:42 INFO  Progress (4): 4.8/6.3 MB | 0.2/12 MB | 3.3 kB | 29/112 kB
2026.04.04 22:14:42 INFO  Progress (4): 4.8/6.3 MB | 0.2/12 MB | 3.3 kB | 29/112 kB
2026.04.04 22:14:42 INFO  Progress (4): 4.9/6.3 MB | 0.2/12 MB | 3.3 kB | 29/112 kB
2026.04.04 22:14:42 INFO  Progress (4): 4.9/6.3 MB | 0.2/12 MB | 3.3 kB | 29/112 kB
2026.04.04 22:14:42 INFO  Progress (4): 4.9/6.3 MB | 0.2/12 MB | 3.3 kB | 29/112 kB
2026.04.04 22:14:42 INFO  Progress (4): 4.9/6.3 MB | 0.2/12 MB | 3.3 kB | 29/112 kB
2026.04.04 22:14:42 INFO  Progress (4): 4.9/6.3 MB | 0.2/12 MB | 3.3 kB | 29/112 kB
2026.04.04 22:14:42 INFO  Progress (4): 4.9/6.3 MB | 0.2/12 MB | 3.3 kB | 29/112 kB
2026.04.04 22:14:42 INFO  Progress (4): 4.9/6.3 MB | 0.2/12 MB | 3.3 kB | 29/112 kB
2026.04.04 22:14:42 INFO  Progress (4): 4.9/6.3 MB | 0.2/12 MB | 3.3 kB | 29/112 kB
2026.04.04 22:14:42 INFO  Progress (4): 4.9/6.3 MB | 0.2/12 MB | 3.3 kB | 29/112 kB
2026.04.04 22:14:42 INFO  Progress (4): 4.9/6.3 MB | 0.3/12 MB | 3.3 kB | 29/112 kB
2026.04.04 22:14:42 INFO  Progress (4): 4.9/6.3 MB | 0.3/12 MB | 3.3 kB | 29/112 kB
2026.04.04 22:14:42 INFO  Progress (4): 4.9/6.3 MB | 0.3/12 MB | 3.3 kB | 29/112 kB
2026.04.04 22:14:42 INFO  Progress (4): 4.9/6.3 MB | 0.3/12 MB | 3.3 kB | 29/112 kB
2026.04.04 22:14:42 INFO  Progress (4): 4.9/6.3 MB | 0.3/12 MB | 3.3 kB | 29/112 kB
2026.04.04 22:14:42 INFO  Progress (4): 4.9/6.3 MB | 0.3/12 MB | 3.3 kB | 29/112 kB
2026.04.04 22:14:42 INFO  Progress (4): 4.9/6.3 MB | 0.4/12 MB | 3.3 kB | 29/112 kB
2026.04.04 22:14:42 INFO  Progress (4): 4.9/6.3 MB | 0.4/12 MB | 3.3 kB | 29/112 kB
2026.04.04 22:14:42 INFO  Progress (4): 4.9/6.3 MB | 0.4/12 MB | 3.3 kB | 29/112 kB
2026.04.04 22:14:42 INFO  Progress (4): 4.9/6.3 MB | 0.4/12 MB | 3.3 kB | 29/112 kB
2026.04.04 22:14:42 INFO  Progress (4): 4.9/6.3 MB | 0.4/12 MB | 3.3 kB | 29/112 kB
2026.04.04 22:14:42 INFO  Progress (4): 4.9/6.3 MB | 0.4/12 MB | 3.3 kB | 29/112 kB
2026.04.04 22:14:42 INFO  Progress (4): 4.9/6.3 MB | 0.5/12 MB | 3.3 kB | 29/112 kB
2026.04.04 22:14:42 INFO  Progress (4): 4.9/6.3 MB | 0.5/12 MB | 3.3 kB | 29/112 kB
2026.04.04 22:14:42 INFO  Progress (4): 4.9/6.3 MB | 0.5/12 MB | 3.3 kB | 29/112 kB
2026.04.04 22:14:42 INFO  Progress (4): 4.9/6.3 MB | 0.5/12 MB | 3.3 kB | 29/112 kB
2026.04.04 22:14:42 INFO  Progress (4): 4.9/6.3 MB | 0.5/12 MB | 3.3 kB | 29/112 kB
2026.04.04 22:14:42 INFO  Progress (4): 4.9/6.3 MB | 0.5/12 MB | 3.3 kB | 29/112 kB
2026.04.04 22:14:42 INFO  Progress (4): 4.9/6.3 MB | 0.6/12 MB | 3.3 kB | 29/112 kB
2026.04.04 22:14:42 INFO  Progress (4): 4.9/6.3 MB | 0.6/12 MB | 3.3 kB | 29/112 kB
2026.04.04 22:14:42 INFO  Progress (4): 4.9/6.3 MB | 0.6/12 MB | 3.3 kB | 29/112 kB
2026.04.04 22:14:42 INFO  Progress (4): 4.9/6.3 MB | 0.6/12 MB | 3.3 kB | 29/112 kB
2026.04.04 22:14:42 INFO  Progress (4): 4.9/6.3 MB | 0.6/12 MB | 3.3 kB | 29/112 kB
2026.04.04 22:14:42 INFO  Progress (4): 4.9/6.3 MB | 0.6/12 MB | 3.3 kB | 29/112 kB
2026.04.04 22:14:42 INFO  Progress (4): 4.9/6.3 MB | 0.6/12 MB | 3.3 kB | 29/112 kB
2026.04.04 22:14:42 INFO  Progress (4): 5.0/6.3 MB | 0.6/12 MB | 3.3 kB | 29/112 kB
2026.04.04 22:14:42 INFO  Progress (4): 5.0/6.3 MB | 0.6/12 MB | 3.3 kB | 29/112 kB
2026.04.04 22:14:42 INFO  Progress (4): 5.0/6.3 MB | 0.6/12 MB | 3.3 kB | 29/112 kB
2026.04.04 22:14:42 INFO  Progress (4): 5.0/6.3 MB | 0.6/12 MB | 3.3 kB | 29/112 kB
2026.04.04 22:14:42 INFO  Progress (4): 5.0/6.3 MB | 0.6/12 MB | 3.3 kB | 29/112 kB
2026.04.04 22:14:42 INFO  Progress (4): 5.0/6.3 MB | 0.6/12 MB | 3.3 kB | 29/112 kB
2026.04.04 22:14:42 INFO  Progress (4): 5.1/6.3 MB | 0.6/12 MB | 3.3 kB | 29/112 kB
2026.04.04 22:14:42 INFO  Progress (4): 5.1/6.3 MB | 0.6/12 MB | 3.3 kB | 29/112 kB
2026.04.04 22:14:42 INFO  Progress (4): 5.1/6.3 MB | 0.6/12 MB | 3.3 kB | 29/112 kB
2026.04.04 22:14:42 INFO  Progress (4): 5.1/6.3 MB | 0.6/12 MB | 3.3 kB | 29/112 kB
2026.04.04 22:14:42 INFO  Progress (4): 5.1/6.3 MB | 0.6/12 MB | 3.3 kB | 29/112 kB
2026.04.04 22:14:42 INFO  Progress (4): 5.1/6.3 MB | 0.6/12 MB | 3.3 kB | 29/112 kB
2026.04.04 22:14:42 INFO  Progress (4): 5.1/6.3 MB | 0.6/12 MB | 3.3 kB | 29/112 kB
2026.04.04 22:14:42 INFO  Progress (4): 5.2/6.3 MB | 0.6/12 MB | 3.3 kB | 29/112 kB
2026.04.04 22:14:42 INFO  Progress (4): 5.2/6.3 MB | 0.6/12 MB | 3.3 kB | 29/112 kB
2026.04.04 22:14:42 INFO  Progress (4): 5.2/6.3 MB | 0.6/12 MB | 3.3 kB | 29/112 kB
2026.04.04 22:14:42 INFO  Progress (4): 5.2/6.3 MB | 0.6/12 MB | 3.3 kB | 29/112 kB
2026.04.04 22:14:42 INFO  Progress (4): 5.2/6.3 MB | 0.6/12 MB | 3.3 kB | 29/112 kB
2026.04.04 22:14:42 INFO  Progress (4): 5.2/6.3 MB | 0.6/12 MB | 3.3 kB | 29/112 kB
2026.04.04 22:14:42 INFO  Progress (4): 5.3/6.3 MB | 0.6/12 MB | 3.3 kB | 29/112 kB
2026.04.04 22:14:42 INFO  Progress (4): 5.3/6.3 MB | 0.6/12 MB | 3.3 kB | 29/112 kB
2026.04.04 22:14:42 INFO  Progress (4): 5.3/6.3 MB | 0.6/12 MB | 3.3 kB | 29/112 kB
2026.04.04 22:14:42 INFO  Progress (4): 5.3/6.3 MB | 0.6/12 MB | 3.3 kB | 29/112 kB
2026.04.04 22:14:42 INFO  Progress (4): 5.3/6.3 MB | 0.6/12 MB | 3.3 kB | 29/112 kB
2026.04.04 22:14:42 INFO  Progress (4): 5.3/6.3 MB | 0.6/12 MB | 3.3 kB | 29/112 kB
2026.04.04 22:14:42 INFO  Progress (4): 5.4/6.3 MB | 0.6/12 MB | 3.3 kB | 29/112 kB
2026.04.04 22:14:42 INFO  Progress (4): 5.4/6.3 MB | 0.6/12 MB | 3.3 kB | 29/112 kB
2026.04.04 22:14:42 INFO  Progress (4): 5.4/6.3 MB | 0.6/12 MB | 3.3 kB | 29/112 kB
2026.04.04 22:14:42 INFO  Progress (4): 5.4/6.3 MB | 0.6/12 MB | 3.3 kB | 29/112 kB
2026.04.04 22:14:42 INFO  Progress (4): 5.4/6.3 MB | 0.6/12 MB | 3.3 kB | 29/112 kB
2026.04.04 22:14:42 INFO  Progress (4): 5.4/6.3 MB | 0.6/12 MB | 3.3 kB | 29/112 kB
2026.04.04 22:14:42 INFO  Progress (4): 5.5/6.3 MB | 0.6/12 MB | 3.3 kB | 29/112 kB
2026.04.04 22:14:42 INFO  Progress (4): 5.5/6.3 MB | 0.6/12 MB | 3.3 kB | 29/112 kB
2026.04.04 22:14:42 INFO  Progress (4): 5.5/6.3 MB | 0.6/12 MB | 3.3 kB | 29/112 kB
2026.04.04 22:14:42 INFO  Progress (4): 5.5/6.3 MB | 0.6/12 MB | 3.3 kB | 29/112 kB
2026.04.04 22:14:42 INFO  Progress (4): 5.5/6.3 MB | 0.6/12 MB | 3.3 kB | 29/112 kB
2026.04.04 22:14:42 INFO                                                           
2026.04.04 22:14:42 INFO  Downloaded from central: https://repo.maven.apache.org/maven2/org/scala-sbt/util-interface/1.8.0/util-interface-1.8.0.jar (3.3 kB at 2.0 kB/s)
2026.04.04 22:14:42 INFO  Downloading from central: https://repo.maven.apache.org/maven2/org/scala-lang/modules/scala-parallel-collections_2.13/0.2.0/scala-parallel-collections_2.13-0.2.0.jar
2026.04.04 22:14:42 INFO  Progress (3): 5.5/6.3 MB | 0.6/12 MB | 29/112 kB
2026.04.04 22:14:42 INFO  Progress (3): 5.6/6.3 MB | 0.6/12 MB | 29/112 kB
2026.04.04 22:14:42 INFO  Progress (3): 5.6/6.3 MB | 0.6/12 MB | 29/112 kB
2026.04.04 22:14:42 INFO  Progress (3): 5.6/6.3 MB | 0.6/12 MB | 29/112 kB
2026.04.04 22:14:42 INFO  Progress (4): 5.6/6.3 MB | 0.6/12 MB | 29/112 kB | 0/2.6 MB
2026.04.04 22:14:42 INFO  Progress (4): 5.6/6.3 MB | 0.6/12 MB | 29/112 kB | 0/2.6 MB
2026.04.04 22:14:42 INFO  Progress (4): 5.6/6.3 MB | 0.6/12 MB | 29/112 kB | 0/2.6 MB
2026.04.04 22:14:42 INFO  Progress (4): 5.6/6.3 MB | 0.6/12 MB | 29/112 kB | 0/2.6 MB
2026.04.04 22:14:42 INFO  Progress (4): 5.6/6.3 MB | 0.6/12 MB | 29/112 kB | 0/2.6 MB
2026.04.04 22:14:42 INFO  Progress (4): 5.6/6.3 MB | 0.6/12 MB | 29/112 kB | 0/2.6 MB
2026.04.04 22:14:42 INFO  Progress (4): 5.6/6.3 MB | 0.6/12 MB | 29/112 kB | 0/2.6 MB
2026.04.04 22:14:42 INFO  Progress (4): 5.6/6.3 MB | 0.6/12 MB | 29/112 kB | 0/2.6 MB
2026.04.04 22:14:42 INFO  Progress (4): 5.6/6.3 MB | 0.6/12 MB | 29/112 kB | 0/2.6 MB
2026.04.04 22:14:42 INFO  Progress (4): 5.6/6.3 MB | 0.6/12 MB | 29/112 kB | 0/2.6 MB
2026.04.04 22:14:42 INFO  Progress (4): 5.6/6.3 MB | 0.6/12 MB | 29/112 kB | 0/2.6 MB
2026.04.04 22:14:42 INFO  Progress (4): 5.6/6.3 MB | 0.6/12 MB | 29/112 kB | 0/2.6 MB
2026.04.04 22:14:42 INFO  Progress (4): 5.6/6.3 MB | 0.6/12 MB | 29/112 kB | 0/2.6 MB
2026.04.04 22:14:42 INFO  Progress (4): 5.6/6.3 MB | 0.6/12 MB | 29/112 kB | 0/2.6 MB
2026.04.04 22:14:42 INFO  Progress (4): 5.6/6.3 MB | 0.6/12 MB | 29/112 kB | 0/2.6 MB
2026.04.04 22:14:42 INFO  Progress (4): 5.6/6.3 MB | 0.6/12 MB | 29/112 kB | 0/2.6 MB
2026.04.04 22:14:42 INFO  Progress (4): 5.6/6.3 MB | 0.6/12 MB | 29/112 kB | 0/2.6 MB
2026.04.04 22:14:42 INFO  Progress (4): 5.6/6.3 MB | 0.6/12 MB | 29/112 kB | 0/2.6 MB
2026.04.04 22:14:42 INFO  Progress (4): 5.6/6.3 MB | 0.6/12 MB | 29/112 kB | 0/2.6 MB
2026.04.04 22:14:42 INFO  Progress (4): 5.6/6.3 MB | 0.6/12 MB | 29/112 kB | 0/2.6 MB
2026.04.04 22:14:42 INFO  Progress (4): 5.6/6.3 MB | 0.6/12 MB | 29/112 kB | 0/2.6 MB
2026.04.04 22:14:42 INFO  Progress (4): 5.6/6.3 MB | 0.6/12 MB | 29/112 kB | 0/2.6 MB
2026.04.04 22:14:42 INFO  Progress (4): 5.6/6.3 MB | 0.6/12 MB | 29/112 kB | 0/2.6 MB
2026.04.04 22:14:42 INFO  Progress (4): 5.6/6.3 MB | 0.6/12 MB | 29/112 kB | 0/2.6 MB
2026.04.04 22:14:42 INFO  Progress (4): 5.6/6.3 MB | 0.6/12 MB | 29/112 kB | 0/2.6 MB
2026.04.04 22:14:42 INFO  Progress (4): 5.6/6.3 MB | 0.6/12 MB | 29/112 kB | 0/2.6 MB
2026.04.04 22:14:42 INFO  Progress (4): 5.6/6.3 MB | 0.6/12 MB | 29/112 kB | 0/2.6 MB
2026.04.04 22:14:42 INFO  Progress (4): 5.6/6.3 MB | 0.6/12 MB | 29/112 kB | 0/2.6 MB
2026.04.04 22:14:42 INFO  Progress (4): 5.6/6.3 MB | 0.6/12 MB | 29/112 kB | 0/2.6 MB
2026.04.04 22:14:42 INFO  Progress (4): 5.6/6.3 MB | 0.6/12 MB | 29/112 kB | 0/2.6 MB
2026.04.04 22:14:42 INFO  Progress (4): 5.6/6.3 MB | 0.6/12 MB | 29/112 kB | 0/2.6 MB
2026.04.04 22:14:42 INFO  Progress (4): 5.6/6.3 MB | 0.6/12 MB | 29/112 kB | 0/2.6 MB
2026.04.04 22:14:42 INFO  Progress (4): 5.6/6.3 MB | 0.6/12 MB | 29/112 kB | 0/2.6 MB
2026.04.04 22:14:42 INFO  Progress (4): 5.6/6.3 MB | 0.6/12 MB | 29/112 kB | 0/2.6 MB
2026.04.04 22:14:42 INFO  Progress (4): 5.6/6.3 MB | 0.6/12 MB | 45/112 kB | 0/2.6 MB
2026.04.04 22:14:42 INFO  Progress (4): 5.6/6.3 MB | 0.6/12 MB | 61/112 kB | 0/2.6 MB
2026.04.04 22:14:42 INFO  Progress (4): 5.6/6.3 MB | 0.6/12 MB | 78/112 kB | 0/2.6 MB
2026.04.04 22:14:42 INFO  Progress (4): 5.6/6.3 MB | 0.6/12 MB | 94/112 kB | 0/2.6 MB
2026.04.04 22:14:42 INFO  Progress (4): 5.6/6.3 MB | 0.6/12 MB | 111/112 kB | 0/2.6 MB
2026.04.04 22:14:42 INFO  Progress (4): 5.6/6.3 MB | 0.6/12 MB | 112 kB | 0/2.6 MB    
2026.04.04 22:14:42 INFO  Progress (4): 5.6/6.3 MB | 0.6/12 MB | 112 kB | 0/2.6 MB
2026.04.04 22:14:42 INFO  Progress (4): 5.6/6.3 MB | 0.7/12 MB | 112 kB | 0/2.6 MB
2026.04.04 22:14:42 INFO  Progress (4): 5.6/6.3 MB | 0.7/12 MB | 112 kB | 0/2.6 MB
2026.04.04 22:14:42 INFO  Progress (4): 5.6/6.3 MB | 0.7/12 MB | 112 kB | 0/2.6 MB
2026.04.04 22:14:42 INFO  Progress (4): 5.6/6.3 MB | 0.7/12 MB | 112 kB | 0/2.6 MB
2026.04.04 22:14:42 INFO  Progress (4): 5.6/6.3 MB | 0.7/12 MB | 112 kB | 0/2.6 MB
2026.04.04 22:14:42 INFO  Progress (4): 5.6/6.3 MB | 0.7/12 MB | 112 kB | 0/2.6 MB
2026.04.04 22:14:42 INFO  Progress (4): 5.6/6.3 MB | 0.7/12 MB | 112 kB | 0/2.6 MB
2026.04.04 22:14:42 INFO  Progress (4): 5.6/6.3 MB | 0.8/12 MB | 112 kB | 0/2.6 MB
2026.04.04 22:14:42 INFO  Progress (4): 5.6/6.3 MB | 0.8/12 MB | 112 kB | 0/2.6 MB
2026.04.04 22:14:42 INFO  Progress (4): 5.6/6.3 MB | 0.8/12 MB | 112 kB | 0/2.6 MB
2026.04.04 22:14:42 INFO  Progress (4): 5.6/6.3 MB | 0.8/12 MB | 112 kB | 0/2.6 MB
2026.04.04 22:14:42 INFO  Progress (4): 5.7/6.3 MB | 0.8/12 MB | 112 kB | 0/2.6 MB
2026.04.04 22:14:42 INFO  Progress (4): 5.7/6.3 MB | 0.8/12 MB | 112 kB | 0/2.6 MB
2026.04.04 22:14:42 INFO  Progress (4): 5.7/6.3 MB | 0.8/12 MB | 112 kB | 0/2.6 MB
2026.04.04 22:14:42 INFO  Progress (4): 5.7/6.3 MB | 0.8/12 MB | 112 kB | 0/2.6 MB
2026.04.04 22:14:42 INFO  Progress (4): 5.7/6.3 MB | 0.8/12 MB | 112 kB | 0/2.6 MB
2026.04.04 22:14:42 INFO  Progress (4): 5.7/6.3 MB | 0.8/12 MB | 112 kB | 0/2.6 MB
2026.04.04 22:14:42 INFO  Progress (4): 5.8/6.3 MB | 0.8/12 MB | 112 kB | 0/2.6 MB
2026.04.04 22:14:42 INFO  Progress (4): 5.8/6.3 MB | 0.8/12 MB | 112 kB | 0/2.6 MB
2026.04.04 22:14:42 INFO  Progress (4): 5.8/6.3 MB | 0.8/12 MB | 112 kB | 0/2.6 MB
2026.04.04 22:14:42 INFO  Progress (4): 5.8/6.3 MB | 0.8/12 MB | 112 kB | 0/2.6 MB
2026.04.04 22:14:42 INFO  Progress (5): 5.8/6.3 MB | 0.8/12 MB | 112 kB | 0/2.6 MB | 0/1.1 MB
2026.04.04 22:14:42 INFO  Progress (5): 5.8/6.3 MB | 0.8/12 MB | 112 kB | 0/2.6 MB | 0/1.1 MB
2026.04.04 22:14:42 INFO  Progress (5): 5.8/6.3 MB | 0.8/12 MB | 112 kB | 0/2.6 MB | 0/1.1 MB
2026.04.04 22:14:42 INFO  Progress (5): 5.8/6.3 MB | 0.8/12 MB | 112 kB | 0/2.6 MB | 0/1.1 MB
2026.04.04 22:14:42 INFO  Progress (5): 5.8/6.3 MB | 0.8/12 MB | 112 kB | 0/2.6 MB | 0/1.1 MB
2026.04.04 22:14:42 INFO  Progress (5): 5.8/6.3 MB | 0.8/12 MB | 112 kB | 0/2.6 MB | 0/1.1 MB
2026.04.04 22:14:42 INFO  Progress (5): 5.8/6.3 MB | 0.8/12 MB | 112 kB | 0/2.6 MB | 0/1.1 MB
2026.04.04 22:14:42 INFO  Progress (5): 5.8/6.3 MB | 0.9/12 MB | 112 kB | 0/2.6 MB | 0/1.1 MB
2026.04.04 22:14:42 INFO  Progress (5): 5.8/6.3 MB | 0.9/12 MB | 112 kB | 0/2.6 MB | 0/1.1 MB
2026.04.04 22:14:42 INFO  Progress (5): 5.8/6.3 MB | 0.9/12 MB | 112 kB | 0/2.6 MB | 0/1.1 MB
2026.04.04 22:14:42 INFO  Progress (5): 5.8/6.3 MB | 0.9/12 MB | 112 kB | 0/2.6 MB | 0/1.1 MB
2026.04.04 22:14:42 INFO  Progress (5): 5.8/6.3 MB | 0.9/12 MB | 112 kB | 0/2.6 MB | 0/1.1 MB
2026.04.04 22:14:42 INFO  Progress (5): 5.8/6.3 MB | 0.9/12 MB | 112 kB | 0/2.6 MB | 0/1.1 MB
2026.04.04 22:14:42 INFO  Progress (5): 5.8/6.3 MB | 1.0/12 MB | 112 kB | 0/2.6 MB | 0/1.1 MB
2026.04.04 22:14:42 INFO  Progress (5): 5.8/6.3 MB | 1.0/12 MB | 112 kB | 0/2.6 MB | 0/1.1 MB
2026.04.04 22:14:42 INFO  Progress (5): 5.8/6.3 MB | 1.0/12 MB | 112 kB | 0/2.6 MB | 0/1.1 MB
2026.04.04 22:14:42 INFO  Progress (5): 5.8/6.3 MB | 1.0/12 MB | 112 kB | 0/2.6 MB | 0/1.1 MB
2026.04.04 22:14:42 INFO  Progress (5): 5.8/6.3 MB | 1.0/12 MB | 112 kB | 0/2.6 MB | 0/1.1 MB
2026.04.04 22:14:42 INFO  Progress (5): 5.8/6.3 MB | 1.0/12 MB | 112 kB | 0/2.6 MB | 0/1.1 MB
2026.04.04 22:14:42 INFO  Progress (5): 5.8/6.3 MB | 1.1/12 MB | 112 kB | 0/2.6 MB | 0/1.1 MB
2026.04.04 22:14:42 INFO  Progress (5): 5.8/6.3 MB | 1.1/12 MB | 112 kB | 0/2.6 MB | 0/1.1 MB
2026.04.04 22:14:42 INFO  Progress (5): 5.8/6.3 MB | 1.1/12 MB | 112 kB | 0/2.6 MB | 0/1.1 MB
2026.04.04 22:14:42 INFO  Progress (5): 5.8/6.3 MB | 1.1/12 MB | 112 kB | 0/2.6 MB | 0/1.1 MB
2026.04.04 22:14:42 INFO  Progress (5): 5.8/6.3 MB | 1.1/12 MB | 112 kB | 0/2.6 MB | 0/1.1 MB
2026.04.04 22:14:42 INFO  Progress (5): 5.8/6.3 MB | 1.1/12 MB | 112 kB | 0/2.6 MB | 0/1.1 MB
2026.04.04 22:14:42 INFO  Progress (5): 5.8/6.3 MB | 1.2/12 MB | 112 kB | 0/2.6 MB | 0/1.1 MB
2026.04.04 22:14:42 INFO  Progress (5): 5.8/6.3 MB | 1.2/12 MB | 112 kB | 0/2.6 MB | 0/1.1 MB
2026.04.04 22:14:42 INFO  Progress (5): 5.8/6.3 MB | 1.2/12 MB | 112 kB | 0/2.6 MB | 0/1.1 MB
2026.04.04 22:14:42 INFO  Progress (5): 5.8/6.3 MB | 1.2/12 MB | 112 kB | 0/2.6 MB | 0/1.1 MB
2026.04.04 22:14:42 INFO  Progress (5): 5.8/6.3 MB | 1.2/12 MB | 112 kB | 0/2.6 MB | 0/1.1 MB
2026.04.04 22:14:42 INFO  Progress (5): 5.8/6.3 MB | 1.2/12 MB | 112 kB | 0/2.6 MB | 0/1.1 MB
2026.04.04 22:14:42 INFO  Progress (5): 5.8/6.3 MB | 1.2/12 MB | 112 kB | 0/2.6 MB | 0/1.1 MB
2026.04.04 22:14:42 INFO  Progress (5): 5.8/6.3 MB | 1.2/12 MB | 112 kB | 0/2.6 MB | 0/1.1 MB
2026.04.04 22:14:42 INFO  Progress (5): 5.8/6.3 MB | 1.2/12 MB | 112 kB | 0/2.6 MB | 0/1.1 MB
2026.04.04 22:14:42 INFO  Progress (5): 5.8/6.3 MB | 1.2/12 MB | 112 kB | 0/2.6 MB | 0/1.1 MB
2026.04.04 22:14:42 INFO  Progress (5): 5.8/6.3 MB | 1.3/12 MB | 112 kB | 0/2.6 MB | 0/1.1 MB
2026.04.04 22:14:42 INFO  Progress (5): 5.8/6.3 MB | 1.3/12 MB | 112 kB | 0/2.6 MB | 0/1.1 MB
2026.04.04 22:14:42 INFO  Progress (5): 5.8/6.3 MB | 1.3/12 MB | 112 kB | 0.1/2.6 MB | 0/1.1 MB
2026.04.04 22:14:42 INFO  Progress (5): 5.8/6.3 MB | 1.3/12 MB | 112 kB | 0.1/2.6 MB | 0/1.1 MB
2026.04.04 22:14:42 INFO  Progress (5): 5.8/6.3 MB | 1.3/12 MB | 112 kB | 0.1/2.6 MB | 0/1.1 MB
2026.04.04 22:14:42 INFO  Progress (5): 5.8/6.3 MB | 1.3/12 MB | 112 kB | 0.1/2.6 MB | 0/1.1 MB
2026.04.04 22:14:42 INFO  Progress (5): 5.8/6.3 MB | 1.3/12 MB | 112 kB | 0.1/2.6 MB | 0/1.1 MB
2026.04.04 22:14:42 INFO  Progress (5): 5.8/6.3 MB | 1.3/12 MB | 112 kB | 0.1/2.6 MB | 0/1.1 MB
2026.04.04 22:14:42 INFO  Progress (5): 5.8/6.3 MB | 1.3/12 MB | 112 kB | 0.1/2.6 MB | 0/1.1 MB
2026.04.04 22:14:42 INFO  Progress (5): 5.8/6.3 MB | 1.3/12 MB | 112 kB | 0.1/2.6 MB | 0/1.1 MB
2026.04.04 22:14:42 INFO  Progress (5): 5.8/6.3 MB | 1.3/12 MB | 112 kB | 0.1/2.6 MB | 0/1.1 MB
2026.04.04 22:14:42 INFO  Progress (5): 5.8/6.3 MB | 1.3/12 MB | 112 kB | 0.1/2.6 MB | 0/1.1 MB
2026.04.04 22:14:42 INFO  Progress (5): 5.8/6.3 MB | 1.3/12 MB | 112 kB | 0.1/2.6 MB | 0/1.1 MB
2026.04.04 22:14:42 INFO  Progress (5): 5.8/6.3 MB | 1.3/12 MB | 112 kB | 0.1/2.6 MB | 0/1.1 MB
2026.04.04 22:14:42 INFO  Progress (5): 5.8/6.3 MB | 1.3/12 MB | 112 kB | 0.1/2.6 MB | 0/1.1 MB
2026.04.04 22:14:42 INFO  Progress (5): 5.8/6.3 MB | 1.3/12 MB | 112 kB | 0.1/2.6 MB | 0/1.1 MB
2026.04.04 22:14:42 INFO  Progress (5): 5.8/6.3 MB | 1.3/12 MB | 112 kB | 0.1/2.6 MB | 0/1.1 MB
2026.04.04 22:14:42 INFO  Progress (5): 5.8/6.3 MB | 1.3/12 MB | 112 kB | 0.1/2.6 MB | 0/1.1 MB
2026.04.04 22:14:42 INFO  Progress (5): 5.9/6.3 MB | 1.3/12 MB | 112 kB | 0.1/2.6 MB | 0/1.1 MB
2026.04.04 22:14:42 INFO  Progress (5): 5.9/6.3 MB | 1.3/12 MB | 112 kB | 0.1/2.6 MB | 0/1.1 MB
2026.04.04 22:14:42 INFO  Progress (5): 5.9/6.3 MB | 1.3/12 MB | 112 kB | 0.1/2.6 MB | 0/1.1 MB
2026.04.04 22:14:42 INFO  Progress (5): 5.9/6.3 MB | 1.3/12 MB | 112 kB | 0.1/2.6 MB | 0/1.1 MB
2026.04.04 22:14:42 INFO  Progress (5): 5.9/6.3 MB | 1.3/12 MB | 112 kB | 0.1/2.6 MB | 0/1.1 MB
2026.04.04 22:14:42 INFO  Progress (5): 5.9/6.3 MB | 1.3/12 MB | 112 kB | 0.1/2.6 MB | 0/1.1 MB
2026.04.04 22:14:42 INFO  Progress (5): 5.9/6.3 MB | 1.3/12 MB | 112 kB | 0.1/2.6 MB | 0/1.1 MB
2026.04.04 22:14:42 INFO  Progress (5): 5.9/6.3 MB | 1.3/12 MB | 112 kB | 0.1/2.6 MB | 0/1.1 MB
2026.04.04 22:14:42 INFO  Progress (5): 5.9/6.3 MB | 1.3/12 MB | 112 kB | 0.1/2.6 MB | 0/1.1 MB
2026.04.04 22:14:42 INFO  Progress (5): 5.9/6.3 MB | 1.3/12 MB | 112 kB | 0.1/2.6 MB | 0/1.1 MB
2026.04.04 22:14:42 INFO  Progress (5): 5.9/6.3 MB | 1.3/12 MB | 112 kB | 0.1/2.6 MB | 0/1.1 MB
2026.04.04 22:14:42 INFO  Progress (5): 5.9/6.3 MB | 1.3/12 MB | 112 kB | 0.1/2.6 MB | 0/1.1 MB
2026.04.04 22:14:42 INFO  Progress (5): 5.9/6.3 MB | 1.3/12 MB | 112 kB | 0.1/2.6 MB | 0/1.1 MB
2026.04.04 22:14:42 INFO  Progress (5): 5.9/6.3 MB | 1.3/12 MB | 112 kB | 0.1/2.6 MB | 0/1.1 MB
2026.04.04 22:14:42 INFO  Progress (5): 5.9/6.3 MB | 1.3/12 MB | 112 kB | 0.1/2.6 MB | 0/1.1 MB
2026.04.04 22:14:42 INFO  Progress (5): 5.9/6.3 MB | 1.3/12 MB | 112 kB | 0.1/2.6 MB | 0/1.1 MB
2026.04.04 22:14:42 INFO  Progress (5): 5.9/6.3 MB | 1.3/12 MB | 112 kB | 0.1/2.6 MB | 0/1.1 MB
2026.04.04 22:14:42 INFO  Progress (5): 5.9/6.3 MB | 1.3/12 MB | 112 kB | 0.1/2.6 MB | 0/1.1 MB
2026.04.04 22:14:42 INFO  Progress (5): 5.9/6.3 MB | 1.3/12 MB | 112 kB | 0.1/2.6 MB | 0/1.1 MB
2026.04.04 22:14:42 INFO  Progress (5): 5.9/6.3 MB | 1.3/12 MB | 112 kB | 0.1/2.6 MB | 0/1.1 MB
2026.04.04 22:14:42 INFO  Progress (5): 6.0/6.3 MB | 1.3/12 MB | 112 kB | 0.1/2.6 MB | 0/1.1 MB
2026.04.04 22:14:42 INFO  Progress (5): 6.0/6.3 MB | 1.3/12 MB | 112 kB | 0.1/2.6 MB | 0/1.1 MB
2026.04.04 22:14:42 INFO  Progress (5): 6.0/6.3 MB | 1.3/12 MB | 112 kB | 0.1/2.6 MB | 0/1.1 MB
2026.04.04 22:14:42 INFO  Progress (5): 6.0/6.3 MB | 1.3/12 MB | 112 kB | 0.1/2.6 MB | 0/1.1 MB
2026.04.04 22:14:42 INFO  Progress (5): 6.0/6.3 MB | 1.4/12 MB | 112 kB | 0.1/2.6 MB | 0/1.1 MB
2026.04.04 22:14:42 INFO  Progress (5): 6.0/6.3 MB | 1.4/12 MB | 112 kB | 0.1/2.6 MB | 0/1.1 MB
2026.04.04 22:14:42 INFO  Progress (5): 6.0/6.3 MB | 1.4/12 MB | 112 kB | 0.1/2.6 MB | 0/1.1 MB
2026.04.04 22:14:42 INFO  Progress (5): 6.0/6.3 MB | 1.4/12 MB | 112 kB | 0.1/2.6 MB | 0/1.1 MB
2026.04.04 22:14:42 INFO  Progress (5): 6.0/6.3 MB | 1.4/12 MB | 112 kB | 0.1/2.6 MB | 0/1.1 MB
2026.04.04 22:14:42 INFO  Progress (5): 6.0/6.3 MB | 1.4/12 MB | 112 kB | 0.1/2.6 MB | 0/1.1 MB
2026.04.04 22:14:42 INFO  Progress (5): 6.0/6.3 MB | 1.4/12 MB | 112 kB | 0.1/2.6 MB | 0/1.1 MB
2026.04.04 22:14:42 INFO  Progress (5): 6.0/6.3 MB | 1.4/12 MB | 112 kB | 0.1/2.6 MB | 0/1.1 MB
2026.04.04 22:14:42 INFO  Progress (5): 6.0/6.3 MB | 1.4/12 MB | 112 kB | 0.1/2.6 MB | 0/1.1 MB
2026.04.04 22:14:42 INFO  Progress (5): 6.1/6.3 MB | 1.4/12 MB | 112 kB | 0.1/2.6 MB | 0/1.1 MB
2026.04.04 22:14:42 INFO  Progress (5): 6.1/6.3 MB | 1.4/12 MB | 112 kB | 0.1/2.6 MB | 0/1.1 MB
2026.04.04 22:14:42 INFO  Progress (5): 6.1/6.3 MB | 1.4/12 MB | 112 kB | 0.1/2.6 MB | 0/1.1 MB
2026.04.04 22:14:42 INFO  Progress (5): 6.1/6.3 MB | 1.5/12 MB | 112 kB | 0.1/2.6 MB | 0/1.1 MB
2026.04.04 22:14:42 INFO  Progress (5): 6.1/6.3 MB | 1.5/12 MB | 112 kB | 0.1/2.6 MB | 0/1.1 MB
2026.04.04 22:14:42 INFO  Progress (5): 6.1/6.3 MB | 1.5/12 MB | 112 kB | 0.1/2.6 MB | 0/1.1 MB
2026.04.04 22:14:42 INFO  Progress (5): 6.1/6.3 MB | 1.5/12 MB | 112 kB | 0.1/2.6 MB | 0/1.1 MB
2026.04.04 22:14:42 INFO  Progress (5): 6.1/6.3 MB | 1.5/12 MB | 112 kB | 0.1/2.6 MB | 0/1.1 MB
2026.04.04 22:14:42 INFO  Progress (5): 6.1/6.3 MB | 1.5/12 MB | 112 kB | 0.1/2.6 MB | 0/1.1 MB
2026.04.04 22:14:42 INFO  Progress (5): 6.1/6.3 MB | 1.5/12 MB | 112 kB | 0.1/2.6 MB | 0/1.1 MB
2026.04.04 22:14:42 INFO  Progress (5): 6.1/6.3 MB | 1.5/12 MB | 112 kB | 0.1/2.6 MB | 0/1.1 MB
2026.04.04 22:14:42 INFO  Progress (5): 6.2/6.3 MB | 1.5/12 MB | 112 kB | 0.1/2.6 MB | 0/1.1 MB
2026.04.04 22:14:42 INFO  Progress (5): 6.2/6.3 MB | 1.5/12 MB | 112 kB | 0.1/2.6 MB | 0/1.1 MB
2026.04.04 22:14:42 INFO  Progress (5): 6.2/6.3 MB | 1.5/12 MB | 112 kB | 0.1/2.6 MB | 0/1.1 MB
2026.04.04 22:14:42 INFO  Progress (5): 6.2/6.3 MB | 1.5/12 MB | 112 kB | 0.1/2.6 MB | 0/1.1 MB
2026.04.04 22:14:42 INFO  Progress (5): 6.2/6.3 MB | 1.5/12 MB | 112 kB | 0.1/2.6 MB | 0/1.1 MB
2026.04.04 22:14:42 INFO  Progress (5): 6.2/6.3 MB | 1.5/12 MB | 112 kB | 0.1/2.6 MB | 0/1.1 MB
2026.04.04 22:14:42 INFO  Progress (5): 6.3/6.3 MB | 1.5/12 MB | 112 kB | 0.1/2.6 MB | 0/1.1 MB
2026.04.04 22:14:42 INFO  Progress (5): 6.3/6.3 MB | 1.5/12 MB | 112 kB | 0.1/2.6 MB | 0/1.1 MB
2026.04.04 22:14:42 INFO  Progress (5): 6.3/6.3 MB | 1.5/12 MB | 112 kB | 0.1/2.6 MB | 0/1.1 MB
2026.04.04 22:14:42 INFO  Progress (5): 6.3 MB | 1.5/12 MB | 112 kB | 0.1/2.6 MB | 0/1.1 MB    
2026.04.04 22:14:42 INFO  Progress (5): 6.3 MB | 1.5/12 MB | 112 kB | 0.1/2.6 MB | 0/1.1 MB
2026.04.04 22:14:42 INFO  Progress (5): 6.3 MB | 1.5/12 MB | 112 kB | 0.1/2.6 MB | 0/1.1 MB
2026.04.04 22:14:42 INFO  Progress (5): 6.3 MB | 1.5/12 MB | 112 kB | 0.1/2.6 MB | 0.1/1.1 MB
2026.04.04 22:14:42 INFO  Progress (5): 6.3 MB | 1.5/12 MB | 112 kB | 0.1/2.6 MB | 0.1/1.1 MB
2026.04.04 22:14:42 INFO  Progress (5): 6.3 MB | 1.5/12 MB | 112 kB | 0.1/2.6 MB | 0.1/1.1 MB
2026.04.04 22:14:42 INFO  Progress (5): 6.3 MB | 1.5/12 MB | 112 kB | 0.1/2.6 MB | 0.1/1.1 MB
2026.04.04 22:14:42 INFO  Progress (5): 6.3 MB | 1.5/12 MB | 112 kB | 0.1/2.6 MB | 0.1/1.1 MB
2026.04.04 22:14:42 INFO  Progress (5): 6.3 MB | 1.5/12 MB | 112 kB | 0.1/2.6 MB | 0.1/1.1 MB
2026.04.04 22:14:42 INFO                                                                     
2026.04.04 22:14:42 INFO  Downloaded from central: https://repo.maven.apache.org/maven2/org/scala-sbt/compiler-interface/1.8.0/compiler-interface-1.8.0.jar (112 kB at 64 kB/s)
2026.04.04 22:14:42 INFO  Downloading from central: https://repo.maven.apache.org/maven2/org/scala-sbt/io_2.13/1.8.0/io_2.13-1.8.0.jar
2026.04.04 22:14:42 INFO  Progress (4): 6.3 MB | 1.5/12 MB | 0.1/2.6 MB | 0.1/1.1 MB
2026.04.04 22:14:42 INFO  Progress (4): 6.3 MB | 1.5/12 MB | 0.1/2.6 MB | 0.1/1.1 MB
2026.04.04 22:14:42 INFO  Progress (4): 6.3 MB | 1.5/12 MB | 0.1/2.6 MB | 0.1/1.1 MB
2026.04.04 22:14:42 INFO  Progress (4): 6.3 MB | 1.6/12 MB | 0.1/2.6 MB | 0.1/1.1 MB
2026.04.04 22:14:42 INFO  Progress (4): 6.3 MB | 1.6/12 MB | 0.1/2.6 MB | 0.1/1.1 MB
2026.04.04 22:14:42 INFO  Progress (4): 6.3 MB | 1.6/12 MB | 0.1/2.6 MB | 0.1/1.1 MB
2026.04.04 22:14:42 INFO  Progress (4): 6.3 MB | 1.6/12 MB | 0.1/2.6 MB | 0.1/1.1 MB
2026.04.04 22:14:42 INFO  Progress (4): 6.3 MB | 1.6/12 MB | 0.1/2.6 MB | 0.1/1.1 MB
2026.04.04 22:14:42 INFO  Progress (4): 6.3 MB | 1.6/12 MB | 0.1/2.6 MB | 0.1/1.1 MB
2026.04.04 22:14:42 INFO  Progress (4): 6.3 MB | 1.6/12 MB | 0.1/2.6 MB | 0.1/1.1 MB
2026.04.04 22:14:42 INFO  Progress (4): 6.3 MB | 1.6/12 MB | 0.1/2.6 MB | 0.1/1.1 MB
2026.04.04 22:14:42 INFO  Progress (4): 6.3 MB | 1.6/12 MB | 0.1/2.6 MB | 0.1/1.1 MB
2026.04.04 22:14:42 INFO  Progress (4): 6.3 MB | 1.6/12 MB | 0.1/2.6 MB | 0.1/1.1 MB
2026.04.04 22:14:42 INFO  Progress (4): 6.3 MB | 1.6/12 MB | 0.1/2.6 MB | 0.1/1.1 MB
2026.04.04 22:14:42 INFO  Progress (4): 6.3 MB | 1.6/12 MB | 0.2/2.6 MB | 0.1/1.1 MB
2026.04.04 22:14:42 INFO  Progress (4): 6.3 MB | 1.6/12 MB | 0.2/2.6 MB | 0.1/1.1 MB
2026.04.04 22:14:42 INFO  Progress (4): 6.3 MB | 1.6/12 MB | 0.2/2.6 MB | 0.1/1.1 MB
2026.04.04 22:14:42 INFO  Progress (4): 6.3 MB | 1.6/12 MB | 0.2/2.6 MB | 0.1/1.1 MB
2026.04.04 22:14:42 INFO  Progress (4): 6.3 MB | 1.6/12 MB | 0.2/2.6 MB | 0.1/1.1 MB
2026.04.04 22:14:42 INFO  Progress (4): 6.3 MB | 1.6/12 MB | 0.2/2.6 MB | 0.1/1.1 MB
2026.04.04 22:14:42 INFO  Progress (4): 6.3 MB | 1.6/12 MB | 0.2/2.6 MB | 0.1/1.1 MB
2026.04.04 22:14:42 INFO  Progress (4): 6.3 MB | 1.6/12 MB | 0.2/2.6 MB | 0.1/1.1 MB
2026.04.04 22:14:42 INFO  Progress (4): 6.3 MB | 1.6/12 MB | 0.2/2.6 MB | 0.1/1.1 MB
2026.04.04 22:14:42 INFO  Progress (4): 6.3 MB | 1.6/12 MB | 0.2/2.6 MB | 0.1/1.1 MB
2026.04.04 22:14:42 INFO  Progress (4): 6.3 MB | 1.6/12 MB | 0.2/2.6 MB | 0.1/1.1 MB
2026.04.04 22:14:42 INFO  Progress (4): 6.3 MB | 1.6/12 MB | 0.2/2.6 MB | 0.1/1.1 MB
2026.04.04 22:14:42 INFO  Progress (4): 6.3 MB | 1.6/12 MB | 0.2/2.6 MB | 0.1/1.1 MB
2026.04.04 22:14:42 INFO  Progress (4): 6.3 MB | 1.6/12 MB | 0.2/2.6 MB | 0.1/1.1 MB
2026.04.04 22:14:42 INFO  Progress (4): 6.3 MB | 1.6/12 MB | 0.2/2.6 MB | 0.1/1.1 MB
2026.04.04 22:14:42 INFO  Progress (4): 6.3 MB | 1.6/12 MB | 0.2/2.6 MB | 0.1/1.1 MB
2026.04.04 22:14:42 INFO  Progress (4): 6.3 MB | 1.6/12 MB | 0.2/2.6 MB | 0.1/1.1 MB
2026.04.04 22:14:42 INFO  Progress (4): 6.3 MB | 1.6/12 MB | 0.2/2.6 MB | 0.1/1.1 MB
2026.04.04 22:14:42 INFO  Progress (4): 6.3 MB | 1.6/12 MB | 0.2/2.6 MB | 0.1/1.1 MB
2026.04.04 22:14:42 INFO  Progress (4): 6.3 MB | 1.6/12 MB | 0.2/2.6 MB | 0.1/1.1 MB
2026.04.04 22:14:42 INFO  Progress (4): 6.3 MB | 1.6/12 MB | 0.2/2.6 MB | 0.1/1.1 MB
2026.04.04 22:14:42 INFO  Progress (4): 6.3 MB | 1.6/12 MB | 0.2/2.6 MB | 0.1/1.1 MB
2026.04.04 22:14:42 INFO  Progress (4): 6.3 MB | 1.6/12 MB | 0.2/2.6 MB | 0.1/1.1 MB
2026.04.04 22:14:42 INFO  Progress (4): 6.3 MB | 1.6/12 MB | 0.2/2.6 MB | 0.1/1.1 MB
2026.04.04 22:14:42 INFO  Progress (4): 6.3 MB | 1.6/12 MB | 0.2/2.6 MB | 0.1/1.1 MB
2026.04.04 22:14:42 INFO  Progress (4): 6.3 MB | 1.6/12 MB | 0.2/2.6 MB | 0.1/1.1 MB
2026.04.04 22:14:42 INFO  Progress (4): 6.3 MB | 1.6/12 MB | 0.2/2.6 MB | 0.1/1.1 MB
2026.04.04 22:14:42 INFO  Progress (4): 6.3 MB | 1.6/12 MB | 0.2/2.6 MB | 0.1/1.1 MB
2026.04.04 22:14:42 INFO  Progress (4): 6.3 MB | 1.6/12 MB | 0.2/2.6 MB | 0.1/1.1 MB
2026.04.04 22:14:42 INFO  Progress (4): 6.3 MB | 1.6/12 MB | 0.2/2.6 MB | 0.1/1.1 MB
2026.04.04 22:14:42 INFO  Progress (4): 6.3 MB | 1.6/12 MB | 0.2/2.6 MB | 0.1/1.1 MB
2026.04.04 22:14:42 INFO  Progress (4): 6.3 MB | 1.6/12 MB | 0.2/2.6 MB | 0.1/1.1 MB
2026.04.04 22:14:42 INFO  Progress (4): 6.3 MB | 1.6/12 MB | 0.2/2.6 MB | 0.1/1.1 MB
2026.04.04 22:14:42 INFO  Progress (4): 6.3 MB | 1.6/12 MB | 0.2/2.6 MB | 0.1/1.1 MB
2026.04.04 22:14:42 INFO  Progress (4): 6.3 MB | 1.6/12 MB | 0.2/2.6 MB | 0.1/1.1 MB
2026.04.04 22:14:42 INFO  Progress (4): 6.3 MB | 1.6/12 MB | 0.2/2.6 MB | 0.1/1.1 MB
2026.04.04 22:14:42 INFO  Progress (4): 6.3 MB | 1.6/12 MB | 0.2/2.6 MB | 0.1/1.1 MB
2026.04.04 22:14:42 INFO  Progress (4): 6.3 MB | 1.6/12 MB | 0.2/2.6 MB | 0.1/1.1 MB
2026.04.04 22:14:42 INFO  Progress (4): 6.3 MB | 1.7/12 MB | 0.2/2.6 MB | 0.1/1.1 MB
2026.04.04 22:14:42 INFO  Progress (4): 6.3 MB | 1.7/12 MB | 0.2/2.6 MB | 0.1/1.1 MB
2026.04.04 22:14:42 INFO  Progress (4): 6.3 MB | 1.7/12 MB | 0.3/2.6 MB | 0.1/1.1 MB
2026.04.04 22:14:42 INFO  Progress (4): 6.3 MB | 1.7/12 MB | 0.3/2.6 MB | 0.1/1.1 MB
2026.04.04 22:14:42 INFO  Progress (4): 6.3 MB | 1.7/12 MB | 0.3/2.6 MB | 0.1/1.1 MB
2026.04.04 22:14:42 INFO  Progress (4): 6.3 MB | 1.7/12 MB | 0.3/2.6 MB | 0.1/1.1 MB
2026.04.04 22:14:42 INFO  Progress (4): 6.3 MB | 1.7/12 MB | 0.3/2.6 MB | 0.1/1.1 MB
2026.04.04 22:14:42 INFO  Progress (4): 6.3 MB | 1.7/12 MB | 0.3/2.6 MB | 0.1/1.1 MB
2026.04.04 22:14:42 INFO  Progress (4): 6.3 MB | 1.7/12 MB | 0.3/2.6 MB | 0.2/1.1 MB
2026.04.04 22:14:42 INFO  Progress (4): 6.3 MB | 1.7/12 MB | 0.3/2.6 MB | 0.2/1.1 MB
2026.04.04 22:14:42 INFO  Progress (4): 6.3 MB | 1.7/12 MB | 0.3/2.6 MB | 0.2/1.1 MB
2026.04.04 22:14:42 INFO  Progress (4): 6.3 MB | 1.7/12 MB | 0.3/2.6 MB | 0.2/1.1 MB
2026.04.04 22:14:42 INFO  Progress (4): 6.3 MB | 1.7/12 MB | 0.3/2.6 MB | 0.2/1.1 MB
2026.04.04 22:14:42 INFO  Progress (4): 6.3 MB | 1.7/12 MB | 0.3/2.6 MB | 0.2/1.1 MB
2026.04.04 22:14:42 INFO  Progress (4): 6.3 MB | 1.7/12 MB | 0.3/2.6 MB | 0.2/1.1 MB
2026.04.04 22:14:42 INFO  Progress (4): 6.3 MB | 1.7/12 MB | 0.3/2.6 MB | 0.2/1.1 MB
2026.04.04 22:14:42 INFO  Progress (4): 6.3 MB | 1.7/12 MB | 0.3/2.6 MB | 0.2/1.1 MB
2026.04.04 22:14:42 INFO  Progress (4): 6.3 MB | 1.7/12 MB | 0.3/2.6 MB | 0.2/1.1 MB
2026.04.04 22:14:42 INFO  Progress (4): 6.3 MB | 1.7/12 MB | 0.3/2.6 MB | 0.2/1.1 MB
2026.04.04 22:14:42 INFO  Progress (4): 6.3 MB | 1.7/12 MB | 0.3/2.6 MB | 0.2/1.1 MB
2026.04.04 22:14:42 INFO  Progress (4): 6.3 MB | 1.7/12 MB | 0.3/2.6 MB | 0.2/1.1 MB
2026.04.04 22:14:42 INFO  Progress (4): 6.3 MB | 1.7/12 MB | 0.3/2.6 MB | 0.2/1.1 MB
2026.04.04 22:14:42 INFO  Progress (4): 6.3 MB | 1.7/12 MB | 0.3/2.6 MB | 0.2/1.1 MB
2026.04.04 22:14:42 INFO  Progress (4): 6.3 MB | 1.7/12 MB | 0.3/2.6 MB | 0.2/1.1 MB
2026.04.04 22:14:42 INFO  Progress (4): 6.3 MB | 1.7/12 MB | 0.3/2.6 MB | 0.3/1.1 MB
2026.04.04 22:14:42 INFO  Progress (4): 6.3 MB | 1.7/12 MB | 0.3/2.6 MB | 0.3/1.1 MB
2026.04.04 22:14:42 INFO  Progress (4): 6.3 MB | 1.8/12 MB | 0.3/2.6 MB | 0.3/1.1 MB
2026.04.04 22:14:42 INFO  Progress (4): 6.3 MB | 1.8/12 MB | 0.3/2.6 MB | 0.3/1.1 MB
2026.04.04 22:14:42 INFO                                                            
2026.04.04 22:14:42 INFO  Downloaded from central: https://repo.maven.apache.org/maven2/com/github/luben/zstd-jni/1.5.2-5/zstd-jni-1.5.2-5.jar (6.3 MB at 3.5 MB/s)
2026.04.04 22:14:42 INFO  Downloading from central: https://repo.maven.apache.org/maven2/com/swoval/file-tree-views/2.1.9/file-tree-views-2.1.9.jar
2026.04.04 22:14:42 INFO  Progress (3): 1.8/12 MB | 0.3/2.6 MB | 0.3/1.1 MB
2026.04.04 22:14:42 INFO  Progress (3): 1.8/12 MB | 0.3/2.6 MB | 0.3/1.1 MB
2026.04.04 22:14:42 INFO  Progress (4): 1.8/12 MB | 0.3/2.6 MB | 0.3/1.1 MB | 7.7/636 kB
2026.04.04 22:14:42 INFO  Progress (4): 1.8/12 MB | 0.3/2.6 MB | 0.3/1.1 MB | 8.2/636 kB
2026.04.04 22:14:42 INFO  Progress (4): 1.8/12 MB | 0.3/2.6 MB | 0.3/1.1 MB | 8.2/636 kB
2026.04.04 22:14:42 INFO  Progress (4): 1.8/12 MB | 0.3/2.6 MB | 0.3/1.1 MB | 25/636 kB 
2026.04.04 22:14:42 INFO  Progress (4): 1.8/12 MB | 0.3/2.6 MB | 0.3/1.1 MB | 25/636 kB
2026.04.04 22:14:42 INFO  Progress (4): 1.8/12 MB | 0.4/2.6 MB | 0.3/1.1 MB | 25/636 kB
2026.04.04 22:14:42 INFO  Progress (4): 1.8/12 MB | 0.4/2.6 MB | 0.3/1.1 MB | 33/636 kB
2026.04.04 22:14:42 INFO  Progress (4): 1.8/12 MB | 0.4/2.6 MB | 0.3/1.1 MB | 33/636 kB
2026.04.04 22:14:42 INFO  Progress (4): 1.8/12 MB | 0.4/2.6 MB | 0.3/1.1 MB | 49/636 kB
2026.04.04 22:14:42 INFO  Progress (4): 1.8/12 MB | 0.4/2.6 MB | 0.3/1.1 MB | 49/636 kB
2026.04.04 22:14:42 INFO  Progress (4): 1.8/12 MB | 0.4/2.6 MB | 0.3/1.1 MB | 49/636 kB
2026.04.04 22:14:42 INFO  Progress (4): 1.8/12 MB | 0.4/2.6 MB | 0.3/1.1 MB | 49/636 kB
2026.04.04 22:14:42 INFO  Progress (4): 1.8/12 MB | 0.4/2.6 MB | 0.3/1.1 MB | 66/636 kB
2026.04.04 22:14:42 INFO  Progress (4): 1.8/12 MB | 0.4/2.6 MB | 0.3/1.1 MB | 66/636 kB
2026.04.04 22:14:42 INFO  Progress (4): 1.8/12 MB | 0.4/2.6 MB | 0.3/1.1 MB | 66/636 kB
2026.04.04 22:14:42 INFO  Progress (4): 1.8/12 MB | 0.4/2.6 MB | 0.3/1.1 MB | 82/636 kB
2026.04.04 22:14:42 INFO  Progress (4): 1.8/12 MB | 0.4/2.6 MB | 0.3/1.1 MB | 82/636 kB
2026.04.04 22:14:42 INFO  Progress (4): 1.8/12 MB | 0.4/2.6 MB | 0.3/1.1 MB | 82/636 kB
2026.04.04 22:14:42 INFO  Progress (4): 1.8/12 MB | 0.5/2.6 MB | 0.3/1.1 MB | 82/636 kB
2026.04.04 22:14:42 INFO  Progress (4): 1.8/12 MB | 0.5/2.6 MB | 0.3/1.1 MB | 90/636 kB
2026.04.04 22:14:42 INFO  Progress (4): 1.8/12 MB | 0.5/2.6 MB | 0.3/1.1 MB | 106/636 kB
2026.04.04 22:14:42 INFO  Progress (4): 1.9/12 MB | 0.5/2.6 MB | 0.3/1.1 MB | 106/636 kB
2026.04.04 22:14:42 INFO  Progress (4): 1.9/12 MB | 0.5/2.6 MB | 0.3/1.1 MB | 123/636 kB
2026.04.04 22:14:42 INFO  Progress (4): 1.9/12 MB | 0.5/2.6 MB | 0.3/1.1 MB | 123/636 kB
2026.04.04 22:14:42 INFO  Progress (4): 1.9/12 MB | 0.5/2.6 MB | 0.3/1.1 MB | 123/636 kB
2026.04.04 22:14:42 INFO  Progress (4): 1.9/12 MB | 0.5/2.6 MB | 0.3/1.1 MB | 123/636 kB
2026.04.04 22:14:42 INFO  Progress (4): 1.9/12 MB | 0.5/2.6 MB | 0.3/1.1 MB | 123/636 kB
2026.04.04 22:14:42 INFO  Progress (4): 1.9/12 MB | 0.5/2.6 MB | 0.3/1.1 MB | 139/636 kB
2026.04.04 22:14:42 INFO  Progress (4): 1.9/12 MB | 0.5/2.6 MB | 0.3/1.1 MB | 139/636 kB
2026.04.04 22:14:42 INFO  Progress (4): 1.9/12 MB | 0.5/2.6 MB | 0.3/1.1 MB | 139/636 kB
2026.04.04 22:14:42 INFO  Progress (4): 1.9/12 MB | 0.5/2.6 MB | 0.3/1.1 MB | 156/636 kB
2026.04.04 22:14:42 INFO  Progress (4): 1.9/12 MB | 0.5/2.6 MB | 0.3/1.1 MB | 172/636 kB
2026.04.04 22:14:42 INFO  Progress (4): 1.9/12 MB | 0.5/2.6 MB | 0.3/1.1 MB | 172/636 kB
2026.04.04 22:14:42 INFO  Progress (4): 1.9/12 MB | 0.5/2.6 MB | 0.3/1.1 MB | 172/636 kB
2026.04.04 22:14:42 INFO  Progress (4): 1.9/12 MB | 0.5/2.6 MB | 0.3/1.1 MB | 172/636 kB
2026.04.04 22:14:42 INFO  Progress (4): 1.9/12 MB | 0.5/2.6 MB | 0.3/1.1 MB | 188/636 kB
2026.04.04 22:14:42 INFO  Progress (4): 1.9/12 MB | 0.5/2.6 MB | 0.3/1.1 MB | 188/636 kB
2026.04.04 22:14:42 INFO  Progress (4): 1.9/12 MB | 0.5/2.6 MB | 0.4/1.1 MB | 188/636 kB
2026.04.04 22:14:42 INFO  Progress (4): 1.9/12 MB | 0.5/2.6 MB | 0.4/1.1 MB | 197/636 kB
2026.04.04 22:14:42 INFO  Progress (4): 1.9/12 MB | 0.5/2.6 MB | 0.4/1.1 MB | 213/636 kB
2026.04.04 22:14:42 INFO  Progress (4): 1.9/12 MB | 0.5/2.6 MB | 0.4/1.1 MB | 213/636 kB
2026.04.04 22:14:42 INFO  Progress (4): 1.9/12 MB | 0.5/2.6 MB | 0.4/1.1 MB | 213/636 kB
2026.04.04 22:14:42 INFO  Progress (4): 1.9/12 MB | 0.5/2.6 MB | 0.4/1.1 MB | 213/636 kB
2026.04.04 22:14:42 INFO  Progress (4): 1.9/12 MB | 0.5/2.6 MB | 0.4/1.1 MB | 213/636 kB
2026.04.04 22:14:42 INFO  Progress (4): 1.9/12 MB | 0.5/2.6 MB | 0.4/1.1 MB | 229/636 kB
2026.04.04 22:14:42 INFO  Progress (4): 1.9/12 MB | 0.5/2.6 MB | 0.4/1.1 MB | 246/636 kB
2026.04.04 22:14:42 INFO  Progress (4): 1.9/12 MB | 0.5/2.6 MB | 0.4/1.1 MB | 246/636 kB
2026.04.04 22:14:42 INFO  Progress (4): 1.9/12 MB | 0.5/2.6 MB | 0.4/1.1 MB | 262/636 kB
2026.04.04 22:14:42 INFO  Progress (4): 1.9/12 MB | 0.5/2.6 MB | 0.4/1.1 MB | 262/636 kB
2026.04.04 22:14:42 INFO  Progress (4): 2.0/12 MB | 0.5/2.6 MB | 0.4/1.1 MB | 262/636 kB
2026.04.04 22:14:42 INFO  Progress (4): 2.0/12 MB | 0.5/2.6 MB | 0.4/1.1 MB | 279/636 kB
2026.04.04 22:14:42 INFO  Progress (4): 2.0/12 MB | 0.5/2.6 MB | 0.4/1.1 MB | 279/636 kB
2026.04.04 22:14:42 INFO  Progress (4): 2.0/12 MB | 0.5/2.6 MB | 0.4/1.1 MB | 295/636 kB
2026.04.04 22:14:42 INFO  Progress (4): 2.0/12 MB | 0.5/2.6 MB | 0.4/1.1 MB | 295/636 kB
2026.04.04 22:14:42 INFO  Progress (4): 2.0/12 MB | 0.5/2.6 MB | 0.4/1.1 MB | 295/636 kB
2026.04.04 22:14:42 INFO  Progress (4): 2.0/12 MB | 0.5/2.6 MB | 0.4/1.1 MB | 295/636 kB
2026.04.04 22:14:42 INFO  Progress (4): 2.0/12 MB | 0.5/2.6 MB | 0.4/1.1 MB | 295/636 kB
2026.04.04 22:14:42 INFO  Progress (4): 2.0/12 MB | 0.5/2.6 MB | 0.4/1.1 MB | 295/636 kB
2026.04.04 22:14:42 INFO  Progress (4): 2.0/12 MB | 0.5/2.6 MB | 0.4/1.1 MB | 295/636 kB
2026.04.04 22:14:42 INFO  Progress (4): 2.0/12 MB | 0.5/2.6 MB | 0.4/1.1 MB | 295/636 kB
2026.04.04 22:14:42 INFO  Progress (4): 2.0/12 MB | 0.5/2.6 MB | 0.4/1.1 MB | 311/636 kB
2026.04.04 22:14:42 INFO  Progress (4): 2.0/12 MB | 0.6/2.6 MB | 0.4/1.1 MB | 311/636 kB
2026.04.04 22:14:42 INFO  Progress (4): 2.0/12 MB | 0.6/2.6 MB | 0.4/1.1 MB | 311/636 kB
2026.04.04 22:14:42 INFO  Progress (4): 2.1/12 MB | 0.6/2.6 MB | 0.4/1.1 MB | 311/636 kB
2026.04.04 22:14:42 INFO  Progress (4): 2.1/12 MB | 0.6/2.6 MB | 0.4/1.1 MB | 311/636 kB
2026.04.04 22:14:42 INFO  Progress (4): 2.1/12 MB | 0.6/2.6 MB | 0.4/1.1 MB | 328/636 kB
2026.04.04 22:14:42 INFO  Progress (4): 2.1/12 MB | 0.6/2.6 MB | 0.4/1.1 MB | 328/636 kB
2026.04.04 22:14:42 INFO  Progress (4): 2.1/12 MB | 0.6/2.6 MB | 0.4/1.1 MB | 344/636 kB
2026.04.04 22:14:42 INFO  Progress (4): 2.1/12 MB | 0.6/2.6 MB | 0.4/1.1 MB | 344/636 kB
2026.04.04 22:14:42 INFO  Progress (4): 2.1/12 MB | 0.6/2.6 MB | 0.4/1.1 MB | 344/636 kB
2026.04.04 22:14:42 INFO  Progress (4): 2.1/12 MB | 0.6/2.6 MB | 0.4/1.1 MB | 344/636 kB
2026.04.04 22:14:42 INFO  Progress (4): 2.1/12 MB | 0.6/2.6 MB | 0.4/1.1 MB | 344/636 kB
2026.04.04 22:14:42 INFO  Progress (4): 2.1/12 MB | 0.6/2.6 MB | 0.4/1.1 MB | 344/636 kB
2026.04.04 22:14:42 INFO  Progress (4): 2.1/12 MB | 0.6/2.6 MB | 0.4/1.1 MB | 344/636 kB
2026.04.04 22:14:42 INFO  Progress (4): 2.1/12 MB | 0.6/2.6 MB | 0.4/1.1 MB | 360/636 kB
2026.04.04 22:14:42 INFO  Progress (4): 2.1/12 MB | 0.6/2.6 MB | 0.4/1.1 MB | 360/636 kB
2026.04.04 22:14:42 INFO  Progress (4): 2.1/12 MB | 0.7/2.6 MB | 0.4/1.1 MB | 360/636 kB
2026.04.04 22:14:42 INFO  Progress (4): 2.1/12 MB | 0.7/2.6 MB | 0.4/1.1 MB | 360/636 kB
2026.04.04 22:14:42 INFO  Progress (4): 2.1/12 MB | 0.7/2.6 MB | 0.4/1.1 MB | 360/636 kB
2026.04.04 22:14:42 INFO  Progress (4): 2.2/12 MB | 0.7/2.6 MB | 0.4/1.1 MB | 360/636 kB
2026.04.04 22:14:42 INFO  Progress (4): 2.2/12 MB | 0.7/2.6 MB | 0.4/1.1 MB | 360/636 kB
2026.04.04 22:14:42 INFO  Progress (4): 2.2/12 MB | 0.7/2.6 MB | 0.4/1.1 MB | 377/636 kB
2026.04.04 22:14:42 INFO  Progress (5): 2.2/12 MB | 0.7/2.6 MB | 0.4/1.1 MB | 377/636 kB | 7.7/229 kB
2026.04.04 22:14:42 INFO  Progress (5): 2.2/12 MB | 0.7/2.6 MB | 0.4/1.1 MB | 377/636 kB | 16/229 kB 
2026.04.04 22:14:42 INFO  Progress (5): 2.2/12 MB | 0.7/2.6 MB | 0.4/1.1 MB | 377/636 kB | 32/229 kB
2026.04.04 22:14:42 INFO  Progress (5): 2.2/12 MB | 0.7/2.6 MB | 0.4/1.1 MB | 377/636 kB | 49/229 kB
2026.04.04 22:14:42 INFO  Progress (5): 2.2/12 MB | 0.7/2.6 MB | 0.4/1.1 MB | 377/636 kB | 49/229 kB
2026.04.04 22:14:42 INFO  Progress (5): 2.2/12 MB | 0.7/2.6 MB | 0.4/1.1 MB | 377/636 kB | 65/229 kB
2026.04.04 22:14:42 INFO  Progress (5): 2.2/12 MB | 0.7/2.6 MB | 0.4/1.1 MB | 377/636 kB | 81/229 kB
2026.04.04 22:14:42 INFO  Progress (5): 2.2/12 MB | 0.7/2.6 MB | 0.4/1.1 MB | 377/636 kB | 98/229 kB
2026.04.04 22:14:42 INFO  Progress (5): 2.2/12 MB | 0.7/2.6 MB | 0.4/1.1 MB | 377/636 kB | 114/229 kB
2026.04.04 22:14:42 INFO  Progress (5): 2.2/12 MB | 0.7/2.6 MB | 0.4/1.1 MB | 377/636 kB | 115/229 kB
2026.04.04 22:14:42 INFO  Progress (5): 2.2/12 MB | 0.7/2.6 MB | 0.4/1.1 MB | 377/636 kB | 131/229 kB
2026.04.04 22:14:42 INFO  Progress (5): 2.2/12 MB | 0.7/2.6 MB | 0.4/1.1 MB | 377/636 kB | 147/229 kB
2026.04.04 22:14:42 INFO  Progress (5): 2.2/12 MB | 0.7/2.6 MB | 0.4/1.1 MB | 377/636 kB | 164/229 kB
2026.04.04 22:14:42 INFO  Progress (5): 2.2/12 MB | 0.7/2.6 MB | 0.4/1.1 MB | 377/636 kB | 180/229 kB
2026.04.04 22:14:42 INFO  Progress (5): 2.2/12 MB | 0.7/2.6 MB | 0.4/1.1 MB | 393/636 kB | 180/229 kB
2026.04.04 22:14:42 INFO  Progress (5): 2.2/12 MB | 0.7/2.6 MB | 0.4/1.1 MB | 393/636 kB | 197/229 kB
2026.04.04 22:14:42 INFO  Progress (5): 2.2/12 MB | 0.7/2.6 MB | 0.5/1.1 MB | 393/636 kB | 197/229 kB
2026.04.04 22:14:42 INFO  Progress (5): 2.2/12 MB | 0.7/2.6 MB | 0.5/1.1 MB | 393/636 kB | 197/229 kB
2026.04.04 22:14:42 INFO  Progress (5): 2.2/12 MB | 0.7/2.6 MB | 0.5/1.1 MB | 393/636 kB | 197/229 kB
2026.04.04 22:14:42 INFO  Progress (5): 2.2/12 MB | 0.7/2.6 MB | 0.5/1.1 MB | 393/636 kB | 197/229 kB
2026.04.04 22:14:42 INFO  Progress (5): 2.2/12 MB | 0.7/2.6 MB | 0.5/1.1 MB | 393/636 kB | 197/229 kB
2026.04.04 22:14:42 INFO  Progress (5): 2.2/12 MB | 0.7/2.6 MB | 0.5/1.1 MB | 393/636 kB | 197/229 kB
2026.04.04 22:14:42 INFO  Progress (5): 2.2/12 MB | 0.8/2.6 MB | 0.5/1.1 MB | 393/636 kB | 197/229 kB
2026.04.04 22:14:42 INFO  Progress (5): 2.2/12 MB | 0.8/2.6 MB | 0.5/1.1 MB | 393/636 kB | 197/229 kB
2026.04.04 22:14:42 INFO  Progress (5): 2.2/12 MB | 0.8/2.6 MB | 0.5/1.1 MB | 393/636 kB | 197/229 kB
2026.04.04 22:14:42 INFO  Progress (5): 2.2/12 MB | 0.8/2.6 MB | 0.5/1.1 MB | 393/636 kB | 197/229 kB
2026.04.04 22:14:42 INFO  Progress (5): 2.2/12 MB | 0.8/2.6 MB | 0.5/1.1 MB | 393/636 kB | 197/229 kB
2026.04.04 22:14:42 INFO  Progress (5): 2.2/12 MB | 0.8/2.6 MB | 0.5/1.1 MB | 393/636 kB | 197/229 kB
2026.04.04 22:14:42 INFO  Progress (5): 2.2/12 MB | 0.9/2.6 MB | 0.5/1.1 MB | 393/636 kB | 197/229 kB
2026.04.04 22:14:42 INFO  Progress (5): 2.2/12 MB | 0.9/2.6 MB | 0.5/1.1 MB | 393/636 kB | 197/229 kB
2026.04.04 22:14:42 INFO  Progress (5): 2.2/12 MB | 0.9/2.6 MB | 0.5/1.1 MB | 393/636 kB | 213/229 kB
2026.04.04 22:14:42 INFO  Progress (5): 2.2/12 MB | 0.9/2.6 MB | 0.5/1.1 MB | 410/636 kB | 213/229 kB
2026.04.04 22:14:42 INFO  Progress (5): 2.2/12 MB | 0.9/2.6 MB | 0.5/1.1 MB | 410/636 kB | 213/229 kB
2026.04.04 22:14:42 INFO  Progress (5): 2.2/12 MB | 0.9/2.6 MB | 0.5/1.1 MB | 410/636 kB | 213/229 kB
2026.04.04 22:14:42 INFO  Progress (5): 2.2/12 MB | 0.9/2.6 MB | 0.5/1.1 MB | 410/636 kB | 213/229 kB
2026.04.04 22:14:42 INFO  Progress (5): 2.3/12 MB | 0.9/2.6 MB | 0.5/1.1 MB | 410/636 kB | 213/229 kB
2026.04.04 22:14:42 INFO  Progress (5): 2.3/12 MB | 0.9/2.6 MB | 0.5/1.1 MB | 410/636 kB | 213/229 kB
2026.04.04 22:14:42 INFO  Progress (5): 2.3/12 MB | 0.9/2.6 MB | 0.5/1.1 MB | 410/636 kB | 213/229 kB
2026.04.04 22:14:42 INFO  Progress (5): 2.3/12 MB | 0.9/2.6 MB | 0.5/1.1 MB | 410/636 kB | 213/229 kB
2026.04.04 22:14:42 INFO  Progress (5): 2.3/12 MB | 0.9/2.6 MB | 0.5/1.1 MB | 410/636 kB | 213/229 kB
2026.04.04 22:14:42 INFO  Progress (5): 2.3/12 MB | 0.9/2.6 MB | 0.5/1.1 MB | 410/636 kB | 213/229 kB
2026.04.04 22:14:42 INFO  Progress (5): 2.4/12 MB | 0.9/2.6 MB | 0.5/1.1 MB | 410/636 kB | 213/229 kB
2026.04.04 22:14:42 INFO  Progress (5): 2.4/12 MB | 0.9/2.6 MB | 0.5/1.1 MB | 410/636 kB | 213/229 kB
2026.04.04 22:14:42 INFO  Progress (5): 2.4/12 MB | 0.9/2.6 MB | 0.5/1.1 MB | 410/636 kB | 213/229 kB
2026.04.04 22:14:42 INFO  Progress (5): 2.4/12 MB | 0.9/2.6 MB | 0.5/1.1 MB | 410/636 kB | 213/229 kB
2026.04.04 22:14:42 INFO  Progress (5): 2.4/12 MB | 0.9/2.6 MB | 0.5/1.1 MB | 410/636 kB | 213/229 kB
2026.04.04 22:14:42 INFO  Progress (5): 2.4/12 MB | 0.9/2.6 MB | 0.5/1.1 MB | 410/636 kB | 213/229 kB
2026.04.04 22:14:42 INFO  Progress (5): 2.4/12 MB | 0.9/2.6 MB | 0.5/1.1 MB | 410/636 kB | 213/229 kB
2026.04.04 22:14:42 INFO  Progress (5): 2.5/12 MB | 0.9/2.6 MB | 0.5/1.1 MB | 410/636 kB | 213/229 kB
2026.04.04 22:14:42 INFO  Progress (5): 2.5/12 MB | 0.9/2.6 MB | 0.5/1.1 MB | 426/636 kB | 213/229 kB
2026.04.04 22:14:42 INFO  Progress (5): 2.5/12 MB | 0.9/2.6 MB | 0.5/1.1 MB | 442/636 kB | 213/229 kB
2026.04.04 22:14:42 INFO  Progress (5): 2.5/12 MB | 0.9/2.6 MB | 0.5/1.1 MB | 459/636 kB | 213/229 kB
2026.04.04 22:14:42 INFO  Progress (5): 2.5/12 MB | 0.9/2.6 MB | 0.5/1.1 MB | 459/636 kB | 213/229 kB
2026.04.04 22:14:42 INFO  Progress (5): 2.5/12 MB | 0.9/2.6 MB | 0.5/1.1 MB | 459/636 kB | 213/229 kB
2026.04.04 22:14:42 INFO  Progress (5): 2.5/12 MB | 0.9/2.6 MB | 0.5/1.1 MB | 475/636 kB | 213/229 kB
2026.04.04 22:14:42 INFO  Progress (5): 2.5/12 MB | 0.9/2.6 MB | 0.5/1.1 MB | 492/636 kB | 213/229 kB
2026.04.04 22:14:42 INFO  Progress (5): 2.5/12 MB | 0.9/2.6 MB | 0.5/1.1 MB | 508/636 kB | 213/229 kB
2026.04.04 22:14:42 INFO  Progress (5): 2.5/12 MB | 0.9/2.6 MB | 0.5/1.1 MB | 524/636 kB | 213/229 kB
2026.04.04 22:14:42 INFO  Progress (5): 2.5/12 MB | 0.9/2.6 MB | 0.5/1.1 MB | 541/636 kB | 213/229 kB
2026.04.04 22:14:42 INFO  Progress (5): 2.5/12 MB | 0.9/2.6 MB | 0.5/1.1 MB | 557/636 kB | 213/229 kB
2026.04.04 22:14:42 INFO  Progress (5): 2.5/12 MB | 0.9/2.6 MB | 0.5/1.1 MB | 573/636 kB | 213/229 kB
2026.04.04 22:14:42 INFO  Progress (5): 2.5/12 MB | 0.9/2.6 MB | 0.5/1.1 MB | 590/636 kB | 213/229 kB
2026.04.04 22:14:42 INFO  Progress (5): 2.5/12 MB | 0.9/2.6 MB | 0.5/1.1 MB | 606/636 kB | 213/229 kB
2026.04.04 22:14:42 INFO  Progress (5): 2.5/12 MB | 0.9/2.6 MB | 0.5/1.1 MB | 623/636 kB | 213/229 kB
2026.04.04 22:14:42 INFO  Progress (5): 2.5/12 MB | 0.9/2.6 MB | 0.5/1.1 MB | 636 kB | 213/229 kB    
2026.04.04 22:14:42 INFO  Progress (5): 2.5/12 MB | 0.9/2.6 MB | 0.5/1.1 MB | 636 kB | 213/229 kB
2026.04.04 22:14:42 INFO  Progress (5): 2.5/12 MB | 0.9/2.6 MB | 0.5/1.1 MB | 636 kB | 213/229 kB
2026.04.04 22:14:42 INFO  Progress (5): 2.5/12 MB | 0.9/2.6 MB | 0.5/1.1 MB | 636 kB | 213/229 kB
2026.04.04 22:14:42 INFO  Progress (5): 2.5/12 MB | 0.9/2.6 MB | 0.6/1.1 MB | 636 kB | 213/229 kB
2026.04.04 22:14:42 INFO  Progress (5): 2.5/12 MB | 0.9/2.6 MB | 0.6/1.1 MB | 636 kB | 213/229 kB
2026.04.04 22:14:42 INFO  Progress (5): 2.5/12 MB | 0.9/2.6 MB | 0.6/1.1 MB | 636 kB | 213/229 kB
2026.04.04 22:14:42 INFO  Progress (5): 2.5/12 MB | 0.9/2.6 MB | 0.6/1.1 MB | 636 kB | 213/229 kB
2026.04.04 22:14:42 INFO  Progress (5): 2.5/12 MB | 0.9/2.6 MB | 0.6/1.1 MB | 636 kB | 213/229 kB
2026.04.04 22:14:42 INFO  Progress (5): 2.5/12 MB | 0.9/2.6 MB | 0.6/1.1 MB | 636 kB | 213/229 kB
2026.04.04 22:14:42 INFO  Progress (5): 2.5/12 MB | 0.9/2.6 MB | 0.6/1.1 MB | 636 kB | 213/229 kB
2026.04.04 22:14:42 INFO  Progress (5): 2.5/12 MB | 0.9/2.6 MB | 0.6/1.1 MB | 636 kB | 213/229 kB
2026.04.04 22:14:42 INFO  Progress (5): 2.5/12 MB | 0.9/2.6 MB | 0.6/1.1 MB | 636 kB | 213/229 kB
2026.04.04 22:14:42 INFO  Progress (5): 2.5/12 MB | 0.9/2.6 MB | 0.7/1.1 MB | 636 kB | 213/229 kB
2026.04.04 22:14:42 INFO  Progress (5): 2.5/12 MB | 0.9/2.6 MB | 0.7/1.1 MB | 636 kB | 213/229 kB
2026.04.04 22:14:42 INFO  Progress (5): 2.5/12 MB | 0.9/2.6 MB | 0.7/1.1 MB | 636 kB | 213/229 kB
2026.04.04 22:14:42 INFO  Progress (5): 2.5/12 MB | 0.9/2.6 MB | 0.7/1.1 MB | 636 kB | 213/229 kB
2026.04.04 22:14:42 INFO  Progress (5): 2.5/12 MB | 0.9/2.6 MB | 0.7/1.1 MB | 636 kB | 213/229 kB
2026.04.04 22:14:42 INFO  Progress (5): 2.5/12 MB | 0.9/2.6 MB | 0.7/1.1 MB | 636 kB | 213/229 kB
2026.04.04 22:14:42 INFO  Progress (5): 2.5/12 MB | 0.9/2.6 MB | 0.7/1.1 MB | 636 kB | 213/229 kB
2026.04.04 22:14:42 INFO  Progress (5): 2.5/12 MB | 0.9/2.6 MB | 0.7/1.1 MB | 636 kB | 213/229 kB
2026.04.04 22:14:42 INFO  Progress (5): 2.5/12 MB | 0.9/2.6 MB | 0.7/1.1 MB | 636 kB | 213/229 kB
2026.04.04 22:14:42 INFO  Progress (5): 2.5/12 MB | 0.9/2.6 MB | 0.7/1.1 MB | 636 kB | 229 kB    
2026.04.04 22:14:43 INFO                                                                     
2026.04.04 22:14:43 INFO  Downloaded from central: https://repo.maven.apache.org/maven2/org/scala-sbt/io_2.13/1.8.0/io_2.13-1.8.0.jar (636 kB at 307 kB/s)
2026.04.04 22:14:43 INFO  Downloading from central: https://repo.maven.apache.org/maven2/net/java/dev/jna/jna/5.12.0/jna-5.12.0.jar
2026.04.04 22:14:43 INFO  Progress (4): 2.5/12 MB | 0.9/2.6 MB | 0.7/1.1 MB | 229 kB
2026.04.04 22:14:43 INFO  Progress (4): 2.5/12 MB | 0.9/2.6 MB | 0.7/1.1 MB | 229 kB
2026.04.04 22:14:43 INFO  Progress (4): 2.5/12 MB | 1.0/2.6 MB | 0.7/1.1 MB | 229 kB
2026.04.04 22:14:43 INFO  Progress (4): 2.5/12 MB | 1.0/2.6 MB | 0.7/1.1 MB | 229 kB
2026.04.04 22:14:43 INFO  Progress (4): 2.5/12 MB | 1.0/2.6 MB | 0.7/1.1 MB | 229 kB
2026.04.04 22:14:43 INFO  Progress (4): 2.5/12 MB | 1.0/2.6 MB | 0.7/1.1 MB | 229 kB
2026.04.04 22:14:43 INFO  Progress (4): 2.5/12 MB | 1.0/2.6 MB | 0.7/1.1 MB | 229 kB
2026.04.04 22:14:43 INFO  Progress (4): 2.6/12 MB | 1.0/2.6 MB | 0.7/1.1 MB | 229 kB
2026.04.04 22:14:43 INFO  Progress (4): 2.6/12 MB | 1.0/2.6 MB | 0.7/1.1 MB | 229 kB
2026.04.04 22:14:43 INFO  Progress (4): 2.6/12 MB | 1.0/2.6 MB | 0.7/1.1 MB | 229 kB
2026.04.04 22:14:43 INFO  Progress (4): 2.6/12 MB | 1.0/2.6 MB | 0.7/1.1 MB | 229 kB
2026.04.04 22:14:43 INFO  Progress (4): 2.6/12 MB | 1.0/2.6 MB | 0.7/1.1 MB | 229 kB
2026.04.04 22:14:43 INFO  Progress (4): 2.6/12 MB | 1.0/2.6 MB | 0.7/1.1 MB | 229 kB
2026.04.04 22:14:43 INFO  Progress (4): 2.7/12 MB | 1.0/2.6 MB | 0.7/1.1 MB | 229 kB
2026.04.04 22:14:43 INFO  Progress (4): 2.7/12 MB | 1.0/2.6 MB | 0.7/1.1 MB | 229 kB
2026.04.04 22:14:43 INFO  Progress (4): 2.7/12 MB | 1.0/2.6 MB | 0.7/1.1 MB | 229 kB
2026.04.04 22:14:43 INFO  Progress (4): 2.7/12 MB | 1.0/2.6 MB | 0.7/1.1 MB | 229 kB
2026.04.04 22:14:43 INFO  Progress (4): 2.7/12 MB | 1.0/2.6 MB | 0.7/1.1 MB | 229 kB
2026.04.04 22:14:43 INFO  Progress (4): 2.7/12 MB | 1.0/2.6 MB | 0.7/1.1 MB | 229 kB
2026.04.04 22:14:43 INFO  Progress (4): 2.8/12 MB | 1.0/2.6 MB | 0.7/1.1 MB | 229 kB
2026.04.04 22:14:43 INFO  Progress (4): 2.8/12 MB | 1.0/2.6 MB | 0.7/1.1 MB | 229 kB
2026.04.04 22:14:43 INFO  Progress (4): 2.8/12 MB | 1.0/2.6 MB | 0.7/1.1 MB | 229 kB
2026.04.04 22:14:43 INFO  Progress (4): 2.8/12 MB | 1.0/2.6 MB | 0.7/1.1 MB | 229 kB
2026.04.04 22:14:43 INFO  Progress (4): 2.8/12 MB | 1.0/2.6 MB | 0.7/1.1 MB | 229 kB
2026.04.04 22:14:43 INFO  Progress (4): 2.8/12 MB | 1.0/2.6 MB | 0.7/1.1 MB | 229 kB
2026.04.04 22:14:43 INFO  Progress (4): 2.9/12 MB | 1.0/2.6 MB | 0.7/1.1 MB | 229 kB
2026.04.04 22:14:43 INFO  Progress (4): 2.9/12 MB | 1.0/2.6 MB | 0.7/1.1 MB | 229 kB
2026.04.04 22:14:43 INFO  Progress (4): 2.9/12 MB | 1.0/2.6 MB | 0.7/1.1 MB | 229 kB
2026.04.04 22:14:43 INFO  Progress (4): 2.9/12 MB | 1.0/2.6 MB | 0.7/1.1 MB | 229 kB
2026.04.04 22:14:43 INFO  Progress (4): 2.9/12 MB | 1.0/2.6 MB | 0.7/1.1 MB | 229 kB
2026.04.04 22:14:43 INFO  Progress (4): 2.9/12 MB | 1.0/2.6 MB | 0.7/1.1 MB | 229 kB
2026.04.04 22:14:43 INFO  Progress (4): 2.9/12 MB | 1.0/2.6 MB | 0.7/1.1 MB | 229 kB
2026.04.04 22:14:43 INFO  Progress (4): 3.0/12 MB | 1.0/2.6 MB | 0.7/1.1 MB | 229 kB
2026.04.04 22:14:43 INFO  Progress (4): 3.0/12 MB | 1.0/2.6 MB | 0.7/1.1 MB | 229 kB
2026.04.04 22:14:43 INFO  Progress (4): 3.0/12 MB | 1.0/2.6 MB | 0.7/1.1 MB | 229 kB
2026.04.04 22:14:43 INFO  Progress (4): 3.0/12 MB | 1.0/2.6 MB | 0.7/1.1 MB | 229 kB
2026.04.04 22:14:43 INFO  Progress (4): 3.0/12 MB | 1.0/2.6 MB | 0.7/1.1 MB | 229 kB
2026.04.04 22:14:43 INFO  Progress (4): 3.0/12 MB | 1.0/2.6 MB | 0.7/1.1 MB | 229 kB
2026.04.04 22:14:43 INFO  Progress (4): 3.0/12 MB | 1.0/2.6 MB | 0.7/1.1 MB | 229 kB
2026.04.04 22:14:43 INFO  Progress (4): 3.1/12 MB | 1.0/2.6 MB | 0.7/1.1 MB | 229 kB
2026.04.04 22:14:43 INFO  Progress (4): 3.1/12 MB | 1.0/2.6 MB | 0.7/1.1 MB | 229 kB
2026.04.04 22:14:43 INFO  Progress (4): 3.1/12 MB | 1.0/2.6 MB | 0.7/1.1 MB | 229 kB
2026.04.04 22:14:43 INFO  Progress (4): 3.1/12 MB | 1.0/2.6 MB | 0.7/1.1 MB | 229 kB
2026.04.04 22:14:43 INFO  Progress (4): 3.1/12 MB | 1.0/2.6 MB | 0.7/1.1 MB | 229 kB
2026.04.04 22:14:43 INFO  Progress (4): 3.1/12 MB | 1.0/2.6 MB | 0.7/1.1 MB | 229 kB
2026.04.04 22:14:43 INFO  Progress (4): 3.2/12 MB | 1.0/2.6 MB | 0.7/1.1 MB | 229 kB
2026.04.04 22:14:43 INFO  Progress (4): 3.2/12 MB | 1.0/2.6 MB | 0.7/1.1 MB | 229 kB
2026.04.04 22:14:43 INFO  Progress (4): 3.2/12 MB | 1.0/2.6 MB | 0.7/1.1 MB | 229 kB
2026.04.04 22:14:43 INFO  Progress (4): 3.2/12 MB | 1.0/2.6 MB | 0.7/1.1 MB | 229 kB
2026.04.04 22:14:43 INFO                                                            
2026.04.04 22:14:43 INFO  Downloaded from central: https://repo.maven.apache.org/maven2/com/swoval/file-tree-views/2.1.9/file-tree-views-2.1.9.jar (229 kB at 110 kB/s)
2026.04.04 22:14:43 INFO  Downloading from central: https://repo.maven.apache.org/maven2/net/java/dev/jna/jna-platform/5.12.0/jna-platform-5.12.0.jar
2026.04.04 22:14:43 INFO  Progress (3): 3.2/12 MB | 1.0/2.6 MB | 0.7/1.1 MB
2026.04.04 22:14:43 INFO  Progress (3): 3.2/12 MB | 1.0/2.6 MB | 0.7/1.1 MB
2026.04.04 22:14:43 INFO  Progress (3): 3.2/12 MB | 1.1/2.6 MB | 0.7/1.1 MB
2026.04.04 22:14:43 INFO  Progress (3): 3.2/12 MB | 1.1/2.6 MB | 0.7/1.1 MB
2026.04.04 22:14:43 INFO  Progress (3): 3.2/12 MB | 1.1/2.6 MB | 0.7/1.1 MB
2026.04.04 22:14:43 INFO  Progress (3): 3.2/12 MB | 1.1/2.6 MB | 0.7/1.1 MB
2026.04.04 22:14:43 INFO  Progress (3): 3.2/12 MB | 1.1/2.6 MB | 0.7/1.1 MB
2026.04.04 22:14:43 INFO  Progress (3): 3.2/12 MB | 1.1/2.6 MB | 0.7/1.1 MB
2026.04.04 22:14:43 INFO  Progress (3): 3.2/12 MB | 1.1/2.6 MB | 0.7/1.1 MB
2026.04.04 22:14:43 INFO  Progress (3): 3.2/12 MB | 1.2/2.6 MB | 0.7/1.1 MB
2026.04.04 22:14:43 INFO  Progress (3): 3.2/12 MB | 1.2/2.6 MB | 0.7/1.1 MB
2026.04.04 22:14:43 INFO  Progress (3): 3.2/12 MB | 1.2/2.6 MB | 0.7/1.1 MB
2026.04.04 22:14:43 INFO  Progress (3): 3.2/12 MB | 1.2/2.6 MB | 0.7/1.1 MB
2026.04.04 22:14:43 INFO  Progress (3): 3.2/12 MB | 1.2/2.6 MB | 0.7/1.1 MB
2026.04.04 22:14:43 INFO  Progress (3): 3.2/12 MB | 1.2/2.6 MB | 0.7/1.1 MB
2026.04.04 22:14:43 INFO  Progress (3): 3.2/12 MB | 1.3/2.6 MB | 0.7/1.1 MB
2026.04.04 22:14:43 INFO  Progress (3): 3.2/12 MB | 1.3/2.6 MB | 0.7/1.1 MB
2026.04.04 22:14:43 INFO  Progress (3): 3.2/12 MB | 1.3/2.6 MB | 0.7/1.1 MB
2026.04.04 22:14:43 INFO  Progress (3): 3.2/12 MB | 1.3/2.6 MB | 0.7/1.1 MB
2026.04.04 22:14:43 INFO  Progress (3): 3.3/12 MB | 1.3/2.6 MB | 0.7/1.1 MB
2026.04.04 22:14:43 INFO  Progress (3): 3.3/12 MB | 1.3/2.6 MB | 0.7/1.1 MB
2026.04.04 22:14:43 INFO  Progress (3): 3.3/12 MB | 1.3/2.6 MB | 0.7/1.1 MB
2026.04.04 22:14:43 INFO  Progress (3): 3.3/12 MB | 1.3/2.6 MB | 0.7/1.1 MB
2026.04.04 22:14:43 INFO  Progress (3): 3.3/12 MB | 1.3/2.6 MB | 0.7/1.1 MB
2026.04.04 22:14:43 INFO  Progress (3): 3.3/12 MB | 1.3/2.6 MB | 0.7/1.1 MB
2026.04.04 22:14:43 INFO  Progress (3): 3.3/12 MB | 1.3/2.6 MB | 0.7/1.1 MB
2026.04.04 22:14:43 INFO  Progress (3): 3.3/12 MB | 1.3/2.6 MB | 0.7/1.1 MB
2026.04.04 22:14:43 INFO  Progress (3): 3.3/12 MB | 1.3/2.6 MB | 0.7/1.1 MB
2026.04.04 22:14:43 INFO  Progress (3): 3.3/12 MB | 1.4/2.6 MB | 0.7/1.1 MB
2026.04.04 22:14:43 INFO  Progress (3): 3.3/12 MB | 1.4/2.6 MB | 0.8/1.1 MB
2026.04.04 22:14:43 INFO  Progress (3): 3.3/12 MB | 1.4/2.6 MB | 0.8/1.1 MB
2026.04.04 22:14:43 INFO  Progress (3): 3.3/12 MB | 1.4/2.6 MB | 0.8/1.1 MB
2026.04.04 22:14:43 INFO  Progress (3): 3.3/12 MB | 1.4/2.6 MB | 0.8/1.1 MB
2026.04.04 22:14:43 INFO  Progress (3): 3.4/12 MB | 1.4/2.6 MB | 0.8/1.1 MB
2026.04.04 22:14:43 INFO  Progress (3): 3.4/12 MB | 1.4/2.6 MB | 0.8/1.1 MB
2026.04.04 22:14:43 INFO  Progress (3): 3.4/12 MB | 1.4/2.6 MB | 0.8/1.1 MB
2026.04.04 22:14:43 INFO  Progress (3): 3.4/12 MB | 1.4/2.6 MB | 0.8/1.1 MB
2026.04.04 22:14:43 INFO  Progress (3): 3.4/12 MB | 1.4/2.6 MB | 0.8/1.1 MB
2026.04.04 22:14:43 INFO  Progress (3): 3.4/12 MB | 1.4/2.6 MB | 0.8/1.1 MB
2026.04.04 22:14:43 INFO  Progress (3): 3.4/12 MB | 1.4/2.6 MB | 0.8/1.1 MB
2026.04.04 22:14:43 INFO  Progress (3): 3.4/12 MB | 1.4/2.6 MB | 0.8/1.1 MB
2026.04.04 22:14:43 INFO  Progress (3): 3.4/12 MB | 1.4/2.6 MB | 0.8/1.1 MB
2026.04.04 22:14:43 INFO  Progress (3): 3.4/12 MB | 1.4/2.6 MB | 0.9/1.1 MB
2026.04.04 22:14:43 INFO  Progress (3): 3.4/12 MB | 1.4/2.6 MB | 0.9/1.1 MB
2026.04.04 22:14:43 INFO  Progress (3): 3.4/12 MB | 1.4/2.6 MB | 0.9/1.1 MB
2026.04.04 22:14:43 INFO  Progress (3): 3.4/12 MB | 1.4/2.6 MB | 0.9/1.1 MB
2026.04.04 22:14:43 INFO  Progress (3): 3.4/12 MB | 1.4/2.6 MB | 0.9/1.1 MB
2026.04.04 22:14:43 INFO  Progress (3): 3.4/12 MB | 1.4/2.6 MB | 0.9/1.1 MB
2026.04.04 22:14:43 INFO  Progress (3): 3.4/12 MB | 1.4/2.6 MB | 0.9/1.1 MB
2026.04.04 22:14:43 INFO  Progress (3): 3.4/12 MB | 1.4/2.6 MB | 0.9/1.1 MB
2026.04.04 22:14:43 INFO  Progress (3): 3.4/12 MB | 1.4/2.6 MB | 1.0/1.1 MB
2026.04.04 22:14:43 INFO  Progress (3): 3.4/12 MB | 1.4/2.6 MB | 1.0/1.1 MB
2026.04.04 22:14:43 INFO  Progress (3): 3.4/12 MB | 1.4/2.6 MB | 1.0/1.1 MB
2026.04.04 22:14:43 INFO  Progress (3): 3.4/12 MB | 1.4/2.6 MB | 1.0/1.1 MB
2026.04.04 22:14:43 INFO  Progress (3): 3.4/12 MB | 1.4/2.6 MB | 1.0/1.1 MB
2026.04.04 22:14:43 INFO  Progress (3): 3.5/12 MB | 1.4/2.6 MB | 1.0/1.1 MB
2026.04.04 22:14:43 INFO  Progress (3): 3.5/12 MB | 1.4/2.6 MB | 1.0/1.1 MB
2026.04.04 22:14:43 INFO  Progress (3): 3.5/12 MB | 1.4/2.6 MB | 1.0/1.1 MB
2026.04.04 22:14:43 INFO  Progress (3): 3.5/12 MB | 1.4/2.6 MB | 1.0/1.1 MB
2026.04.04 22:14:43 INFO  Progress (3): 3.5/12 MB | 1.5/2.6 MB | 1.0/1.1 MB
2026.04.04 22:14:43 INFO  Progress (3): 3.5/12 MB | 1.5/2.6 MB | 1.0/1.1 MB
2026.04.04 22:14:43 INFO  Progress (3): 3.5/12 MB | 1.5/2.6 MB | 1.0/1.1 MB
2026.04.04 22:14:43 INFO  Progress (3): 3.5/12 MB | 1.5/2.6 MB | 1.0/1.1 MB
2026.04.04 22:14:43 INFO  Progress (3): 3.5/12 MB | 1.5/2.6 MB | 1.0/1.1 MB
2026.04.04 22:14:43 INFO  Progress (3): 3.5/12 MB | 1.5/2.6 MB | 1.0/1.1 MB
2026.04.04 22:14:43 INFO  Progress (3): 3.5/12 MB | 1.5/2.6 MB | 1.0/1.1 MB
2026.04.04 22:14:43 INFO  Progress (3): 3.5/12 MB | 1.5/2.6 MB | 1.0/1.1 MB
2026.04.04 22:14:43 INFO  Progress (3): 3.5/12 MB | 1.5/2.6 MB | 1.0/1.1 MB
2026.04.04 22:14:43 INFO  Progress (3): 3.6/12 MB | 1.5/2.6 MB | 1.0/1.1 MB
2026.04.04 22:14:43 INFO  Progress (3): 3.6/12 MB | 1.5/2.6 MB | 1.0/1.1 MB
2026.04.04 22:14:43 INFO  Progress (4): 3.6/12 MB | 1.5/2.6 MB | 1.0/1.1 MB | 0/1.9 MB
2026.04.04 22:14:43 INFO  Progress (4): 3.6/12 MB | 1.5/2.6 MB | 1.0/1.1 MB | 0/1.9 MB
2026.04.04 22:14:43 INFO  Progress (4): 3.6/12 MB | 1.5/2.6 MB | 1.0/1.1 MB | 0/1.9 MB
2026.04.04 22:14:43 INFO  Progress (4): 3.6/12 MB | 1.5/2.6 MB | 1.0/1.1 MB | 0/1.9 MB
2026.04.04 22:14:43 INFO  Progress (4): 3.6/12 MB | 1.5/2.6 MB | 1.0/1.1 MB | 0/1.9 MB
2026.04.04 22:14:43 INFO  Progress (4): 3.6/12 MB | 1.5/2.6 MB | 1.0/1.1 MB | 0/1.9 MB
2026.04.04 22:14:43 INFO  Progress (4): 3.6/12 MB | 1.5/2.6 MB | 1.0/1.1 MB | 0/1.9 MB
2026.04.04 22:14:43 INFO  Progress (4): 3.6/12 MB | 1.5/2.6 MB | 1.0/1.1 MB | 0/1.9 MB
2026.04.04 22:14:43 INFO  Progress (4): 3.6/12 MB | 1.5/2.6 MB | 1.0/1.1 MB | 0/1.9 MB
2026.04.04 22:14:43 INFO  Progress (4): 3.6/12 MB | 1.6/2.6 MB | 1.0/1.1 MB | 0/1.9 MB
2026.04.04 22:14:43 INFO  Progress (4): 3.7/12 MB | 1.6/2.6 MB | 1.0/1.1 MB | 0/1.9 MB
2026.04.04 22:14:43 INFO  Progress (4): 3.7/12 MB | 1.6/2.6 MB | 1.0/1.1 MB | 0/1.9 MB
2026.04.04 22:14:43 INFO  Progress (4): 3.7/12 MB | 1.6/2.6 MB | 1.0/1.1 MB | 0/1.9 MB
2026.04.04 22:14:43 INFO  Progress (4): 3.7/12 MB | 1.6/2.6 MB | 1.0/1.1 MB | 0/1.9 MB
2026.04.04 22:14:43 INFO  Progress (4): 3.7/12 MB | 1.6/2.6 MB | 1.0/1.1 MB | 0/1.9 MB
2026.04.04 22:14:43 INFO  Progress (4): 3.7/12 MB | 1.6/2.6 MB | 1.0/1.1 MB | 0/1.9 MB
2026.04.04 22:14:43 INFO  Progress (4): 3.7/12 MB | 1.6/2.6 MB | 1.0/1.1 MB | 0/1.9 MB
2026.04.04 22:14:43 INFO  Progress (4): 3.7/12 MB | 1.6/2.6 MB | 1.0/1.1 MB | 0/1.9 MB
2026.04.04 22:14:43 INFO  Progress (4): 3.7/12 MB | 1.6/2.6 MB | 1.0/1.1 MB | 0/1.9 MB
2026.04.04 22:14:43 INFO  Progress (4): 3.7/12 MB | 1.6/2.6 MB | 1.0/1.1 MB | 0/1.9 MB
2026.04.04 22:14:43 INFO  Progress (4): 3.7/12 MB | 1.6/2.6 MB | 1.0/1.1 MB | 0/1.9 MB
2026.04.04 22:14:43 INFO  Progress (4): 3.7/12 MB | 1.6/2.6 MB | 1.0/1.1 MB | 0/1.9 MB
2026.04.04 22:14:43 INFO  Progress (5): 3.7/12 MB | 1.6/2.6 MB | 1.0/1.1 MB | 0/1.9 MB | 0/1.4 MB
2026.04.04 22:14:43 INFO  Progress (5): 3.7/12 MB | 1.6/2.6 MB | 1.0/1.1 MB | 0/1.9 MB | 0/1.4 MB
2026.04.04 22:14:43 INFO  Progress (5): 3.7/12 MB | 1.6/2.6 MB | 1.0/1.1 MB | 0/1.9 MB | 0/1.4 MB
2026.04.04 22:14:43 INFO  Progress (5): 3.7/12 MB | 1.6/2.6 MB | 1.0/1.1 MB | 0/1.9 MB | 0/1.4 MB
2026.04.04 22:14:43 INFO  Progress (5): 3.8/12 MB | 1.6/2.6 MB | 1.0/1.1 MB | 0/1.9 MB | 0/1.4 MB
2026.04.04 22:14:43 INFO  Progress (5): 3.8/12 MB | 1.6/2.6 MB | 1.0/1.1 MB | 0/1.9 MB | 0/1.4 MB
2026.04.04 22:14:43 INFO  Progress (5): 3.8/12 MB | 1.6/2.6 MB | 1.0/1.1 MB | 0/1.9 MB | 0/1.4 MB
2026.04.04 22:14:43 INFO  Progress (5): 3.8/12 MB | 1.6/2.6 MB | 1.0/1.1 MB | 0/1.9 MB | 0/1.4 MB
2026.04.04 22:14:43 INFO  Progress (5): 3.8/12 MB | 1.6/2.6 MB | 1.0/1.1 MB | 0/1.9 MB | 0/1.4 MB
2026.04.04 22:14:43 INFO  Progress (5): 3.8/12 MB | 1.6/2.6 MB | 1.0/1.1 MB | 0.1/1.9 MB | 0/1.4 MB
2026.04.04 22:14:43 INFO  Progress (5): 3.8/12 MB | 1.6/2.6 MB | 1.1/1.1 MB | 0.1/1.9 MB | 0/1.4 MB
2026.04.04 22:14:43 INFO  Progress (5): 3.8/12 MB | 1.6/2.6 MB | 1.1/1.1 MB | 0.1/1.9 MB | 0/1.4 MB
2026.04.04 22:14:43 INFO  Progress (5): 3.8/12 MB | 1.6/2.6 MB | 1.1/1.1 MB | 0.1/1.9 MB | 0/1.4 MB
2026.04.04 22:14:43 INFO  Progress (5): 3.8/12 MB | 1.6/2.6 MB | 1.1/1.1 MB | 0.1/1.9 MB | 0/1.4 MB
2026.04.04 22:14:43 INFO  Progress (5): 3.8/12 MB | 1.6/2.6 MB | 1.1/1.1 MB | 0.1/1.9 MB | 0/1.4 MB
2026.04.04 22:14:43 INFO  Progress (5): 3.8/12 MB | 1.7/2.6 MB | 1.1/1.1 MB | 0.1/1.9 MB | 0/1.4 MB
2026.04.04 22:14:43 INFO  Progress (5): 3.8/12 MB | 1.7/2.6 MB | 1.1/1.1 MB | 0.1/1.9 MB | 0/1.4 MB
2026.04.04 22:14:43 INFO  Progress (5): 3.8/12 MB | 1.7/2.6 MB | 1.1/1.1 MB | 0.1/1.9 MB | 0.1/1.4 MB
2026.04.04 22:14:43 INFO  Progress (5): 3.8/12 MB | 1.7/2.6 MB | 1.1/1.1 MB | 0.1/1.9 MB | 0.1/1.4 MB
2026.04.04 22:14:43 INFO  Progress (5): 3.8/12 MB | 1.7/2.6 MB | 1.1/1.1 MB | 0.1/1.9 MB | 0.1/1.4 MB
2026.04.04 22:14:43 INFO  Progress (5): 3.8/12 MB | 1.7/2.6 MB | 1.1/1.1 MB | 0.1/1.9 MB | 0.1/1.4 MB
2026.04.04 22:14:43 INFO  Progress (5): 3.8/12 MB | 1.7/2.6 MB | 1.1/1.1 MB | 0.1/1.9 MB | 0.1/1.4 MB
2026.04.04 22:14:43 INFO  Progress (5): 3.8/12 MB | 1.7/2.6 MB | 1.1/1.1 MB | 0.1/1.9 MB | 0.1/1.4 MB
2026.04.04 22:14:43 INFO  Progress (5): 3.8/12 MB | 1.7/2.6 MB | 1.1/1.1 MB | 0.1/1.9 MB | 0.1/1.4 MB
2026.04.04 22:14:43 INFO  Progress (5): 3.8/12 MB | 1.7/2.6 MB | 1.1/1.1 MB | 0.1/1.9 MB | 0.1/1.4 MB
2026.04.04 22:14:43 INFO  Progress (5): 3.8/12 MB | 1.7/2.6 MB | 1.1/1.1 MB | 0.1/1.9 MB | 0.1/1.4 MB
2026.04.04 22:14:43 INFO  Progress (5): 3.8/12 MB | 1.7/2.6 MB | 1.1/1.1 MB | 0.1/1.9 MB | 0.1/1.4 MB
2026.04.04 22:14:43 INFO  Progress (5): 3.8/12 MB | 1.7/2.6 MB | 1.1/1.1 MB | 0.1/1.9 MB | 0.2/1.4 MB
2026.04.04 22:14:43 INFO  Progress (5): 3.8/12 MB | 1.7/2.6 MB | 1.1/1.1 MB | 0.1/1.9 MB | 0.2/1.4 MB
2026.04.04 22:14:43 INFO  Progress (5): 3.8/12 MB | 1.7/2.6 MB | 1.1/1.1 MB | 0.1/1.9 MB | 0.2/1.4 MB
2026.04.04 22:14:43 INFO  Progress (5): 3.8/12 MB | 1.7/2.6 MB | 1.1/1.1 MB | 0.1/1.9 MB | 0.2/1.4 MB
2026.04.04 22:14:43 INFO  Progress (5): 3.8/12 MB | 1.7/2.6 MB | 1.1/1.1 MB | 0.1/1.9 MB | 0.2/1.4 MB
2026.04.04 22:14:43 INFO  Progress (5): 3.8/12 MB | 1.7/2.6 MB | 1.1/1.1 MB | 0.1/1.9 MB | 0.2/1.4 MB
2026.04.04 22:14:43 INFO  Progress (5): 3.8/12 MB | 1.7/2.6 MB | 1.1/1.1 MB | 0.1/1.9 MB | 0.2/1.4 MB
2026.04.04 22:14:43 INFO  Progress (5): 3.8/12 MB | 1.8/2.6 MB | 1.1/1.1 MB | 0.1/1.9 MB | 0.2/1.4 MB
2026.04.04 22:14:43 INFO  Progress (5): 3.8/12 MB | 1.8/2.6 MB | 1.1/1.1 MB | 0.1/1.9 MB | 0.2/1.4 MB
2026.04.04 22:14:43 INFO  Progress (5): 3.8/12 MB | 1.8/2.6 MB | 1.1/1.1 MB | 0.1/1.9 MB | 0.2/1.4 MB
2026.04.04 22:14:43 INFO  Progress (5): 3.8/12 MB | 1.8/2.6 MB | 1.1/1.1 MB | 0.1/1.9 MB | 0.2/1.4 MB
2026.04.04 22:14:43 INFO  Progress (5): 3.9/12 MB | 1.8/2.6 MB | 1.1/1.1 MB | 0.1/1.9 MB | 0.2/1.4 MB
2026.04.04 22:14:43 INFO  Progress (5): 3.9/12 MB | 1.8/2.6 MB | 1.1/1.1 MB | 0.1/1.9 MB | 0.2/1.4 MB
2026.04.04 22:14:43 INFO  Progress (5): 3.9/12 MB | 1.8/2.6 MB | 1.1/1.1 MB | 0.1/1.9 MB | 0.2/1.4 MB
2026.04.04 22:14:43 INFO  Progress (5): 3.9/12 MB | 1.8/2.6 MB | 1.1/1.1 MB | 0.1/1.9 MB | 0.2/1.4 MB
2026.04.04 22:14:43 INFO  Progress (5): 3.9/12 MB | 1.8/2.6 MB | 1.1/1.1 MB | 0.1/1.9 MB | 0.2/1.4 MB
2026.04.04 22:14:43 INFO  Progress (5): 3.9/12 MB | 1.8/2.6 MB | 1.1/1.1 MB | 0.2/1.9 MB | 0.2/1.4 MB
2026.04.04 22:14:43 INFO  Progress (5): 3.9/12 MB | 1.8/2.6 MB | 1.1/1.1 MB | 0.2/1.9 MB | 0.2/1.4 MB
2026.04.04 22:14:43 INFO  Progress (5): 3.9/12 MB | 1.8/2.6 MB | 1.1/1.1 MB | 0.2/1.9 MB | 0.2/1.4 MB
2026.04.04 22:14:43 INFO  Progress (5): 3.9/12 MB | 1.8/2.6 MB | 1.1/1.1 MB | 0.2/1.9 MB | 0.2/1.4 MB
2026.04.04 22:14:43 INFO  Progress (5): 3.9/12 MB | 1.8/2.6 MB | 1.1/1.1 MB | 0.2/1.9 MB | 0.2/1.4 MB
2026.04.04 22:14:43 INFO  Progress (5): 3.9/12 MB | 1.8/2.6 MB | 1.1/1.1 MB | 0.2/1.9 MB | 0.2/1.4 MB
2026.04.04 22:14:43 INFO  Progress (5): 3.9/12 MB | 1.8/2.6 MB | 1.1/1.1 MB | 0.2/1.9 MB | 0.2/1.4 MB
2026.04.04 22:14:43 INFO  Progress (5): 3.9/12 MB | 1.8/2.6 MB | 1.1/1.1 MB | 0.2/1.9 MB | 0.2/1.4 MB
2026.04.04 22:14:43 INFO  Progress (5): 4.0/12 MB | 1.8/2.6 MB | 1.1/1.1 MB | 0.2/1.9 MB | 0.2/1.4 MB
2026.04.04 22:14:43 INFO  Progress (5): 4.0/12 MB | 1.8/2.6 MB | 1.1/1.1 MB | 0.2/1.9 MB | 0.2/1.4 MB
2026.04.04 22:14:43 INFO  Progress (5): 4.0/12 MB | 1.8/2.6 MB | 1.1/1.1 MB | 0.2/1.9 MB | 0.2/1.4 MB
2026.04.04 22:14:43 INFO  Progress (5): 4.0/12 MB | 1.8/2.6 MB | 1.1/1.1 MB | 0.2/1.9 MB | 0.2/1.4 MB
2026.04.04 22:14:43 INFO  Progress (5): 4.0/12 MB | 1.8/2.6 MB | 1.1/1.1 MB | 0.2/1.9 MB | 0.2/1.4 MB
2026.04.04 22:14:43 INFO  Progress (5): 4.0/12 MB | 1.8/2.6 MB | 1.1/1.1 MB | 0.2/1.9 MB | 0.2/1.4 MB
2026.04.04 22:14:43 INFO  Progress (5): 4.0/12 MB | 1.8/2.6 MB | 1.1/1.1 MB | 0.2/1.9 MB | 0.2/1.4 MB
2026.04.04 22:14:43 INFO  Progress (5): 4.0/12 MB | 1.8/2.6 MB | 1.1/1.1 MB | 0.2/1.9 MB | 0.2/1.4 MB
2026.04.04 22:14:43 INFO  Progress (5): 4.0/12 MB | 1.8/2.6 MB | 1.1/1.1 MB | 0.2/1.9 MB | 0.2/1.4 MB
2026.04.04 22:14:43 INFO  Progress (5): 4.0/12 MB | 1.8/2.6 MB | 1.1/1.1 MB | 0.2/1.9 MB | 0.2/1.4 MB
2026.04.04 22:14:43 INFO  Progress (5): 4.0/12 MB | 1.8/2.6 MB | 1.1/1.1 MB | 0.2/1.9 MB | 0.2/1.4 MB
2026.04.04 22:14:43 INFO  Progress (5): 4.0/12 MB | 1.8/2.6 MB | 1.1/1.1 MB | 0.2/1.9 MB | 0.2/1.4 MB
2026.04.04 22:14:43 INFO  Progress (5): 4.0/12 MB | 1.9/2.6 MB | 1.1/1.1 MB | 0.2/1.9 MB | 0.2/1.4 MB
2026.04.04 22:14:43 INFO  Progress (5): 4.0/12 MB | 1.9/2.6 MB | 1.1/1.1 MB | 0.2/1.9 MB | 0.2/1.4 MB
2026.04.04 22:14:43 INFO  Progress (5): 4.0/12 MB | 1.9/2.6 MB | 1.1/1.1 MB | 0.2/1.9 MB | 0.2/1.4 MB
2026.04.04 22:14:43 INFO  Progress (5): 4.0/12 MB | 1.9/2.6 MB | 1.1/1.1 MB | 0.2/1.9 MB | 0.3/1.4 MB
2026.04.04 22:14:43 INFO  Progress (5): 4.0/12 MB | 1.9/2.6 MB | 1.1/1.1 MB | 0.2/1.9 MB | 0.3/1.4 MB
2026.04.04 22:14:43 INFO  Progress (5): 4.0/12 MB | 1.9/2.6 MB | 1.1/1.1 MB | 0.2/1.9 MB | 0.3/1.4 MB
2026.04.04 22:14:43 INFO  Progress (5): 4.0/12 MB | 1.9/2.6 MB | 1.1/1.1 MB | 0.2/1.9 MB | 0.3/1.4 MB
2026.04.04 22:14:43 INFO  Progress (5): 4.0/12 MB | 1.9/2.6 MB | 1.1/1.1 MB | 0.2/1.9 MB | 0.3/1.4 MB
2026.04.04 22:14:43 INFO  Progress (5): 4.0/12 MB | 1.9/2.6 MB | 1.1/1.1 MB | 0.2/1.9 MB | 0.3/1.4 MB
2026.04.04 22:14:43 INFO  Progress (5): 4.0/12 MB | 1.9/2.6 MB | 1.1/1.1 MB | 0.2/1.9 MB | 0.4/1.4 MB
2026.04.04 22:14:43 INFO  Progress (5): 4.0/12 MB | 1.9/2.6 MB | 1.1/1.1 MB | 0.2/1.9 MB | 0.4/1.4 MB
2026.04.04 22:14:43 INFO  Progress (5): 4.1/12 MB | 1.9/2.6 MB | 1.1/1.1 MB | 0.2/1.9 MB | 0.4/1.4 MB
2026.04.04 22:14:43 INFO  Progress (5): 4.1/12 MB | 1.9/2.6 MB | 1.1/1.1 MB | 0.2/1.9 MB | 0.4/1.4 MB
2026.04.04 22:14:43 INFO  Progress (5): 4.1/12 MB | 1.9/2.6 MB | 1.1/1.1 MB | 0.2/1.9 MB | 0.4/1.4 MB
2026.04.04 22:14:43 INFO  Progress (5): 4.1/12 MB | 1.9/2.6 MB | 1.1/1.1 MB | 0.2/1.9 MB | 0.4/1.4 MB
2026.04.04 22:14:43 INFO  Progress (5): 4.1/12 MB | 1.9/2.6 MB | 1.1/1.1 MB | 0.2/1.9 MB | 0.4/1.4 MB
2026.04.04 22:14:43 INFO  Progress (5): 4.1/12 MB | 1.9/2.6 MB | 1.1/1.1 MB | 0.2/1.9 MB | 0.4/1.4 MB
2026.04.04 22:14:43 INFO  Progress (5): 4.1/12 MB | 2.0/2.6 MB | 1.1/1.1 MB | 0.2/1.9 MB | 0.4/1.4 MB
2026.04.04 22:14:43 INFO  Progress (5): 4.1/12 MB | 2.0/2.6 MB | 1.1/1.1 MB | 0.2/1.9 MB | 0.4/1.4 MB
2026.04.04 22:14:43 INFO  Progress (5): 4.1/12 MB | 2.0/2.6 MB | 1.1/1.1 MB | 0.2/1.9 MB | 0.4/1.4 MB
2026.04.04 22:14:43 INFO  Progress (5): 4.1/12 MB | 2.0/2.6 MB | 1.1/1.1 MB | 0.2/1.9 MB | 0.4/1.4 MB
2026.04.04 22:14:43 INFO  Progress (5): 4.1/12 MB | 2.0/2.6 MB | 1.1/1.1 MB | 0.2/1.9 MB | 0.4/1.4 MB
2026.04.04 22:14:43 INFO  Progress (5): 4.1/12 MB | 2.0/2.6 MB | 1.1/1.1 MB | 0.2/1.9 MB | 0.4/1.4 MB
2026.04.04 22:14:43 INFO  Progress (5): 4.1/12 MB | 2.0/2.6 MB | 1.1/1.1 MB | 0.2/1.9 MB | 0.4/1.4 MB
2026.04.04 22:14:43 INFO  Progress (5): 4.1/12 MB | 2.0/2.6 MB | 1.1/1.1 MB | 0.2/1.9 MB | 0.4/1.4 MB
2026.04.04 22:14:43 INFO  Progress (5): 4.1/12 MB | 2.0/2.6 MB | 1.1/1.1 MB | 0.2/1.9 MB | 0.5/1.4 MB
2026.04.04 22:14:43 INFO  Progress (5): 4.1/12 MB | 2.0/2.6 MB | 1.1/1.1 MB | 0.2/1.9 MB | 0.5/1.4 MB
2026.04.04 22:14:43 INFO  Progress (5): 4.1/12 MB | 2.0/2.6 MB | 1.1/1.1 MB | 0.2/1.9 MB | 0.5/1.4 MB
2026.04.04 22:14:43 INFO  Progress (5): 4.1/12 MB | 2.0/2.6 MB | 1.1/1.1 MB | 0.2/1.9 MB | 0.5/1.4 MB
2026.04.04 22:14:43 INFO  Progress (5): 4.1/12 MB | 2.0/2.6 MB | 1.1/1.1 MB | 0.2/1.9 MB | 0.5/1.4 MB
2026.04.04 22:14:43 INFO  Progress (5): 4.1/12 MB | 2.0/2.6 MB | 1.1/1.1 MB | 0.2/1.9 MB | 0.5/1.4 MB
2026.04.04 22:14:43 INFO  Progress (5): 4.1/12 MB | 2.0/2.6 MB | 1.1/1.1 MB | 0.2/1.9 MB | 0.5/1.4 MB
2026.04.04 22:14:43 INFO  Progress (5): 4.1/12 MB | 2.0/2.6 MB | 1.1/1.1 MB | 0.2/1.9 MB | 0.5/1.4 MB
2026.04.04 22:14:43 INFO  Progress (5): 4.1/12 MB | 2.0/2.6 MB | 1.1/1.1 MB | 0.2/1.9 MB | 0.5/1.4 MB
2026.04.04 22:14:43 INFO  Progress (5): 4.1/12 MB | 2.0/2.6 MB | 1.1/1.1 MB | 0.2/1.9 MB | 0.5/1.4 MB
2026.04.04 22:14:43 INFO  Progress (5): 4.1/12 MB | 2.0/2.6 MB | 1.1/1.1 MB | 0.2/1.9 MB | 0.5/1.4 MB
2026.04.04 22:14:43 INFO  Progress (5): 4.2/12 MB | 2.0/2.6 MB | 1.1/1.1 MB | 0.2/1.9 MB | 0.5/1.4 MB
2026.04.04 22:14:43 INFO  Progress (5): 4.2/12 MB | 2.0/2.6 MB | 1.1/1.1 MB | 0.2/1.9 MB | 0.5/1.4 MB
2026.04.04 22:14:43 INFO  Progress (5): 4.2/12 MB | 2.0/2.6 MB | 1.1/1.1 MB | 0.2/1.9 MB | 0.5/1.4 MB
2026.04.04 22:14:43 INFO  Progress (5): 4.2/12 MB | 2.0/2.6 MB | 1.1/1.1 MB | 0.2/1.9 MB | 0.5/1.4 MB
2026.04.04 22:14:43 INFO  Progress (5): 4.2/12 MB | 2.0/2.6 MB | 1.1/1.1 MB | 0.2/1.9 MB | 0.5/1.4 MB
2026.04.04 22:14:43 INFO  Progress (5): 4.2/12 MB | 2.0/2.6 MB | 1.1/1.1 MB | 0.2/1.9 MB | 0.5/1.4 MB
2026.04.04 22:14:43 INFO  Progress (5): 4.2/12 MB | 2.0/2.6 MB | 1.1/1.1 MB | 0.2/1.9 MB | 0.5/1.4 MB
2026.04.04 22:14:43 INFO  Progress (5): 4.3/12 MB | 2.0/2.6 MB | 1.1/1.1 MB | 0.2/1.9 MB | 0.5/1.4 MB
2026.04.04 22:14:43 INFO  Progress (5): 4.3/12 MB | 2.0/2.6 MB | 1.1/1.1 MB | 0.2/1.9 MB | 0.5/1.4 MB
2026.04.04 22:14:43 INFO  Progress (5): 4.3/12 MB | 2.0/2.6 MB | 1.1/1.1 MB | 0.2/1.9 MB | 0.5/1.4 MB
2026.04.04 22:14:43 INFO  Progress (5): 4.3/12 MB | 2.1/2.6 MB | 1.1/1.1 MB | 0.2/1.9 MB | 0.5/1.4 MB
2026.04.04 22:14:43 INFO  Progress (5): 4.3/12 MB | 2.1/2.6 MB | 1.1/1.1 MB | 0.2/1.9 MB | 0.5/1.4 MB
2026.04.04 22:14:43 INFO  Progress (5): 4.3/12 MB | 2.1/2.6 MB | 1.1/1.1 MB | 0.2/1.9 MB | 0.5/1.4 MB
2026.04.04 22:14:43 INFO  Progress (5): 4.3/12 MB | 2.1/2.6 MB | 1.1/1.1 MB | 0.2/1.9 MB | 0.5/1.4 MB
2026.04.04 22:14:43 INFO  Progress (5): 4.3/12 MB | 2.1/2.6 MB | 1.1/1.1 MB | 0.2/1.9 MB | 0.5/1.4 MB
2026.04.04 22:14:43 INFO  Progress (5): 4.3/12 MB | 2.1/2.6 MB | 1.1/1.1 MB | 0.2/1.9 MB | 0.5/1.4 MB
2026.04.04 22:14:43 INFO  Progress (5): 4.3/12 MB | 2.1/2.6 MB | 1.1/1.1 MB | 0.2/1.9 MB | 0.5/1.4 MB
2026.04.04 22:14:43 INFO  Progress (5): 4.3/12 MB | 2.2/2.6 MB | 1.1/1.1 MB | 0.2/1.9 MB | 0.5/1.4 MB
2026.04.04 22:14:43 INFO  Progress (5): 4.3/12 MB | 2.2/2.6 MB | 1.1/1.1 MB | 0.2/1.9 MB | 0.5/1.4 MB
2026.04.04 22:14:43 INFO  Progress (5): 4.3/12 MB | 2.2/2.6 MB | 1.1/1.1 MB | 0.2/1.9 MB | 0.5/1.4 MB
2026.04.04 22:14:43 INFO  Progress (5): 4.3/12 MB | 2.2/2.6 MB | 1.1/1.1 MB | 0.2/1.9 MB | 0.5/1.4 MB
2026.04.04 22:14:43 INFO  Progress (5): 4.3/12 MB | 2.2/2.6 MB | 1.1/1.1 MB | 0.2/1.9 MB | 0.5/1.4 MB
2026.04.04 22:14:43 INFO  Progress (5): 4.3/12 MB | 2.2/2.6 MB | 1.1/1.1 MB | 0.2/1.9 MB | 0.5/1.4 MB
2026.04.04 22:14:43 INFO  Progress (5): 4.3/12 MB | 2.2/2.6 MB | 1.1/1.1 MB | 0.2/1.9 MB | 0.5/1.4 MB
2026.04.04 22:14:43 INFO  Progress (5): 4.3/12 MB | 2.2/2.6 MB | 1.1/1.1 MB | 0.2/1.9 MB | 0.5/1.4 MB
2026.04.04 22:14:43 INFO  Progress (5): 4.4/12 MB | 2.2/2.6 MB | 1.1/1.1 MB | 0.2/1.9 MB | 0.5/1.4 MB
2026.04.04 22:14:43 INFO  Progress (5): 4.4/12 MB | 2.2/2.6 MB | 1.1/1.1 MB | 0.2/1.9 MB | 0.6/1.4 MB
2026.04.04 22:14:43 INFO  Progress (5): 4.4/12 MB | 2.2/2.6 MB | 1.1/1.1 MB | 0.2/1.9 MB | 0.6/1.4 MB
2026.04.04 22:14:43 INFO  Progress (5): 4.4/12 MB | 2.2/2.6 MB | 1.1/1.1 MB | 0.2/1.9 MB | 0.6/1.4 MB
2026.04.04 22:14:43 INFO  Progress (5): 4.4/12 MB | 2.2/2.6 MB | 1.1/1.1 MB | 0.2/1.9 MB | 0.6/1.4 MB
2026.04.04 22:14:43 INFO  Progress (5): 4.4/12 MB | 2.2/2.6 MB | 1.1/1.1 MB | 0.2/1.9 MB | 0.6/1.4 MB
2026.04.04 22:14:43 INFO  Progress (5): 4.4/12 MB | 2.2/2.6 MB | 1.1/1.1 MB | 0.2/1.9 MB | 0.6/1.4 MB
2026.04.04 22:14:43 INFO  Progress (5): 4.4/12 MB | 2.2/2.6 MB | 1.1/1.1 MB | 0.2/1.9 MB | 0.6/1.4 MB
2026.04.04 22:14:43 INFO  Progress (5): 4.4/12 MB | 2.2/2.6 MB | 1.1/1.1 MB | 0.2/1.9 MB | 0.6/1.4 MB
2026.04.04 22:14:43 INFO  Progress (5): 4.4/12 MB | 2.2/2.6 MB | 1.1/1.1 MB | 0.2/1.9 MB | 0.6/1.4 MB
2026.04.04 22:14:43 INFO  Progress (5): 4.4/12 MB | 2.2/2.6 MB | 1.1/1.1 MB | 0.2/1.9 MB | 0.6/1.4 MB
2026.04.04 22:14:43 INFO  Progress (5): 4.4/12 MB | 2.2/2.6 MB | 1.1/1.1 MB | 0.2/1.9 MB | 0.7/1.4 MB
2026.04.04 22:14:43 INFO  Progress (5): 4.4/12 MB | 2.2/2.6 MB | 1.1/1.1 MB | 0.2/1.9 MB | 0.7/1.4 MB
2026.04.04 22:14:43 INFO  Progress (5): 4.4/12 MB | 2.2/2.6 MB | 1.1/1.1 MB | 0.2/1.9 MB | 0.7/1.4 MB
2026.04.04 22:14:43 INFO  Progress (5): 4.4/12 MB | 2.2/2.6 MB | 1.1/1.1 MB | 0.2/1.9 MB | 0.7/1.4 MB
2026.04.04 22:14:43 INFO  Progress (5): 4.4/12 MB | 2.2/2.6 MB | 1.1/1.1 MB | 0.2/1.9 MB | 0.7/1.4 MB
2026.04.04 22:14:43 INFO  Progress (5): 4.4/12 MB | 2.2/2.6 MB | 1.1/1.1 MB | 0.2/1.9 MB | 0.7/1.4 MB
2026.04.04 22:14:43 INFO  Progress (5): 4.4/12 MB | 2.2/2.6 MB | 1.1/1.1 MB | 0.2/1.9 MB | 0.7/1.4 MB
2026.04.04 22:14:43 INFO  Progress (5): 4.4/12 MB | 2.2/2.6 MB | 1.1/1.1 MB | 0.2/1.9 MB | 0.7/1.4 MB
2026.04.04 22:14:43 INFO  Progress (5): 4.4/12 MB | 2.2/2.6 MB | 1.1/1.1 MB | 0.3/1.9 MB | 0.7/1.4 MB
2026.04.04 22:14:43 INFO  Progress (5): 4.4/12 MB | 2.2/2.6 MB | 1.1/1.1 MB | 0.3/1.9 MB | 0.7/1.4 MB
2026.04.04 22:14:43 INFO  Progress (5): 4.4/12 MB | 2.2/2.6 MB | 1.1/1.1 MB | 0.3/1.9 MB | 0.7/1.4 MB
2026.04.04 22:14:43 INFO  Progress (5): 4.4/12 MB | 2.2/2.6 MB | 1.1/1.1 MB | 0.3/1.9 MB | 0.7/1.4 MB
2026.04.04 22:14:43 INFO  Progress (5): 4.4/12 MB | 2.2/2.6 MB | 1.1/1.1 MB | 0.3/1.9 MB | 0.7/1.4 MB
2026.04.04 22:14:43 INFO  Progress (5): 4.4/12 MB | 2.2/2.6 MB | 1.1/1.1 MB | 0.3/1.9 MB | 0.7/1.4 MB
2026.04.04 22:14:43 INFO  Progress (5): 4.4/12 MB | 2.2/2.6 MB | 1.1/1.1 MB | 0.3/1.9 MB | 0.7/1.4 MB
2026.04.04 22:14:43 INFO  Progress (5): 4.4/12 MB | 2.2/2.6 MB | 1.1/1.1 MB | 0.3/1.9 MB | 0.7/1.4 MB
2026.04.04 22:14:43 INFO  Progress (5): 4.5/12 MB | 2.2/2.6 MB | 1.1/1.1 MB | 0.3/1.9 MB | 0.7/1.4 MB
2026.04.04 22:14:43 INFO  Progress (5): 4.5/12 MB | 2.2/2.6 MB | 1.1/1.1 MB | 0.3/1.9 MB | 0.7/1.4 MB
2026.04.04 22:14:43 INFO  Progress (5): 4.5/12 MB | 2.2/2.6 MB | 1.1/1.1 MB | 0.3/1.9 MB | 0.7/1.4 MB
2026.04.04 22:14:43 INFO  Progress (5): 4.5/12 MB | 2.2/2.6 MB | 1.1/1.1 MB | 0.3/1.9 MB | 0.7/1.4 MB
2026.04.04 22:14:43 INFO  Progress (5): 4.5/12 MB | 2.2/2.6 MB | 1.1/1.1 MB | 0.3/1.9 MB | 0.7/1.4 MB
2026.04.04 22:14:43 INFO  Progress (5): 4.5/12 MB | 2.2/2.6 MB | 1.1/1.1 MB | 0.3/1.9 MB | 0.7/1.4 MB
2026.04.04 22:14:43 INFO  Progress (5): 4.5/12 MB | 2.2/2.6 MB | 1.1/1.1 MB | 0.3/1.9 MB | 0.7/1.4 MB
2026.04.04 22:14:43 INFO  Progress (5): 4.5/12 MB | 2.3/2.6 MB | 1.1/1.1 MB | 0.3/1.9 MB | 0.7/1.4 MB
2026.04.04 22:14:43 INFO  Progress (5): 4.5/12 MB | 2.3/2.6 MB | 1.1/1.1 MB | 0.3/1.9 MB | 0.7/1.4 MB
2026.04.04 22:14:43 INFO  Progress (5): 4.5/12 MB | 2.3/2.6 MB | 1.1/1.1 MB | 0.3/1.9 MB | 0.7/1.4 MB
2026.04.04 22:14:43 INFO  Progress (5): 4.5/12 MB | 2.3/2.6 MB | 1.1/1.1 MB | 0.3/1.9 MB | 0.7/1.4 MB
2026.04.04 22:14:43 INFO  Progress (5): 4.5/12 MB | 2.3/2.6 MB | 1.1/1.1 MB | 0.3/1.9 MB | 0.7/1.4 MB
2026.04.04 22:14:43 INFO  Progress (5): 4.6/12 MB | 2.3/2.6 MB | 1.1/1.1 MB | 0.3/1.9 MB | 0.7/1.4 MB
2026.04.04 22:14:43 INFO  Progress (5): 4.6/12 MB | 2.3/2.6 MB | 1.1/1.1 MB | 0.3/1.9 MB | 0.7/1.4 MB
2026.04.04 22:14:43 INFO  Progress (5): 4.6/12 MB | 2.3/2.6 MB | 1.1/1.1 MB | 0.3/1.9 MB | 0.7/1.4 MB
2026.04.04 22:14:43 INFO  Progress (5): 4.6/12 MB | 2.3/2.6 MB | 1.1/1.1 MB | 0.3/1.9 MB | 0.7/1.4 MB
2026.04.04 22:14:43 INFO  Progress (5): 4.6/12 MB | 2.4/2.6 MB | 1.1/1.1 MB | 0.3/1.9 MB | 0.7/1.4 MB
2026.04.04 22:14:43 INFO  Progress (5): 4.6/12 MB | 2.4/2.6 MB | 1.1/1.1 MB | 0.3/1.9 MB | 0.7/1.4 MB
2026.04.04 22:14:43 INFO  Progress (5): 4.6/12 MB | 2.4/2.6 MB | 1.1/1.1 MB | 0.3/1.9 MB | 0.7/1.4 MB
2026.04.04 22:14:43 INFO  Progress (5): 4.6/12 MB | 2.4/2.6 MB | 1.1/1.1 MB | 0.3/1.9 MB | 0.7/1.4 MB
2026.04.04 22:14:43 INFO  Progress (5): 4.6/12 MB | 2.4/2.6 MB | 1.1/1.1 MB | 0.3/1.9 MB | 0.7/1.4 MB
2026.04.04 22:14:43 INFO  Progress (5): 4.6/12 MB | 2.4/2.6 MB | 1.1/1.1 MB | 0.3/1.9 MB | 0.7/1.4 MB
2026.04.04 22:14:43 INFO  Progress (5): 4.6/12 MB | 2.4/2.6 MB | 1.1/1.1 MB | 0.3/1.9 MB | 0.7/1.4 MB
2026.04.04 22:14:43 INFO  Progress (5): 4.6/12 MB | 2.4/2.6 MB | 1.1/1.1 MB | 0.3/1.9 MB | 0.7/1.4 MB
2026.04.04 22:14:43 INFO  Progress (5): 4.6/12 MB | 2.4/2.6 MB | 1.1/1.1 MB | 0.3/1.9 MB | 0.7/1.4 MB
2026.04.04 22:14:43 INFO  Progress (5): 4.7/12 MB | 2.4/2.6 MB | 1.1/1.1 MB | 0.3/1.9 MB | 0.7/1.4 MB
2026.04.04 22:14:43 INFO  Progress (5): 4.7/12 MB | 2.4/2.6 MB | 1.1/1.1 MB | 0.3/1.9 MB | 0.7/1.4 MB
2026.04.04 22:14:43 INFO  Progress (5): 4.7/12 MB | 2.4/2.6 MB | 1.1/1.1 MB | 0.3/1.9 MB | 0.7/1.4 MB
2026.04.04 22:14:43 INFO  Progress (5): 4.7/12 MB | 2.4/2.6 MB | 1.1/1.1 MB | 0.3/1.9 MB | 0.7/1.4 MB
2026.04.04 22:14:43 INFO  Progress (5): 4.7/12 MB | 2.4/2.6 MB | 1.1/1.1 MB | 0.3/1.9 MB | 0.7/1.4 MB
2026.04.04 22:14:43 INFO  Progress (5): 4.7/12 MB | 2.4/2.6 MB | 1.1/1.1 MB | 0.3/1.9 MB | 0.7/1.4 MB
2026.04.04 22:14:43 INFO  Progress (5): 4.7/12 MB | 2.5/2.6 MB | 1.1/1.1 MB | 0.3/1.9 MB | 0.7/1.4 MB
2026.04.04 22:14:43 INFO  Progress (5): 4.7/12 MB | 2.5/2.6 MB | 1.1/1.1 MB | 0.3/1.9 MB | 0.7/1.4 MB
2026.04.04 22:14:43 INFO  Progress (5): 4.7/12 MB | 2.5/2.6 MB | 1.1/1.1 MB | 0.3/1.9 MB | 0.7/1.4 MB
2026.04.04 22:14:43 INFO  Progress (5): 4.7/12 MB | 2.5/2.6 MB | 1.1/1.1 MB | 0.3/1.9 MB | 0.7/1.4 MB
2026.04.04 22:14:43 INFO  Progress (5): 4.7/12 MB | 2.5/2.6 MB | 1.1/1.1 MB | 0.3/1.9 MB | 0.7/1.4 MB
2026.04.04 22:14:43 INFO  Progress (5): 4.7/12 MB | 2.5/2.6 MB | 1.1/1.1 MB | 0.3/1.9 MB | 0.7/1.4 MB
2026.04.04 22:14:43 INFO  Progress (5): 4.7/12 MB | 2.5/2.6 MB | 1.1/1.1 MB | 0.3/1.9 MB | 0.8/1.4 MB
2026.04.04 22:14:43 INFO  Progress (5): 4.8/12 MB | 2.5/2.6 MB | 1.1/1.1 MB | 0.3/1.9 MB | 0.8/1.4 MB
2026.04.04 22:14:43 INFO  Progress (5): 4.8/12 MB | 2.5/2.6 MB | 1.1/1.1 MB | 0.3/1.9 MB | 0.8/1.4 MB
2026.04.04 22:14:43 INFO  Progress (5): 4.8/12 MB | 2.5/2.6 MB | 1.1/1.1 MB | 0.3/1.9 MB | 0.8/1.4 MB
2026.04.04 22:14:43 INFO  Progress (5): 4.8/12 MB | 2.5/2.6 MB | 1.1/1.1 MB | 0.3/1.9 MB | 0.8/1.4 MB
2026.04.04 22:14:43 INFO  Progress (5): 4.8/12 MB | 2.5/2.6 MB | 1.1/1.1 MB | 0.3/1.9 MB | 0.8/1.4 MB
2026.04.04 22:14:43 INFO  Progress (5): 4.8/12 MB | 2.5/2.6 MB | 1.1/1.1 MB | 0.3/1.9 MB | 0.8/1.4 MB
2026.04.04 22:14:43 INFO  Progress (5): 4.8/12 MB | 2.5/2.6 MB | 1.1/1.1 MB | 0.3/1.9 MB | 0.8/1.4 MB
2026.04.04 22:14:43 INFO  Progress (5): 4.8/12 MB | 2.5/2.6 MB | 1.1/1.1 MB | 0.3/1.9 MB | 0.8/1.4 MB
2026.04.04 22:14:43 INFO  Progress (5): 4.8/12 MB | 2.5/2.6 MB | 1.1/1.1 MB | 0.3/1.9 MB | 0.8/1.4 MB
2026.04.04 22:14:43 INFO  Progress (5): 4.8/12 MB | 2.5/2.6 MB | 1.1/1.1 MB | 0.3/1.9 MB | 0.9/1.4 MB
2026.04.04 22:14:43 INFO  Progress (5): 4.8/12 MB | 2.5/2.6 MB | 1.1/1.1 MB | 0.3/1.9 MB | 0.9/1.4 MB
2026.04.04 22:14:43 INFO  Progress (5): 4.8/12 MB | 2.5/2.6 MB | 1.1/1.1 MB | 0.3/1.9 MB | 0.9/1.4 MB
2026.04.04 22:14:43 INFO  Progress (5): 4.8/12 MB | 2.5/2.6 MB | 1.1/1.1 MB | 0.3/1.9 MB | 0.9/1.4 MB
2026.04.04 22:14:43 INFO  Progress (5): 4.8/12 MB | 2.5/2.6 MB | 1.1/1.1 MB | 0.3/1.9 MB | 0.9/1.4 MB
2026.04.04 22:14:43 INFO  Progress (5): 4.8/12 MB | 2.5/2.6 MB | 1.1/1.1 MB | 0.3/1.9 MB | 0.9/1.4 MB
2026.04.04 22:14:43 INFO  Progress (5): 4.8/12 MB | 2.5/2.6 MB | 1.1/1.1 MB | 0.3/1.9 MB | 1.0/1.4 MB
2026.04.04 22:14:43 INFO  Progress (5): 4.8/12 MB | 2.5/2.6 MB | 1.1/1.1 MB | 0.3/1.9 MB | 1.0/1.4 MB
2026.04.04 22:14:43 INFO  Progress (5): 4.8/12 MB | 2.5/2.6 MB | 1.1/1.1 MB | 0.3/1.9 MB | 1.0/1.4 MB
2026.04.04 22:14:43 INFO  Progress (5): 4.8/12 MB | 2.5/2.6 MB | 1.1/1.1 MB | 0.3/1.9 MB | 1.0/1.4 MB
2026.04.04 22:14:43 INFO  Progress (5): 4.8/12 MB | 2.5/2.6 MB | 1.1/1.1 MB | 0.3/1.9 MB | 1.0/1.4 MB
2026.04.04 22:14:43 INFO  Progress (5): 4.8/12 MB | 2.5/2.6 MB | 1.1/1.1 MB | 0.3/1.9 MB | 1.0/1.4 MB
2026.04.04 22:14:43 INFO  Progress (5): 4.8/12 MB | 2.5/2.6 MB | 1.1/1.1 MB | 0.3/1.9 MB | 1.0/1.4 MB
2026.04.04 22:14:43 INFO  Progress (5): 4.8/12 MB | 2.5/2.6 MB | 1.1/1.1 MB | 0.3/1.9 MB | 1.0/1.4 MB
2026.04.04 22:14:43 INFO  Progress (5): 4.8/12 MB | 2.5/2.6 MB | 1.1/1.1 MB | 0.3/1.9 MB | 1.0/1.4 MB
2026.04.04 22:14:43 INFO  Progress (5): 4.8/12 MB | 2.5/2.6 MB | 1.1/1.1 MB | 0.3/1.9 MB | 1.0/1.4 MB
2026.04.04 22:14:43 INFO  Progress (5): 4.8/12 MB | 2.5/2.6 MB | 1.1/1.1 MB | 0.3/1.9 MB | 1.0/1.4 MB
2026.04.04 22:14:43 INFO  Progress (5): 4.8/12 MB | 2.5/2.6 MB | 1.1/1.1 MB | 0.3/1.9 MB | 1.0/1.4 MB
2026.04.04 22:14:43 INFO  Progress (5): 4.8/12 MB | 2.5/2.6 MB | 1.1/1.1 MB | 0.3/1.9 MB | 1.1/1.4 MB
2026.04.04 22:14:43 INFO  Progress (5): 4.8/12 MB | 2.5/2.6 MB | 1.1/1.1 MB | 0.3/1.9 MB | 1.1/1.4 MB
2026.04.04 22:14:43 INFO  Progress (5): 4.8/12 MB | 2.5/2.6 MB | 1.1/1.1 MB | 0.3/1.9 MB | 1.1/1.4 MB
2026.04.04 22:14:43 INFO  Progress (5): 4.8/12 MB | 2.5/2.6 MB | 1.1/1.1 MB | 0.3/1.9 MB | 1.1/1.4 MB
2026.04.04 22:14:43 INFO  Progress (5): 4.8/12 MB | 2.5/2.6 MB | 1.1/1.1 MB | 0.3/1.9 MB | 1.1/1.4 MB
2026.04.04 22:14:43 INFO  Progress (5): 4.8/12 MB | 2.5/2.6 MB | 1.1/1.1 MB | 0.3/1.9 MB | 1.1/1.4 MB
2026.04.04 22:14:43 INFO  Progress (5): 4.8/12 MB | 2.5/2.6 MB | 1.1/1.1 MB | 0.3/1.9 MB | 1.2/1.4 MB
2026.04.04 22:14:43 INFO  Progress (5): 4.8/12 MB | 2.5/2.6 MB | 1.1/1.1 MB | 0.3/1.9 MB | 1.2/1.4 MB
2026.04.04 22:14:43 INFO  Progress (5): 4.8/12 MB | 2.5/2.6 MB | 1.1/1.1 MB | 0.3/1.9 MB | 1.2/1.4 MB
2026.04.04 22:14:43 INFO  Progress (5): 4.8/12 MB | 2.5/2.6 MB | 1.1/1.1 MB | 0.3/1.9 MB | 1.2/1.4 MB
2026.04.04 22:14:43 INFO  Progress (5): 4.8/12 MB | 2.5/2.6 MB | 1.1/1.1 MB | 0.3/1.9 MB | 1.2/1.4 MB
2026.04.04 22:14:43 INFO  Progress (5): 4.8/12 MB | 2.5/2.6 MB | 1.1/1.1 MB | 0.3/1.9 MB | 1.2/1.4 MB
2026.04.04 22:14:43 INFO  Progress (5): 4.8/12 MB | 2.5/2.6 MB | 1.1 MB | 0.3/1.9 MB | 1.2/1.4 MB    
2026.04.04 22:14:43 INFO  Progress (5): 4.8/12 MB | 2.6/2.6 MB | 1.1 MB | 0.3/1.9 MB | 1.2/1.4 MB
2026.04.04 22:14:43 INFO  Progress (5): 4.8/12 MB | 2.6/2.6 MB | 1.1 MB | 0.3/1.9 MB | 1.2/1.4 MB
2026.04.04 22:14:43 INFO  Progress (5): 4.8/12 MB | 2.6/2.6 MB | 1.1 MB | 0.3/1.9 MB | 1.2/1.4 MB
2026.04.04 22:14:43 INFO  Progress (5): 4.8/12 MB | 2.6/2.6 MB | 1.1 MB | 0.3/1.9 MB | 1.2/1.4 MB
2026.04.04 22:14:43 INFO  Progress (5): 4.8/12 MB | 2.6 MB | 1.1 MB | 0.3/1.9 MB | 1.2/1.4 MB    
2026.04.04 22:14:43 INFO  Progress (5): 4.8/12 MB | 2.6 MB | 1.1 MB | 0.3/1.9 MB | 1.2/1.4 MB
2026.04.04 22:14:43 INFO  Progress (5): 4.8/12 MB | 2.6 MB | 1.1 MB | 0.4/1.9 MB | 1.2/1.4 MB
2026.04.04 22:14:43 INFO  Progress (5): 4.8/12 MB | 2.6 MB | 1.1 MB | 0.4/1.9 MB | 1.2/1.4 MB
2026.04.04 22:14:43 INFO  Progress (5): 4.8/12 MB | 2.6 MB | 1.1 MB | 0.4/1.9 MB | 1.2/1.4 MB
2026.04.04 22:14:43 INFO  Progress (5): 4.8/12 MB | 2.6 MB | 1.1 MB | 0.4/1.9 MB | 1.2/1.4 MB
2026.04.04 22:14:43 INFO  Progress (5): 4.8/12 MB | 2.6 MB | 1.1 MB | 0.4/1.9 MB | 1.2/1.4 MB
2026.04.04 22:14:43 INFO  Progress (5): 4.8/12 MB | 2.6 MB | 1.1 MB | 0.4/1.9 MB | 1.2/1.4 MB
2026.04.04 22:14:43 INFO  Progress (5): 4.8/12 MB | 2.6 MB | 1.1 MB | 0.5/1.9 MB | 1.2/1.4 MB
2026.04.04 22:14:43 INFO  Progress (5): 4.8/12 MB | 2.6 MB | 1.1 MB | 0.5/1.9 MB | 1.2/1.4 MB
2026.04.04 22:14:43 INFO  Progress (5): 4.8/12 MB | 2.6 MB | 1.1 MB | 0.5/1.9 MB | 1.2/1.4 MB
2026.04.04 22:14:43 INFO  Progress (5): 4.8/12 MB | 2.6 MB | 1.1 MB | 0.5/1.9 MB | 1.2/1.4 MB
2026.04.04 22:14:43 INFO  Progress (5): 4.8/12 MB | 2.6 MB | 1.1 MB | 0.5/1.9 MB | 1.2/1.4 MB
2026.04.04 22:14:43 INFO  Progress (5): 4.8/12 MB | 2.6 MB | 1.1 MB | 0.5/1.9 MB | 1.2/1.4 MB
2026.04.04 22:14:43 INFO  Progress (5): 4.9/12 MB | 2.6 MB | 1.1 MB | 0.5/1.9 MB | 1.2/1.4 MB
2026.04.04 22:14:43 INFO  Progress (5): 4.9/12 MB | 2.6 MB | 1.1 MB | 0.5/1.9 MB | 1.2/1.4 MB
2026.04.04 22:14:43 INFO  Progress (5): 4.9/12 MB | 2.6 MB | 1.1 MB | 0.5/1.9 MB | 1.2/1.4 MB
2026.04.04 22:14:43 INFO  Progress (5): 4.9/12 MB | 2.6 MB | 1.1 MB | 0.5/1.9 MB | 1.2/1.4 MB
2026.04.04 22:14:43 INFO  Progress (5): 4.9/12 MB | 2.6 MB | 1.1 MB | 0.5/1.9 MB | 1.2/1.4 MB
2026.04.04 22:14:43 INFO  Progress (5): 4.9/12 MB | 2.6 MB | 1.1 MB | 0.5/1.9 MB | 1.2/1.4 MB
2026.04.04 22:14:43 INFO  Progress (5): 5.0/12 MB | 2.6 MB | 1.1 MB | 0.5/1.9 MB | 1.2/1.4 MB
2026.04.04 22:14:43 INFO  Progress (5): 5.0/12 MB | 2.6 MB | 1.1 MB | 0.5/1.9 MB | 1.2/1.4 MB
2026.04.04 22:14:43 INFO  Progress (5): 5.0/12 MB | 2.6 MB | 1.1 MB | 0.5/1.9 MB | 1.2/1.4 MB
2026.04.04 22:14:43 INFO  Progress (5): 5.0/12 MB | 2.6 MB | 1.1 MB | 0.5/1.9 MB | 1.2/1.4 MB
2026.04.04 22:14:43 INFO  Progress (5): 5.0/12 MB | 2.6 MB | 1.1 MB | 0.5/1.9 MB | 1.2/1.4 MB
2026.04.04 22:14:43 INFO  Progress (5): 5.0/12 MB | 2.6 MB | 1.1 MB | 0.5/1.9 MB | 1.2/1.4 MB
2026.04.04 22:14:43 INFO  Progress (5): 5.1/12 MB | 2.6 MB | 1.1 MB | 0.5/1.9 MB | 1.2/1.4 MB
2026.04.04 22:14:43 INFO  Progress (5): 5.1/12 MB | 2.6 MB | 1.1 MB | 0.5/1.9 MB | 1.2/1.4 MB
2026.04.04 22:14:43 INFO  Progress (5): 5.1/12 MB | 2.6 MB | 1.1 MB | 0.5/1.9 MB | 1.2/1.4 MB
2026.04.04 22:14:43 INFO  Progress (5): 5.1/12 MB | 2.6 MB | 1.1 MB | 0.5/1.9 MB | 1.2/1.4 MB
2026.04.04 22:14:43 INFO  Progress (5): 5.1/12 MB | 2.6 MB | 1.1 MB | 0.5/1.9 MB | 1.2/1.4 MB
2026.04.04 22:14:43 INFO  Progress (5): 5.1/12 MB | 2.6 MB | 1.1 MB | 0.5/1.9 MB | 1.2/1.4 MB
2026.04.04 22:14:43 INFO  Progress (5): 5.2/12 MB | 2.6 MB | 1.1 MB | 0.5/1.9 MB | 1.2/1.4 MB
2026.04.04 22:14:43 INFO  Progress (5): 5.2/12 MB | 2.6 MB | 1.1 MB | 0.5/1.9 MB | 1.2/1.4 MB
2026.04.04 22:14:43 INFO  Progress (5): 5.2/12 MB | 2.6 MB | 1.1 MB | 0.5/1.9 MB | 1.2/1.4 MB
2026.04.04 22:14:43 INFO  Progress (5): 5.2/12 MB | 2.6 MB | 1.1 MB | 0.5/1.9 MB | 1.2/1.4 MB
2026.04.04 22:14:43 INFO  Progress (5): 5.2/12 MB | 2.6 MB | 1.1 MB | 0.5/1.9 MB | 1.2/1.4 MB
2026.04.04 22:14:43 INFO  Progress (5): 5.2/12 MB | 2.6 MB | 1.1 MB | 0.5/1.9 MB | 1.2/1.4 MB
2026.04.04 22:14:43 INFO  Progress (5): 5.3/12 MB | 2.6 MB | 1.1 MB | 0.5/1.9 MB | 1.2/1.4 MB
2026.04.04 22:14:43 INFO  Progress (5): 5.3/12 MB | 2.6 MB | 1.1 MB | 0.5/1.9 MB | 1.2/1.4 MB
2026.04.04 22:14:43 INFO  Progress (5): 5.3/12 MB | 2.6 MB | 1.1 MB | 0.5/1.9 MB | 1.2/1.4 MB
2026.04.04 22:14:43 INFO  Progress (5): 5.3/12 MB | 2.6 MB | 1.1 MB | 0.5/1.9 MB | 1.2/1.4 MB
2026.04.04 22:14:43 INFO  Progress (5): 5.3/12 MB | 2.6 MB | 1.1 MB | 0.5/1.9 MB | 1.2/1.4 MB
2026.04.04 22:14:43 INFO  Progress (5): 5.3/12 MB | 2.6 MB | 1.1 MB | 0.5/1.9 MB | 1.2/1.4 MB
2026.04.04 22:14:43 INFO  Progress (5): 5.3/12 MB | 2.6 MB | 1.1 MB | 0.5/1.9 MB | 1.2/1.4 MB
2026.04.04 22:14:43 INFO  Progress (5): 5.4/12 MB | 2.6 MB | 1.1 MB | 0.5/1.9 MB | 1.2/1.4 MB
2026.04.04 22:14:43 INFO  Progress (5): 5.4/12 MB | 2.6 MB | 1.1 MB | 0.5/1.9 MB | 1.2/1.4 MB
2026.04.04 22:14:43 INFO  Progress (5): 5.4/12 MB | 2.6 MB | 1.1 MB | 0.5/1.9 MB | 1.2/1.4 MB
2026.04.04 22:14:43 INFO  Progress (5): 5.4/12 MB | 2.6 MB | 1.1 MB | 0.5/1.9 MB | 1.2/1.4 MB
2026.04.04 22:14:43 INFO  Progress (5): 5.4/12 MB | 2.6 MB | 1.1 MB | 0.5/1.9 MB | 1.2/1.4 MB
2026.04.04 22:14:43 INFO  Progress (5): 5.4/12 MB | 2.6 MB | 1.1 MB | 0.5/1.9 MB | 1.2/1.4 MB
2026.04.04 22:14:43 INFO  Progress (5): 5.4/12 MB | 2.6 MB | 1.1 MB | 0.6/1.9 MB | 1.2/1.4 MB
2026.04.04 22:14:43 INFO  Progress (5): 5.4/12 MB | 2.6 MB | 1.1 MB | 0.6/1.9 MB | 1.2/1.4 MB
2026.04.04 22:14:43 INFO  Progress (5): 5.4/12 MB | 2.6 MB | 1.1 MB | 0.6/1.9 MB | 1.3/1.4 MB
2026.04.04 22:14:43 INFO  Progress (5): 5.4/12 MB | 2.6 MB | 1.1 MB | 0.6/1.9 MB | 1.3/1.4 MB
2026.04.04 22:14:43 INFO  Progress (5): 5.4/12 MB | 2.6 MB | 1.1 MB | 0.6/1.9 MB | 1.3/1.4 MB
2026.04.04 22:14:43 INFO  Progress (5): 5.4/12 MB | 2.6 MB | 1.1 MB | 0.6/1.9 MB | 1.3/1.4 MB
2026.04.04 22:14:43 INFO  Progress (5): 5.4/12 MB | 2.6 MB | 1.1 MB | 0.6/1.9 MB | 1.3/1.4 MB
2026.04.04 22:14:43 INFO  Progress (5): 5.4/12 MB | 2.6 MB | 1.1 MB | 0.6/1.9 MB | 1.3/1.4 MB
2026.04.04 22:14:43 INFO  Progress (5): 5.4/12 MB | 2.6 MB | 1.1 MB | 0.6/1.9 MB | 1.4 MB    
2026.04.04 22:14:43 INFO  Progress (5): 5.4/12 MB | 2.6 MB | 1.1 MB | 0.6/1.9 MB | 1.4 MB
2026.04.04 22:14:43 INFO  Progress (5): 5.4/12 MB | 2.6 MB | 1.1 MB | 0.6/1.9 MB | 1.4 MB
2026.04.04 22:14:43 INFO  Progress (5): 5.4/12 MB | 2.6 MB | 1.1 MB | 0.6/1.9 MB | 1.4 MB
2026.04.04 22:14:43 INFO  Progress (5): 5.4/12 MB | 2.6 MB | 1.1 MB | 0.6/1.9 MB | 1.4 MB
2026.04.04 22:14:43 INFO  Progress (5): 5.5/12 MB | 2.6 MB | 1.1 MB | 0.6/1.9 MB | 1.4 MB
2026.04.04 22:14:43 INFO  Progress (5): 5.5/12 MB | 2.6 MB | 1.1 MB | 0.6/1.9 MB | 1.4 MB
2026.04.04 22:14:43 INFO  Progress (5): 5.5/12 MB | 2.6 MB | 1.1 MB | 0.6/1.9 MB | 1.4 MB
2026.04.04 22:14:43 INFO  Progress (5): 5.5/12 MB | 2.6 MB | 1.1 MB | 0.6/1.9 MB | 1.4 MB
2026.04.04 22:14:43 INFO  Progress (5): 5.5/12 MB | 2.6 MB | 1.1 MB | 0.6/1.9 MB | 1.4 MB
2026.04.04 22:14:43 INFO  Progress (5): 5.5/12 MB | 2.6 MB | 1.1 MB | 0.6/1.9 MB | 1.4 MB
2026.04.04 22:14:43 INFO  Progress (5): 5.5/12 MB | 2.6 MB | 1.1 MB | 0.6/1.9 MB | 1.4 MB
2026.04.04 22:14:43 INFO  Progress (5): 5.5/12 MB | 2.6 MB | 1.1 MB | 0.6/1.9 MB | 1.4 MB
2026.04.04 22:14:43 INFO  Progress (5): 5.5/12 MB | 2.6 MB | 1.1 MB | 0.6/1.9 MB | 1.4 MB
2026.04.04 22:14:43 INFO  Progress (5): 5.6/12 MB | 2.6 MB | 1.1 MB | 0.6/1.9 MB | 1.4 MB
2026.04.04 22:14:43 INFO  Progress (5): 5.6/12 MB | 2.6 MB | 1.1 MB | 0.6/1.9 MB | 1.4 MB
2026.04.04 22:14:43 INFO  Progress (5): 5.6/12 MB | 2.6 MB | 1.1 MB | 0.6/1.9 MB | 1.4 MB
2026.04.04 22:14:43 INFO  Progress (5): 5.6/12 MB | 2.6 MB | 1.1 MB | 0.6/1.9 MB | 1.4 MB
2026.04.04 22:14:43 INFO  Progress (5): 5.6/12 MB | 2.6 MB | 1.1 MB | 0.6/1.9 MB | 1.4 MB
2026.04.04 22:14:43 INFO  Progress (5): 5.6/12 MB | 2.6 MB | 1.1 MB | 0.6/1.9 MB | 1.4 MB
2026.04.04 22:14:43 INFO                                                                 
2026.04.04 22:14:43 INFO  Downloaded from central: https://repo.maven.apache.org/maven2/org/scala-lang/modules/scala-parallel-collections_2.13/0.2.0/scala-parallel-collections_2.13-0.2.0.jar (1.1 MB at 442 kB/s)
2026.04.04 22:14:43 INFO  Downloading from central: https://repo.maven.apache.org/maven2/org/scala-sbt/util-logging_2.13/1.8.0/util-logging_2.13-1.8.0.jar
2026.04.04 22:14:43 INFO  Progress (4): 5.7/12 MB | 2.6 MB | 0.6/1.9 MB | 1.4 MB
2026.04.04 22:14:43 INFO  Progress (4): 5.7/12 MB | 2.6 MB | 0.7/1.9 MB | 1.4 MB
2026.04.04 22:14:43 INFO  Progress (4): 5.7/12 MB | 2.6 MB | 0.7/1.9 MB | 1.4 MB
2026.04.04 22:14:43 INFO  Progress (4): 5.7/12 MB | 2.6 MB | 0.7/1.9 MB | 1.4 MB
2026.04.04 22:14:43 INFO  Progress (4): 5.7/12 MB | 2.6 MB | 0.7/1.9 MB | 1.4 MB
2026.04.04 22:14:43 INFO  Progress (4): 5.7/12 MB | 2.6 MB | 0.7/1.9 MB | 1.4 MB
2026.04.04 22:14:43 INFO  Progress (4): 5.7/12 MB | 2.6 MB | 0.7/1.9 MB | 1.4 MB
2026.04.04 22:14:43 INFO  Progress (4): 5.7/12 MB | 2.6 MB | 0.7/1.9 MB | 1.4 MB
2026.04.04 22:14:43 INFO  Progress (4): 5.8/12 MB | 2.6 MB | 0.7/1.9 MB | 1.4 MB
2026.04.04 22:14:43 INFO  Progress (4): 5.8/12 MB | 2.6 MB | 0.7/1.9 MB | 1.4 MB
2026.04.04 22:14:43 INFO  Progress (4): 5.8/12 MB | 2.6 MB | 0.7/1.9 MB | 1.4 MB
2026.04.04 22:14:43 INFO  Progress (4): 5.8/12 MB | 2.6 MB | 0.7/1.9 MB | 1.4 MB
2026.04.04 22:14:43 INFO  Progress (4): 5.8/12 MB | 2.6 MB | 0.7/1.9 MB | 1.4 MB
2026.04.04 22:14:43 INFO  Progress (4): 5.8/12 MB | 2.6 MB | 0.7/1.9 MB | 1.4 MB
2026.04.04 22:14:43 INFO  Progress (4): 5.8/12 MB | 2.6 MB | 0.7/1.9 MB | 1.4 MB
2026.04.04 22:14:43 INFO  Progress (4): 5.9/12 MB | 2.6 MB | 0.7/1.9 MB | 1.4 MB
2026.04.04 22:14:43 INFO  Progress (4): 5.9/12 MB | 2.6 MB | 0.7/1.9 MB | 1.4 MB
2026.04.04 22:14:43 INFO  Progress (4): 5.9/12 MB | 2.6 MB | 0.7/1.9 MB | 1.4 MB
2026.04.04 22:14:43 INFO  Progress (4): 5.9/12 MB | 2.6 MB | 0.7/1.9 MB | 1.4 MB
2026.04.04 22:14:43 INFO  Progress (5): 5.9/12 MB | 2.6 MB | 0.7/1.9 MB | 1.4 MB | 7.7/463 kB
2026.04.04 22:14:43 INFO  Progress (5): 5.9/12 MB | 2.6 MB | 0.7/1.9 MB | 1.4 MB | 8.2/463 kB
2026.04.04 22:14:43 INFO  Progress (5): 5.9/12 MB | 2.6 MB | 0.7/1.9 MB | 1.4 MB | 8.2/463 kB
2026.04.04 22:14:43 INFO                                                                     
2026.04.04 22:14:43 INFO  Downloaded from central: https://repo.maven.apache.org/maven2/org/scala-sbt/zinc-persist-core-assembly/1.8.0/zinc-persist-core-assembly-1.8.0.jar (2.6 MB at 1.0 MB/s)
2026.04.04 22:14:43 INFO  Downloading from central: https://repo.maven.apache.org/maven2/org/scala-sbt/collections_2.13/1.8.0/collections_2.13-1.8.0.jar
2026.04.04 22:14:43 INFO  Downloaded from central: https://repo.maven.apache.org/maven2/net/java/dev/jna/jna-platform/5.12.0/jna-platform-5.12.0.jar (1.4 MB at 527 kB/s)
2026.04.04 22:14:43 INFO  Progress (3): 5.9/12 MB | 0.7/1.9 MB | 8.2/463 kB
2026.04.04 22:14:43 INFO                                                   
2026.04.04 22:14:43 INFO  Downloading from central: https://repo.maven.apache.org/maven2/org/scala-sbt/util-position_2.13/1.8.0/util-position_2.13-1.8.0.jar
2026.04.04 22:14:43 INFO  Progress (3): 5.9/12 MB | 0.7/1.9 MB | 8.2/463 kB
2026.04.04 22:14:43 INFO  Progress (3): 5.9/12 MB | 0.7/1.9 MB | 8.2/463 kB
2026.04.04 22:14:43 INFO  Progress (3): 5.9/12 MB | 0.7/1.9 MB | 25/463 kB 
2026.04.04 22:14:43 INFO  Progress (3): 6.0/12 MB | 0.7/1.9 MB | 25/463 kB
2026.04.04 22:14:43 INFO  Progress (3): 6.0/12 MB | 0.7/1.9 MB | 41/463 kB
2026.04.04 22:14:43 INFO  Progress (3): 6.0/12 MB | 0.7/1.9 MB | 41/463 kB
2026.04.04 22:14:43 INFO  Progress (3): 6.0/12 MB | 0.7/1.9 MB | 41/463 kB
2026.04.04 22:14:43 INFO  Progress (3): 6.0/12 MB | 0.7/1.9 MB | 41/463 kB
2026.04.04 22:14:43 INFO  Progress (3): 6.0/12 MB | 0.7/1.9 MB | 41/463 kB
2026.04.04 22:14:43 INFO  Progress (3): 6.0/12 MB | 0.7/1.9 MB | 57/463 kB
2026.04.04 22:14:43 INFO  Progress (3): 6.0/12 MB | 0.7/1.9 MB | 57/463 kB
2026.04.04 22:14:43 INFO  Progress (3): 6.0/12 MB | 0.7/1.9 MB | 74/463 kB
2026.04.04 22:14:43 INFO  Progress (3): 6.0/12 MB | 0.7/1.9 MB | 74/463 kB
2026.04.04 22:14:43 INFO  Progress (3): 6.0/12 MB | 0.7/1.9 MB | 82/463 kB
2026.04.04 22:14:43 INFO  Progress (3): 6.1/12 MB | 0.7/1.9 MB | 82/463 kB
2026.04.04 22:14:43 INFO  Progress (3): 6.1/12 MB | 0.7/1.9 MB | 98/463 kB
2026.04.04 22:14:43 INFO  Progress (3): 6.1/12 MB | 0.7/1.9 MB | 98/463 kB
2026.04.04 22:14:43 INFO  Progress (3): 6.1/12 MB | 0.8/1.9 MB | 98/463 kB
2026.04.04 22:14:43 INFO  Progress (3): 6.1/12 MB | 0.8/1.9 MB | 98/463 kB
2026.04.04 22:14:43 INFO  Progress (3): 6.1/12 MB | 0.8/1.9 MB | 115/463 kB
2026.04.04 22:14:43 INFO  Progress (3): 6.1/12 MB | 0.8/1.9 MB | 115/463 kB
2026.04.04 22:14:43 INFO  Progress (3): 6.1/12 MB | 0.8/1.9 MB | 115/463 kB
2026.04.04 22:14:43 INFO  Progress (3): 6.1/12 MB | 0.8/1.9 MB | 131/463 kB
2026.04.04 22:14:43 INFO  Progress (3): 6.1/12 MB | 0.8/1.9 MB | 131/463 kB
2026.04.04 22:14:43 INFO  Progress (3): 6.1/12 MB | 0.8/1.9 MB | 131/463 kB
2026.04.04 22:14:43 INFO  Progress (3): 6.2/12 MB | 0.8/1.9 MB | 131/463 kB
2026.04.04 22:14:43 INFO  Progress (3): 6.2/12 MB | 0.8/1.9 MB | 147/463 kB
2026.04.04 22:14:43 INFO  Progress (3): 6.2/12 MB | 0.8/1.9 MB | 147/463 kB
2026.04.04 22:14:43 INFO  Progress (4): 6.2/12 MB | 0.8/1.9 MB | 147/463 kB | 7.5/28 kB
2026.04.04 22:14:43 INFO  Progress (4): 6.2/12 MB | 0.8/1.9 MB | 147/463 kB | 7.5/28 kB
2026.04.04 22:14:43 INFO  Progress (4): 6.2/12 MB | 0.8/1.9 MB | 147/463 kB | 24/28 kB 
2026.04.04 22:14:43 INFO  Progress (4): 6.2/12 MB | 0.8/1.9 MB | 147/463 kB | 28 kB   
2026.04.04 22:14:43 INFO  Progress (4): 6.2/12 MB | 0.8/1.9 MB | 164/463 kB | 28 kB
2026.04.04 22:14:43 INFO  Progress (4): 6.2/12 MB | 0.8/1.9 MB | 164/463 kB | 28 kB
2026.04.04 22:14:43 INFO  Progress (4): 6.2/12 MB | 0.8/1.9 MB | 164/463 kB | 28 kB
2026.04.04 22:14:43 INFO  Progress (4): 6.2/12 MB | 0.8/1.9 MB | 164/463 kB | 28 kB
2026.04.04 22:14:43 INFO  Progress (4): 6.2/12 MB | 0.8/1.9 MB | 180/463 kB | 28 kB
2026.04.04 22:14:43 INFO  Progress (4): 6.2/12 MB | 0.8/1.9 MB | 180/463 kB | 28 kB
2026.04.04 22:14:43 INFO  Progress (5): 6.2/12 MB | 0.8/1.9 MB | 180/463 kB | 28 kB | 7.7/365 kB
2026.04.04 22:14:43 INFO  Progress (5): 6.2/12 MB | 0.8/1.9 MB | 180/463 kB | 28 kB | 8.2/365 kB
2026.04.04 22:14:43 INFO  Progress (5): 6.2/12 MB | 0.8/1.9 MB | 180/463 kB | 28 kB | 8.2/365 kB
2026.04.04 22:14:43 INFO  Progress (5): 6.3/12 MB | 0.8/1.9 MB | 180/463 kB | 28 kB | 8.2/365 kB
2026.04.04 22:14:43 INFO  Progress (5): 6.3/12 MB | 0.8/1.9 MB | 180/463 kB | 28 kB | 25/365 kB 
2026.04.04 22:14:43 INFO  Progress (5): 6.3/12 MB | 0.8/1.9 MB | 197/463 kB | 28 kB | 25/365 kB
2026.04.04 22:14:43 INFO  Progress (5): 6.3/12 MB | 0.8/1.9 MB | 197/463 kB | 28 kB | 25/365 kB
2026.04.04 22:14:43 INFO  Progress (5): 6.3/12 MB | 0.8/1.9 MB | 197/463 kB | 28 kB | 25/365 kB
2026.04.04 22:14:43 INFO  Progress (5): 6.3/12 MB | 0.8/1.9 MB | 197/463 kB | 28 kB | 41/365 kB
2026.04.04 22:14:43 INFO  Progress (5): 6.3/12 MB | 0.8/1.9 MB | 197/463 kB | 28 kB | 41/365 kB
2026.04.04 22:14:43 INFO  Progress (5): 6.3/12 MB | 0.8/1.9 MB | 197/463 kB | 28 kB | 41/365 kB
2026.04.04 22:14:43 INFO  Progress (5): 6.3/12 MB | 0.8/1.9 MB | 213/463 kB | 28 kB | 41/365 kB
2026.04.04 22:14:43 INFO  Progress (5): 6.3/12 MB | 0.8/1.9 MB | 213/463 kB | 28 kB | 57/365 kB
2026.04.04 22:14:43 INFO  Progress (5): 6.3/12 MB | 0.8/1.9 MB | 213/463 kB | 28 kB | 57/365 kB
2026.04.04 22:14:43 INFO  Progress (5): 6.3/12 MB | 0.8/1.9 MB | 229/463 kB | 28 kB | 57/365 kB
2026.04.04 22:14:43 INFO  Progress (5): 6.3/12 MB | 0.8/1.9 MB | 229/463 kB | 28 kB | 57/365 kB
2026.04.04 22:14:43 INFO  Progress (5): 6.3/12 MB | 0.8/1.9 MB | 229/463 kB | 28 kB | 74/365 kB
2026.04.04 22:14:43 INFO  Progress (5): 6.3/12 MB | 0.8/1.9 MB | 246/463 kB | 28 kB | 74/365 kB
2026.04.04 22:14:43 INFO  Progress (5): 6.4/12 MB | 0.8/1.9 MB | 246/463 kB | 28 kB | 74/365 kB
2026.04.04 22:14:43 INFO  Progress (5): 6.4/12 MB | 0.8/1.9 MB | 246/463 kB | 28 kB | 74/365 kB
2026.04.04 22:14:43 INFO  Progress (5): 6.4/12 MB | 0.8/1.9 MB | 246/463 kB | 28 kB | 90/365 kB
2026.04.04 22:14:43 INFO  Progress (5): 6.4/12 MB | 0.8/1.9 MB | 246/463 kB | 28 kB | 90/365 kB
2026.04.04 22:14:43 INFO  Progress (5): 6.4/12 MB | 0.8/1.9 MB | 246/463 kB | 28 kB | 90/365 kB
2026.04.04 22:14:43 INFO  Progress (5): 6.4/12 MB | 0.8/1.9 MB | 262/463 kB | 28 kB | 90/365 kB
2026.04.04 22:14:43 INFO  Progress (5): 6.4/12 MB | 0.8/1.9 MB | 262/463 kB | 28 kB | 106/365 kB
2026.04.04 22:14:43 INFO  Progress (5): 6.4/12 MB | 0.8/1.9 MB | 262/463 kB | 28 kB | 106/365 kB
2026.04.04 22:14:43 INFO  Progress (5): 6.4/12 MB | 0.8/1.9 MB | 262/463 kB | 28 kB | 106/365 kB
2026.04.04 22:14:43 INFO  Progress (5): 6.4/12 MB | 0.8/1.9 MB | 262/463 kB | 28 kB | 106/365 kB
2026.04.04 22:14:43 INFO  Progress (5): 6.4/12 MB | 0.8/1.9 MB | 279/463 kB | 28 kB | 106/365 kB
2026.04.04 22:14:43 INFO  Progress (5): 6.4/12 MB | 0.8/1.9 MB | 279/463 kB | 28 kB | 106/365 kB
2026.04.04 22:14:43 INFO  Progress (5): 6.4/12 MB | 0.8/1.9 MB | 279/463 kB | 28 kB | 123/365 kB
2026.04.04 22:14:43 INFO  Progress (5): 6.5/12 MB | 0.8/1.9 MB | 279/463 kB | 28 kB | 123/365 kB
2026.04.04 22:14:43 INFO  Progress (5): 6.5/12 MB | 0.8/1.9 MB | 279/463 kB | 28 kB | 139/365 kB
2026.04.04 22:14:43 INFO  Progress (5): 6.5/12 MB | 0.8/1.9 MB | 279/463 kB | 28 kB | 139/365 kB
2026.04.04 22:14:43 INFO  Progress (5): 6.5/12 MB | 0.8/1.9 MB | 295/463 kB | 28 kB | 139/365 kB
2026.04.04 22:14:43 INFO  Progress (5): 6.5/12 MB | 0.8/1.9 MB | 295/463 kB | 28 kB | 139/365 kB
2026.04.04 22:14:43 INFO  Progress (5): 6.5/12 MB | 0.8/1.9 MB | 295/463 kB | 28 kB | 156/365 kB
2026.04.04 22:14:43 INFO  Progress (5): 6.5/12 MB | 0.8/1.9 MB | 311/463 kB | 28 kB | 156/365 kB
2026.04.04 22:14:43 INFO  Progress (5): 6.5/12 MB | 0.8/1.9 MB | 311/463 kB | 28 kB | 156/365 kB
2026.04.04 22:14:43 INFO  Progress (5): 6.5/12 MB | 0.8/1.9 MB | 311/463 kB | 28 kB | 172/365 kB
2026.04.04 22:14:43 INFO  Progress (5): 6.5/12 MB | 0.8/1.9 MB | 311/463 kB | 28 kB | 172/365 kB
2026.04.04 22:14:43 INFO  Progress (5): 6.5/12 MB | 0.8/1.9 MB | 328/463 kB | 28 kB | 172/365 kB
2026.04.04 22:14:43 INFO  Progress (5): 6.5/12 MB | 0.9/1.9 MB | 328/463 kB | 28 kB | 172/365 kB
2026.04.04 22:14:43 INFO  Progress (5): 6.5/12 MB | 0.9/1.9 MB | 328/463 kB | 28 kB | 172/365 kB
2026.04.04 22:14:43 INFO  Progress (5): 6.5/12 MB | 0.9/1.9 MB | 328/463 kB | 28 kB | 188/365 kB
2026.04.04 22:14:43 INFO  Progress (5): 6.5/12 MB | 0.9/1.9 MB | 328/463 kB | 28 kB | 188/365 kB
2026.04.04 22:14:43 INFO  Progress (5): 6.5/12 MB | 0.9/1.9 MB | 344/463 kB | 28 kB | 188/365 kB
2026.04.04 22:14:43 INFO  Progress (5): 6.5/12 MB | 0.9/1.9 MB | 344/463 kB | 28 kB | 205/365 kB
2026.04.04 22:14:43 INFO  Progress (5): 6.6/12 MB | 0.9/1.9 MB | 344/463 kB | 28 kB | 205/365 kB
2026.04.04 22:14:43 INFO  Progress (5): 6.6/12 MB | 0.9/1.9 MB | 344/463 kB | 28 kB | 205/365 kB
2026.04.04 22:14:43 INFO  Progress (5): 6.6/12 MB | 0.9/1.9 MB | 360/463 kB | 28 kB | 205/365 kB
2026.04.04 22:14:43 INFO  Progress (5): 6.6/12 MB | 0.9/1.9 MB | 360/463 kB | 28 kB | 205/365 kB
2026.04.04 22:14:43 INFO  Progress (5): 6.6/12 MB | 0.9/1.9 MB | 360/463 kB | 28 kB | 205/365 kB
2026.04.04 22:14:43 INFO  Progress (5): 6.6/12 MB | 0.9/1.9 MB | 360/463 kB | 28 kB | 221/365 kB
2026.04.04 22:14:43 INFO  Progress (5): 6.6/12 MB | 0.9/1.9 MB | 360/463 kB | 28 kB | 221/365 kB
2026.04.04 22:14:43 INFO  Progress (5): 6.6/12 MB | 0.9/1.9 MB | 360/463 kB | 28 kB | 221/365 kB
2026.04.04 22:14:43 INFO  Progress (5): 6.6/12 MB | 0.9/1.9 MB | 360/463 kB | 28 kB | 238/365 kB
2026.04.04 22:14:43 INFO  Progress (5): 6.6/12 MB | 0.9/1.9 MB | 377/463 kB | 28 kB | 238/365 kB
2026.04.04 22:14:43 INFO  Progress (5): 6.6/12 MB | 0.9/1.9 MB | 377/463 kB | 28 kB | 238/365 kB
2026.04.04 22:14:43 INFO  Progress (5): 6.6/12 MB | 0.9/1.9 MB | 377/463 kB | 28 kB | 254/365 kB
2026.04.04 22:14:43 INFO  Progress (5): 6.7/12 MB | 0.9/1.9 MB | 377/463 kB | 28 kB | 254/365 kB
2026.04.04 22:14:43 INFO  Progress (5): 6.7/12 MB | 0.9/1.9 MB | 377/463 kB | 28 kB | 254/365 kB
2026.04.04 22:14:43 INFO  Progress (5): 6.7/12 MB | 0.9/1.9 MB | 377/463 kB | 28 kB | 254/365 kB
2026.04.04 22:14:43 INFO  Progress (5): 6.7/12 MB | 0.9/1.9 MB | 377/463 kB | 28 kB | 254/365 kB
2026.04.04 22:14:43 INFO  Progress (5): 6.7/12 MB | 0.9/1.9 MB | 377/463 kB | 28 kB | 270/365 kB
2026.04.04 22:14:43 INFO  Progress (5): 6.7/12 MB | 0.9/1.9 MB | 393/463 kB | 28 kB | 270/365 kB
2026.04.04 22:14:43 INFO  Progress (5): 6.7/12 MB | 0.9/1.9 MB | 393/463 kB | 28 kB | 270/365 kB
2026.04.04 22:14:43 INFO  Progress (5): 6.7/12 MB | 0.9/1.9 MB | 393/463 kB | 28 kB | 287/365 kB
2026.04.04 22:14:43 INFO  Progress (5): 6.7/12 MB | 0.9/1.9 MB | 393/463 kB | 28 kB | 287/365 kB
2026.04.04 22:14:43 INFO  Progress (5): 6.7/12 MB | 0.9/1.9 MB | 393/463 kB | 28 kB | 303/365 kB
2026.04.04 22:14:43 INFO  Progress (5): 6.7/12 MB | 0.9/1.9 MB | 393/463 kB | 28 kB | 303/365 kB
2026.04.04 22:14:43 INFO  Progress (5): 6.7/12 MB | 0.9/1.9 MB | 410/463 kB | 28 kB | 303/365 kB
2026.04.04 22:14:43 INFO  Progress (5): 6.7/12 MB | 0.9/1.9 MB | 410/463 kB | 28 kB | 303/365 kB
2026.04.04 22:14:43 INFO  Progress (5): 6.7/12 MB | 0.9/1.9 MB | 410/463 kB | 28 kB | 319/365 kB
2026.04.04 22:14:43 INFO  Progress (5): 6.8/12 MB | 0.9/1.9 MB | 410/463 kB | 28 kB | 319/365 kB
2026.04.04 22:14:43 INFO  Progress (5): 6.8/12 MB | 0.9/1.9 MB | 410/463 kB | 28 kB | 319/365 kB
2026.04.04 22:14:43 INFO  Progress (5): 6.8/12 MB | 0.9/1.9 MB | 410/463 kB | 28 kB | 319/365 kB
2026.04.04 22:14:43 INFO  Progress (5): 6.8/12 MB | 0.9/1.9 MB | 426/463 kB | 28 kB | 319/365 kB
2026.04.04 22:14:43 INFO  Progress (5): 6.8/12 MB | 0.9/1.9 MB | 426/463 kB | 28 kB | 319/365 kB
2026.04.04 22:14:43 INFO  Progress (5): 6.8/12 MB | 0.9/1.9 MB | 442/463 kB | 28 kB | 319/365 kB
2026.04.04 22:14:43 INFO  Progress (5): 6.8/12 MB | 0.9/1.9 MB | 442/463 kB | 28 kB | 319/365 kB
2026.04.04 22:14:43 INFO  Progress (5): 6.8/12 MB | 0.9/1.9 MB | 442/463 kB | 28 kB | 319/365 kB
2026.04.04 22:14:43 INFO  Progress (5): 6.8/12 MB | 0.9/1.9 MB | 442/463 kB | 28 kB | 319/365 kB
2026.04.04 22:14:43 INFO  Progress (5): 6.8/12 MB | 0.9/1.9 MB | 442/463 kB | 28 kB | 336/365 kB
2026.04.04 22:14:43 INFO  Progress (5): 6.9/12 MB | 0.9/1.9 MB | 442/463 kB | 28 kB | 336/365 kB
2026.04.04 22:14:43 INFO  Progress (5): 6.9/12 MB | 0.9/1.9 MB | 442/463 kB | 28 kB | 352/365 kB
2026.04.04 22:14:43 INFO  Progress (5): 6.9/12 MB | 0.9/1.9 MB | 442/463 kB | 28 kB | 352/365 kB
2026.04.04 22:14:43 INFO  Progress (5): 6.9/12 MB | 0.9/1.9 MB | 459/463 kB | 28 kB | 352/365 kB
2026.04.04 22:14:43 INFO  Progress (5): 6.9/12 MB | 0.9/1.9 MB | 459/463 kB | 28 kB | 365 kB    
2026.04.04 22:14:43 INFO  Progress (5): 6.9/12 MB | 0.9/1.9 MB | 463 kB | 28 kB | 365 kB    
2026.04.04 22:14:43 INFO  Progress (5): 6.9/12 MB | 0.9/1.9 MB | 463 kB | 28 kB | 365 kB
2026.04.04 22:14:43 INFO  Progress (5): 6.9/12 MB | 0.9/1.9 MB | 463 kB | 28 kB | 365 kB
2026.04.04 22:14:43 INFO  Progress (5): 6.9/12 MB | 0.9/1.9 MB | 463 kB | 28 kB | 365 kB
2026.04.04 22:14:43 INFO  Progress (5): 6.9/12 MB | 1.0/1.9 MB | 463 kB | 28 kB | 365 kB
2026.04.04 22:14:43 INFO  Progress (5): 6.9/12 MB | 1.0/1.9 MB | 463 kB | 28 kB | 365 kB
2026.04.04 22:14:43 INFO  Progress (5): 6.9/12 MB | 1.0/1.9 MB | 463 kB | 28 kB | 365 kB
2026.04.04 22:14:43 INFO  Progress (5): 7.0/12 MB | 1.0/1.9 MB | 463 kB | 28 kB | 365 kB
2026.04.04 22:14:43 INFO  Progress (5): 7.0/12 MB | 1.0/1.9 MB | 463 kB | 28 kB | 365 kB
2026.04.04 22:14:43 INFO  Progress (5): 7.0/12 MB | 1.0/1.9 MB | 463 kB | 28 kB | 365 kB
2026.04.04 22:14:43 INFO  Progress (5): 7.0/12 MB | 1.0/1.9 MB | 463 kB | 28 kB | 365 kB
2026.04.04 22:14:43 INFO  Progress (5): 7.0/12 MB | 1.0/1.9 MB | 463 kB | 28 kB | 365 kB
2026.04.04 22:14:43 INFO  Progress (5): 7.0/12 MB | 1.0/1.9 MB | 463 kB | 28 kB | 365 kB
2026.04.04 22:14:43 INFO  Progress (5): 7.0/12 MB | 1.0/1.9 MB | 463 kB | 28 kB | 365 kB
2026.04.04 22:14:43 INFO  Progress (5): 7.0/12 MB | 1.0/1.9 MB | 463 kB | 28 kB | 365 kB
2026.04.04 22:14:43 INFO  Progress (5): 7.1/12 MB | 1.0/1.9 MB | 463 kB | 28 kB | 365 kB
2026.04.04 22:14:43 INFO  Progress (5): 7.1/12 MB | 1.0/1.9 MB | 463 kB | 28 kB | 365 kB
2026.04.04 22:14:43 INFO  Progress (5): 7.1/12 MB | 1.0/1.9 MB | 463 kB | 28 kB | 365 kB
2026.04.04 22:14:43 INFO  Progress (5): 7.1/12 MB | 1.0/1.9 MB | 463 kB | 28 kB | 365 kB
2026.04.04 22:14:43 INFO  Progress (5): 7.1/12 MB | 1.0/1.9 MB | 463 kB | 28 kB | 365 kB
2026.04.04 22:14:43 INFO  Progress (5): 7.1/12 MB | 1.0/1.9 MB | 463 kB | 28 kB | 365 kB
2026.04.04 22:14:43 INFO  Progress (5): 7.1/12 MB | 1.0/1.9 MB | 463 kB | 28 kB | 365 kB
2026.04.04 22:14:43 INFO  Progress (5): 7.2/12 MB | 1.0/1.9 MB | 463 kB | 28 kB | 365 kB
2026.04.04 22:14:43 INFO  Progress (5): 7.2/12 MB | 1.0/1.9 MB | 463 kB | 28 kB | 365 kB
2026.04.04 22:14:43 INFO  Progress (5): 7.2/12 MB | 1.0/1.9 MB | 463 kB | 28 kB | 365 kB
2026.04.04 22:14:43 INFO  Progress (5): 7.2/12 MB | 1.0/1.9 MB | 463 kB | 28 kB | 365 kB
2026.04.04 22:14:43 INFO  Progress (5): 7.2/12 MB | 1.0/1.9 MB | 463 kB | 28 kB | 365 kB
2026.04.04 22:14:43 INFO  Progress (5): 7.2/12 MB | 1.0/1.9 MB | 463 kB | 28 kB | 365 kB
2026.04.04 22:14:43 INFO  Progress (5): 7.2/12 MB | 1.0/1.9 MB | 463 kB | 28 kB | 365 kB
2026.04.04 22:14:43 INFO  Progress (5): 7.2/12 MB | 1.0/1.9 MB | 463 kB | 28 kB | 365 kB
2026.04.04 22:14:43 INFO  Progress (5): 7.3/12 MB | 1.0/1.9 MB | 463 kB | 28 kB | 365 kB
2026.04.04 22:14:43 INFO  Progress (5): 7.3/12 MB | 1.0/1.9 MB | 463 kB | 28 kB | 365 kB
2026.04.04 22:14:43 INFO  Progress (5): 7.3/12 MB | 1.0/1.9 MB | 463 kB | 28 kB | 365 kB
2026.04.04 22:14:43 INFO  Progress (5): 7.3/12 MB | 1.0/1.9 MB | 463 kB | 28 kB | 365 kB
2026.04.04 22:14:43 INFO                                                                
2026.04.04 22:14:43 INFO  Downloaded from central: https://repo.maven.apache.org/maven2/org/scala-sbt/collections_2.13/1.8.0/collections_2.13-1.8.0.jar (365 kB at 132 kB/s)
2026.04.04 22:14:43 INFO  Downloading from central: https://repo.maven.apache.org/maven2/org/scala-sbt/core-macros_2.13/1.8.0/core-macros_2.13-1.8.0.jar
2026.04.04 22:14:43 INFO  Downloaded from central: https://repo.maven.apache.org/maven2/org/scala-sbt/util-logging_2.13/1.8.0/util-logging_2.13-1.8.0.jar (463 kB at 168 kB/s)
2026.04.04 22:14:43 INFO  Downloading from central: https://repo.maven.apache.org/maven2/org/jline/jline-terminal/3.19.0/jline-terminal-3.19.0.jar
2026.04.04 22:14:43 INFO  Progress (3): 7.3/12 MB | 1.0/1.9 MB | 28 kB
2026.04.04 22:14:43 INFO  Progress (3): 7.3/12 MB | 1.0/1.9 MB | 28 kB
2026.04.04 22:14:43 INFO  Progress (3): 7.3/12 MB | 1.0/1.9 MB | 28 kB
2026.04.04 22:14:43 INFO  Progress (3): 7.3/12 MB | 1.0/1.9 MB | 28 kB
2026.04.04 22:14:43 INFO  Progress (3): 7.4/12 MB | 1.0/1.9 MB | 28 kB
2026.04.04 22:14:43 INFO  Progress (3): 7.4/12 MB | 1.0/1.9 MB | 28 kB
2026.04.04 22:14:43 INFO  Progress (3): 7.4/12 MB | 1.0/1.9 MB | 28 kB
2026.04.04 22:14:43 INFO  Progress (3): 7.4/12 MB | 1.0/1.9 MB | 28 kB
2026.04.04 22:14:43 INFO  Progress (3): 7.4/12 MB | 1.0/1.9 MB | 28 kB
2026.04.04 22:14:43 INFO  Progress (3): 7.4/12 MB | 1.0/1.9 MB | 28 kB
2026.04.04 22:14:43 INFO  Progress (3): 7.5/12 MB | 1.0/1.9 MB | 28 kB
2026.04.04 22:14:43 INFO  Progress (3): 7.5/12 MB | 1.1/1.9 MB | 28 kB
2026.04.04 22:14:43 INFO  Progress (3): 7.5/12 MB | 1.1/1.9 MB | 28 kB
2026.04.04 22:14:43 INFO  Progress (3): 7.5/12 MB | 1.1/1.9 MB | 28 kB
2026.04.04 22:14:43 INFO  Progress (3): 7.5/12 MB | 1.1/1.9 MB | 28 kB
2026.04.04 22:14:43 INFO  Progress (3): 7.5/12 MB | 1.1/1.9 MB | 28 kB
2026.04.04 22:14:43 INFO  Progress (3): 7.5/12 MB | 1.1/1.9 MB | 28 kB
2026.04.04 22:14:43 INFO  Progress (3): 7.5/12 MB | 1.1/1.9 MB | 28 kB
2026.04.04 22:14:43 INFO  Progress (3): 7.6/12 MB | 1.1/1.9 MB | 28 kB
2026.04.04 22:14:43 INFO  Progress (3): 7.6/12 MB | 1.1/1.9 MB | 28 kB
2026.04.04 22:14:43 INFO  Progress (3): 7.6/12 MB | 1.1/1.9 MB | 28 kB
2026.04.04 22:14:43 INFO  Progress (3): 7.6/12 MB | 1.1/1.9 MB | 28 kB
2026.04.04 22:14:43 INFO  Progress (3): 7.6/12 MB | 1.1/1.9 MB | 28 kB
2026.04.04 22:14:43 INFO  Progress (3): 7.6/12 MB | 1.1/1.9 MB | 28 kB
2026.04.04 22:14:43 INFO  Progress (3): 7.6/12 MB | 1.1/1.9 MB | 28 kB
2026.04.04 22:14:43 INFO  Progress (3): 7.7/12 MB | 1.1/1.9 MB | 28 kB
2026.04.04 22:14:43 INFO  Progress (3): 7.7/12 MB | 1.1/1.9 MB | 28 kB
2026.04.04 22:14:43 INFO  Progress (3): 7.7/12 MB | 1.1/1.9 MB | 28 kB
2026.04.04 22:14:43 INFO  Progress (3): 7.7/12 MB | 1.1/1.9 MB | 28 kB
2026.04.04 22:14:43 INFO  Progress (3): 7.7/12 MB | 1.1/1.9 MB | 28 kB
2026.04.04 22:14:43 INFO  Progress (4): 7.7/12 MB | 1.1/1.9 MB | 28 kB | 7.7/87 kB
2026.04.04 22:14:43 INFO  Progress (4): 7.7/12 MB | 1.1/1.9 MB | 28 kB | 8.2/87 kB
2026.04.04 22:14:43 INFO  Progress (4): 7.7/12 MB | 1.1/1.9 MB | 28 kB | 8.2/87 kB
2026.04.04 22:14:43 INFO  Progress (4): 7.7/12 MB | 1.1/1.9 MB | 28 kB | 25/87 kB 
2026.04.04 22:14:43 INFO  Progress (4): 7.7/12 MB | 1.1/1.9 MB | 28 kB | 25/87 kB
2026.04.04 22:14:43 INFO  Progress (4): 7.7/12 MB | 1.1/1.9 MB | 28 kB | 25/87 kB
2026.04.04 22:14:43 INFO  Progress (4): 7.7/12 MB | 1.1/1.9 MB | 28 kB | 25/87 kB
2026.04.04 22:14:43 INFO  Progress (4): 7.7/12 MB | 1.1/1.9 MB | 28 kB | 41/87 kB
2026.04.04 22:14:43 INFO  Progress (5): 7.7/12 MB | 1.1/1.9 MB | 28 kB | 41/87 kB | 7.7/228 kB
2026.04.04 22:14:43 INFO  Progress (5): 7.7/12 MB | 1.1/1.9 MB | 28 kB | 41/87 kB | 16/228 kB 
2026.04.04 22:14:43 INFO  Progress (5): 7.7/12 MB | 1.1/1.9 MB | 28 kB | 41/87 kB | 25/228 kB
2026.04.04 22:14:43 INFO  Progress (5): 7.8/12 MB | 1.1/1.9 MB | 28 kB | 41/87 kB | 25/228 kB
2026.04.04 22:14:43 INFO  Progress (5): 7.8/12 MB | 1.1/1.9 MB | 28 kB | 41/87 kB | 25/228 kB
2026.04.04 22:14:43 INFO  Progress (5): 7.8/12 MB | 1.1/1.9 MB | 28 kB | 57/87 kB | 25/228 kB
2026.04.04 22:14:43 INFO  Progress (5): 7.8/12 MB | 1.1/1.9 MB | 28 kB | 57/87 kB | 41/228 kB
2026.04.04 22:14:43 INFO  Progress (5): 7.8/12 MB | 1.1/1.9 MB | 28 kB | 57/87 kB | 41/228 kB
2026.04.04 22:14:43 INFO  Progress (5): 7.8/12 MB | 1.1/1.9 MB | 28 kB | 57/87 kB | 41/228 kB
2026.04.04 22:14:43 INFO  Progress (5): 7.8/12 MB | 1.1/1.9 MB | 28 kB | 57/87 kB | 41/228 kB
2026.04.04 22:14:43 INFO  Progress (5): 7.8/12 MB | 1.1/1.9 MB | 28 kB | 74/87 kB | 41/228 kB
2026.04.04 22:14:43 INFO  Progress (5): 7.8/12 MB | 1.1/1.9 MB | 28 kB | 74/87 kB | 57/228 kB
2026.04.04 22:14:43 INFO  Progress (5): 7.8/12 MB | 1.1/1.9 MB | 28 kB | 74/87 kB | 57/228 kB
2026.04.04 22:14:43 INFO  Progress (5): 7.8/12 MB | 1.1/1.9 MB | 28 kB | 87 kB | 57/228 kB   
2026.04.04 22:14:43 INFO  Progress (5): 7.8/12 MB | 1.1/1.9 MB | 28 kB | 87 kB | 57/228 kB
2026.04.04 22:14:43 INFO  Progress (5): 7.8/12 MB | 1.1/1.9 MB | 28 kB | 87 kB | 74/228 kB
2026.04.04 22:14:43 INFO  Progress (5): 7.9/12 MB | 1.1/1.9 MB | 28 kB | 87 kB | 74/228 kB
2026.04.04 22:14:43 INFO  Progress (5): 7.9/12 MB | 1.1/1.9 MB | 28 kB | 87 kB | 74/228 kB
2026.04.04 22:14:43 INFO  Progress (5): 7.9/12 MB | 1.1/1.9 MB | 28 kB | 87 kB | 90/228 kB
2026.04.04 22:14:43 INFO  Progress (5): 7.9/12 MB | 1.1/1.9 MB | 28 kB | 87 kB | 98/228 kB
2026.04.04 22:14:43 INFO  Progress (5): 7.9/12 MB | 1.1/1.9 MB | 28 kB | 87 kB | 98/228 kB
2026.04.04 22:14:43 INFO  Progress (5): 7.9/12 MB | 1.2/1.9 MB | 28 kB | 87 kB | 98/228 kB
2026.04.04 22:14:43 INFO  Progress (5): 7.9/12 MB | 1.2/1.9 MB | 28 kB | 87 kB | 98/228 kB
2026.04.04 22:14:43 INFO  Progress (5): 7.9/12 MB | 1.2/1.9 MB | 28 kB | 87 kB | 115/228 kB
2026.04.04 22:14:43 INFO  Progress (5): 7.9/12 MB | 1.2/1.9 MB | 28 kB | 87 kB | 115/228 kB
2026.04.04 22:14:43 INFO  Progress (5): 7.9/12 MB | 1.2/1.9 MB | 28 kB | 87 kB | 115/228 kB
2026.04.04 22:14:43 INFO  Progress (5): 7.9/12 MB | 1.2/1.9 MB | 28 kB | 87 kB | 131/228 kB
2026.04.04 22:14:43 INFO  Progress (5): 8.0/12 MB | 1.2/1.9 MB | 28 kB | 87 kB | 131/228 kB
2026.04.04 22:14:43 INFO  Progress (5): 8.0/12 MB | 1.2/1.9 MB | 28 kB | 87 kB | 131/228 kB
2026.04.04 22:14:43 INFO  Progress (5): 8.0/12 MB | 1.2/1.9 MB | 28 kB | 87 kB | 131/228 kB
2026.04.04 22:14:43 INFO  Progress (5): 8.0/12 MB | 1.2/1.9 MB | 28 kB | 87 kB | 147/228 kB
2026.04.04 22:14:43 INFO  Progress (5): 8.0/12 MB | 1.2/1.9 MB | 28 kB | 87 kB | 147/228 kB
2026.04.04 22:14:43 INFO  Progress (5): 8.0/12 MB | 1.2/1.9 MB | 28 kB | 87 kB | 164/228 kB
2026.04.04 22:14:43 INFO  Progress (5): 8.0/12 MB | 1.2/1.9 MB | 28 kB | 87 kB | 164/228 kB
2026.04.04 22:14:43 INFO  Progress (5): 8.0/12 MB | 1.2/1.9 MB | 28 kB | 87 kB | 164/228 kB
2026.04.04 22:14:43 INFO  Progress (5): 8.0/12 MB | 1.2/1.9 MB | 28 kB | 87 kB | 180/228 kB
2026.04.04 22:14:43 INFO  Progress (5): 8.0/12 MB | 1.2/1.9 MB | 28 kB | 87 kB | 180/228 kB
2026.04.04 22:14:43 INFO  Progress (5): 8.0/12 MB | 1.2/1.9 MB | 28 kB | 87 kB | 197/228 kB
2026.04.04 22:14:43 INFO  Progress (5): 8.1/12 MB | 1.2/1.9 MB | 28 kB | 87 kB | 197/228 kB
2026.04.04 22:14:43 INFO  Progress (5): 8.1/12 MB | 1.2/1.9 MB | 28 kB | 87 kB | 197/228 kB
2026.04.04 22:14:43 INFO  Progress (5): 8.1/12 MB | 1.2/1.9 MB | 28 kB | 87 kB | 197/228 kB
2026.04.04 22:14:43 INFO                                                                   
2026.04.04 22:14:43 INFO  Downloaded from central: https://repo.maven.apache.org/maven2/org/scala-sbt/core-macros_2.13/1.8.0/core-macros_2.13-1.8.0.jar (87 kB at 30 kB/s)
2026.04.04 22:14:43 INFO  Downloading from central: https://repo.maven.apache.org/maven2/org/scala-lang/scala-reflect/2.13.8/scala-reflect-2.13.8.jar
2026.04.04 22:14:43 INFO  Progress (4): 8.1/12 MB | 1.2/1.9 MB | 28 kB | 213/228 kB
2026.04.04 22:14:43 INFO  Progress (4): 8.1/12 MB | 1.2/1.9 MB | 28 kB | 213/228 kB
2026.04.04 22:14:43 INFO  Progress (4): 8.1/12 MB | 1.2/1.9 MB | 28 kB | 213/228 kB
2026.04.04 22:14:43 INFO  Progress (4): 8.1/12 MB | 1.2/1.9 MB | 28 kB | 228 kB    
2026.04.04 22:14:43 INFO  Progress (4): 8.1/12 MB | 1.2/1.9 MB | 28 kB | 228 kB
2026.04.04 22:14:43 INFO  Progress (4): 8.1/12 MB | 1.2/1.9 MB | 28 kB | 228 kB
2026.04.04 22:14:43 INFO  Progress (4): 8.1/12 MB | 1.2/1.9 MB | 28 kB | 228 kB
2026.04.04 22:14:43 INFO  Progress (4): 8.1/12 MB | 1.2/1.9 MB | 28 kB | 228 kB
2026.04.04 22:14:43 INFO  Progress (4): 8.2/12 MB | 1.2/1.9 MB | 28 kB | 228 kB
2026.04.04 22:14:43 INFO  Progress (4): 8.2/12 MB | 1.2/1.9 MB | 28 kB | 228 kB
2026.04.04 22:14:43 INFO  Progress (4): 8.2/12 MB | 1.2/1.9 MB | 28 kB | 228 kB
2026.04.04 22:14:43 INFO  Progress (4): 8.2/12 MB | 1.2/1.9 MB | 28 kB | 228 kB
2026.04.04 22:14:43 INFO  Progress (4): 8.2/12 MB | 1.2/1.9 MB | 28 kB | 228 kB
2026.04.04 22:14:43 INFO  Progress (4): 8.2/12 MB | 1.2/1.9 MB | 28 kB | 228 kB
2026.04.04 22:14:43 INFO  Progress (4): 8.2/12 MB | 1.2/1.9 MB | 28 kB | 228 kB
2026.04.04 22:14:43 INFO  Progress (4): 8.3/12 MB | 1.2/1.9 MB | 28 kB | 228 kB
2026.04.04 22:14:43 INFO  Progress (4): 8.3/12 MB | 1.2/1.9 MB | 28 kB | 228 kB
2026.04.04 22:14:43 INFO  Progress (4): 8.3/12 MB | 1.2/1.9 MB | 28 kB | 228 kB
2026.04.04 22:14:43 INFO  Progress (4): 8.3/12 MB | 1.2/1.9 MB | 28 kB | 228 kB
2026.04.04 22:14:43 INFO  Progress (4): 8.3/12 MB | 1.2/1.9 MB | 28 kB | 228 kB
2026.04.04 22:14:43 INFO  Progress (4): 8.3/12 MB | 1.2/1.9 MB | 28 kB | 228 kB
2026.04.04 22:14:43 INFO  Progress (4): 8.3/12 MB | 1.2/1.9 MB | 28 kB | 228 kB
2026.04.04 22:14:43 INFO  Progress (4): 8.3/12 MB | 1.3/1.9 MB | 28 kB | 228 kB
2026.04.04 22:14:43 INFO  Progress (4): 8.4/12 MB | 1.3/1.9 MB | 28 kB | 228 kB
2026.04.04 22:14:43 INFO  Progress (4): 8.4/12 MB | 1.3/1.9 MB | 28 kB | 228 kB
2026.04.04 22:14:43 INFO  Progress (4): 8.4/12 MB | 1.3/1.9 MB | 28 kB | 228 kB
2026.04.04 22:14:43 INFO  Progress (4): 8.4/12 MB | 1.3/1.9 MB | 28 kB | 228 kB
2026.04.04 22:14:43 INFO  Progress (4): 8.4/12 MB | 1.3/1.9 MB | 28 kB | 228 kB
2026.04.04 22:14:43 INFO  Progress (4): 8.4/12 MB | 1.3/1.9 MB | 28 kB | 228 kB
2026.04.04 22:14:43 INFO  Progress (4): 8.4/12 MB | 1.3/1.9 MB | 28 kB | 228 kB
2026.04.04 22:14:43 INFO  Progress (4): 8.4/12 MB | 1.3/1.9 MB | 28 kB | 228 kB
2026.04.04 22:14:43 INFO  Progress (4): 8.5/12 MB | 1.3/1.9 MB | 28 kB | 228 kB
2026.04.04 22:14:43 INFO  Progress (4): 8.5/12 MB | 1.3/1.9 MB | 28 kB | 228 kB
2026.04.04 22:14:43 INFO  Progress (4): 8.5/12 MB | 1.3/1.9 MB | 28 kB | 228 kB
2026.04.04 22:14:43 INFO  Progress (4): 8.5/12 MB | 1.3/1.9 MB | 28 kB | 228 kB
2026.04.04 22:14:43 INFO  Progress (4): 8.5/12 MB | 1.3/1.9 MB | 28 kB | 228 kB
2026.04.04 22:14:43 INFO  Progress (4): 8.5/12 MB | 1.3/1.9 MB | 28 kB | 228 kB
2026.04.04 22:14:43 INFO  Progress (4): 8.5/12 MB | 1.3/1.9 MB | 28 kB | 228 kB
2026.04.04 22:14:43 INFO  Progress (4): 8.5/12 MB | 1.3/1.9 MB | 28 kB | 228 kB
2026.04.04 22:14:43 INFO  Progress (4): 8.6/12 MB | 1.3/1.9 MB | 28 kB | 228 kB
2026.04.04 22:14:43 INFO                                                       
2026.04.04 22:14:43 INFO  Downloaded from central: https://repo.maven.apache.org/maven2/org/jline/jline-terminal/3.19.0/jline-terminal-3.19.0.jar (228 kB at 79 kB/s)
2026.04.04 22:14:43 INFO  Downloading from central: https://repo.maven.apache.org/maven2/org/scala-sbt/util-relation_2.13/1.8.0/util-relation_2.13-1.8.0.jar
2026.04.04 22:14:43 INFO  Progress (3): 8.6/12 MB | 1.3/1.9 MB | 28 kB
2026.04.04 22:14:43 INFO  Progress (3): 8.6/12 MB | 1.3/1.9 MB | 28 kB
2026.04.04 22:14:43 INFO  Progress (3): 8.6/12 MB | 1.3/1.9 MB | 28 kB
2026.04.04 22:14:43 INFO  Progress (3): 8.6/12 MB | 1.3/1.9 MB | 28 kB
2026.04.04 22:14:43 INFO  Progress (4): 8.6/12 MB | 1.3/1.9 MB | 28 kB | 0/3.8 MB
2026.04.04 22:14:43 INFO  Progress (4): 8.6/12 MB | 1.3/1.9 MB | 28 kB | 0/3.8 MB
2026.04.04 22:14:43 INFO  Progress (4): 8.6/12 MB | 1.3/1.9 MB | 28 kB | 0/3.8 MB
2026.04.04 22:14:43 INFO  Progress (4): 8.6/12 MB | 1.3/1.9 MB | 28 kB | 0/3.8 MB
2026.04.04 22:14:43 INFO  Progress (4): 8.6/12 MB | 1.3/1.9 MB | 28 kB | 0/3.8 MB
2026.04.04 22:14:43 INFO  Progress (4): 8.6/12 MB | 1.3/1.9 MB | 28 kB | 0/3.8 MB
2026.04.04 22:14:43 INFO  Progress (4): 8.6/12 MB | 1.3/1.9 MB | 28 kB | 0/3.8 MB
2026.04.04 22:14:43 INFO  Progress (4): 8.6/12 MB | 1.3/1.9 MB | 28 kB | 0/3.8 MB
2026.04.04 22:14:43 INFO  Progress (4): 8.7/12 MB | 1.3/1.9 MB | 28 kB | 0/3.8 MB
2026.04.04 22:14:43 INFO  Progress (4): 8.7/12 MB | 1.3/1.9 MB | 28 kB | 0/3.8 MB
2026.04.04 22:14:43 INFO  Progress (4): 8.7/12 MB | 1.3/1.9 MB | 28 kB | 0.1/3.8 MB
2026.04.04 22:14:43 INFO  Progress (4): 8.7/12 MB | 1.3/1.9 MB | 28 kB | 0.1/3.8 MB
2026.04.04 22:14:43 INFO  Progress (4): 8.7/12 MB | 1.3/1.9 MB | 28 kB | 0.1/3.8 MB
2026.04.04 22:14:43 INFO  Progress (4): 8.7/12 MB | 1.3/1.9 MB | 28 kB | 0.1/3.8 MB
2026.04.04 22:14:43 INFO  Progress (4): 8.7/12 MB | 1.3/1.9 MB | 28 kB | 0.1/3.8 MB
2026.04.04 22:14:43 INFO  Progress (4): 8.7/12 MB | 1.3/1.9 MB | 28 kB | 0.1/3.8 MB
2026.04.04 22:14:43 INFO  Progress (4): 8.7/12 MB | 1.3/1.9 MB | 28 kB | 0.1/3.8 MB
2026.04.04 22:14:43 INFO  Progress (4): 8.7/12 MB | 1.3/1.9 MB | 28 kB | 0.1/3.8 MB
2026.04.04 22:14:43 INFO  Progress (4): 8.8/12 MB | 1.3/1.9 MB | 28 kB | 0.1/3.8 MB
2026.04.04 22:14:43 INFO  Progress (4): 8.8/12 MB | 1.3/1.9 MB | 28 kB | 0.1/3.8 MB
2026.04.04 22:14:43 INFO  Progress (4): 8.8/12 MB | 1.3/1.9 MB | 28 kB | 0.1/3.8 MB
2026.04.04 22:14:43 INFO  Progress (4): 8.8/12 MB | 1.3/1.9 MB | 28 kB | 0.1/3.8 MB
2026.04.04 22:14:43 INFO  Progress (4): 8.8/12 MB | 1.3/1.9 MB | 28 kB | 0.1/3.8 MB
2026.04.04 22:14:43 INFO  Progress (4): 8.8/12 MB | 1.3/1.9 MB | 28 kB | 0.1/3.8 MB
2026.04.04 22:14:43 INFO  Progress (4): 8.8/12 MB | 1.4/1.9 MB | 28 kB | 0.1/3.8 MB
2026.04.04 22:14:43 INFO  Progress (4): 8.8/12 MB | 1.4/1.9 MB | 28 kB | 0.1/3.8 MB
2026.04.04 22:14:43 INFO  Progress (4): 8.8/12 MB | 1.4/1.9 MB | 28 kB | 0.1/3.8 MB
2026.04.04 22:14:43 INFO  Progress (4): 8.8/12 MB | 1.4/1.9 MB | 28 kB | 0.1/3.8 MB
2026.04.04 22:14:43 INFO  Progress (4): 8.9/12 MB | 1.4/1.9 MB | 28 kB | 0.1/3.8 MB
2026.04.04 22:14:43 INFO  Progress (4): 8.9/12 MB | 1.4/1.9 MB | 28 kB | 0.1/3.8 MB
2026.04.04 22:14:43 INFO  Progress (4): 8.9/12 MB | 1.4/1.9 MB | 28 kB | 0.1/3.8 MB
2026.04.04 22:14:43 INFO  Progress (4): 8.9/12 MB | 1.4/1.9 MB | 28 kB | 0.1/3.8 MB
2026.04.04 22:14:43 INFO  Progress (4): 8.9/12 MB | 1.4/1.9 MB | 28 kB | 0.1/3.8 MB
2026.04.04 22:14:43 INFO  Progress (4): 8.9/12 MB | 1.4/1.9 MB | 28 kB | 0.1/3.8 MB
2026.04.04 22:14:43 INFO  Progress (4): 8.9/12 MB | 1.4/1.9 MB | 28 kB | 0.1/3.8 MB
2026.04.04 22:14:43 INFO  Progress (4): 8.9/12 MB | 1.4/1.9 MB | 28 kB | 0.1/3.8 MB
2026.04.04 22:14:43 INFO  Progress (4): 8.9/12 MB | 1.4/1.9 MB | 28 kB | 0.2/3.8 MB
2026.04.04 22:14:43 INFO  Progress (4): 9.0/12 MB | 1.4/1.9 MB | 28 kB | 0.2/3.8 MB
2026.04.04 22:14:43 INFO  Progress (4): 9.0/12 MB | 1.4/1.9 MB | 28 kB | 0.2/3.8 MB
2026.04.04 22:14:43 INFO  Progress (4): 9.0/12 MB | 1.4/1.9 MB | 28 kB | 0.2/3.8 MB
2026.04.04 22:14:43 INFO  Progress (4): 9.0/12 MB | 1.4/1.9 MB | 28 kB | 0.2/3.8 MB
2026.04.04 22:14:43 INFO  Progress (4): 9.0/12 MB | 1.4/1.9 MB | 28 kB | 0.2/3.8 MB
2026.04.04 22:14:43 INFO  Progress (4): 9.0/12 MB | 1.4/1.9 MB | 28 kB | 0.2/3.8 MB
2026.04.04 22:14:43 INFO  Progress (4): 9.0/12 MB | 1.4/1.9 MB | 28 kB | 0.2/3.8 MB
2026.04.04 22:14:43 INFO  Progress (4): 9.0/12 MB | 1.4/1.9 MB | 28 kB | 0.2/3.8 MB
2026.04.04 22:14:43 INFO  Progress (4): 9.0/12 MB | 1.4/1.9 MB | 28 kB | 0.2/3.8 MB
2026.04.04 22:14:43 INFO  Progress (4): 9.0/12 MB | 1.4/1.9 MB | 28 kB | 0.2/3.8 MB
2026.04.04 22:14:43 INFO  Progress (4): 9.0/12 MB | 1.4/1.9 MB | 28 kB | 0.2/3.8 MB
2026.04.04 22:14:43 INFO  Progress (4): 9.1/12 MB | 1.4/1.9 MB | 28 kB | 0.2/3.8 MB
2026.04.04 22:14:43 INFO  Progress (5): 9.1/12 MB | 1.4/1.9 MB | 28 kB | 0.2/3.8 MB | 7.7/15 kB
2026.04.04 22:14:43 INFO  Progress (5): 9.1/12 MB | 1.4/1.9 MB | 28 kB | 0.2/3.8 MB | 12/15 kB 
2026.04.04 22:14:43 INFO  Progress (5): 9.1/12 MB | 1.4/1.9 MB | 28 kB | 0.2/3.8 MB | 15 kB   
2026.04.04 22:14:43 INFO  Progress (5): 9.1/12 MB | 1.4/1.9 MB | 28 kB | 0.2/3.8 MB | 15 kB
2026.04.04 22:14:43 INFO  Progress (5): 9.1/12 MB | 1.4/1.9 MB | 28 kB | 0.2/3.8 MB | 15 kB
2026.04.04 22:14:43 INFO  Progress (5): 9.1/12 MB | 1.4/1.9 MB | 28 kB | 0.2/3.8 MB | 15 kB
2026.04.04 22:14:43 INFO  Progress (5): 9.1/12 MB | 1.4/1.9 MB | 28 kB | 0.2/3.8 MB | 15 kB
2026.04.04 22:14:43 INFO  Progress (5): 9.1/12 MB | 1.4/1.9 MB | 28 kB | 0.2/3.8 MB | 15 kB
2026.04.04 22:14:43 INFO  Progress (5): 9.1/12 MB | 1.4/1.9 MB | 28 kB | 0.2/3.8 MB | 15 kB
2026.04.04 22:14:43 INFO  Progress (5): 9.1/12 MB | 1.4/1.9 MB | 28 kB | 0.2/3.8 MB | 15 kB
2026.04.04 22:14:43 INFO  Progress (5): 9.1/12 MB | 1.4/1.9 MB | 28 kB | 0.2/3.8 MB | 15 kB
2026.04.04 22:14:43 INFO  Progress (5): 9.1/12 MB | 1.4/1.9 MB | 28 kB | 0.3/3.8 MB | 15 kB
2026.04.04 22:14:43 INFO  Progress (5): 9.2/12 MB | 1.4/1.9 MB | 28 kB | 0.3/3.8 MB | 15 kB
2026.04.04 22:14:43 INFO  Progress (5): 9.2/12 MB | 1.4/1.9 MB | 28 kB | 0.3/3.8 MB | 15 kB
2026.04.04 22:14:43 INFO  Progress (5): 9.2/12 MB | 1.4/1.9 MB | 28 kB | 0.3/3.8 MB | 15 kB
2026.04.04 22:14:43 INFO  Progress (5): 9.2/12 MB | 1.4/1.9 MB | 28 kB | 0.3/3.8 MB | 15 kB
2026.04.04 22:14:43 INFO  Progress (5): 9.2/12 MB | 1.4/1.9 MB | 28 kB | 0.3/3.8 MB | 15 kB
2026.04.04 22:14:43 INFO  Progress (5): 9.2/12 MB | 1.4/1.9 MB | 28 kB | 0.3/3.8 MB | 15 kB
2026.04.04 22:14:43 INFO  Progress (5): 9.2/12 MB | 1.4/1.9 MB | 28 kB | 0.3/3.8 MB | 15 kB
2026.04.04 22:14:43 INFO  Progress (5): 9.2/12 MB | 1.4/1.9 MB | 28 kB | 0.3/3.8 MB | 15 kB
2026.04.04 22:14:43 INFO  Progress (5): 9.2/12 MB | 1.5/1.9 MB | 28 kB | 0.3/3.8 MB | 15 kB
2026.04.04 22:14:43 INFO  Progress (5): 9.2/12 MB | 1.5/1.9 MB | 28 kB | 0.3/3.8 MB | 15 kB
2026.04.04 22:14:43 INFO  Progress (5): 9.3/12 MB | 1.5/1.9 MB | 28 kB | 0.3/3.8 MB | 15 kB
2026.04.04 22:14:43 INFO  Progress (5): 9.3/12 MB | 1.5/1.9 MB | 28 kB | 0.3/3.8 MB | 15 kB
2026.04.04 22:14:43 INFO  Progress (5): 9.3/12 MB | 1.5/1.9 MB | 28 kB | 0.3/3.8 MB | 15 kB
2026.04.04 22:14:43 INFO  Progress (5): 9.3/12 MB | 1.5/1.9 MB | 28 kB | 0.3/3.8 MB | 15 kB
2026.04.04 22:14:43 INFO  Progress (5): 9.3/12 MB | 1.5/1.9 MB | 28 kB | 0.3/3.8 MB | 15 kB
2026.04.04 22:14:43 INFO  Progress (5): 9.3/12 MB | 1.5/1.9 MB | 28 kB | 0.3/3.8 MB | 15 kB
2026.04.04 22:14:43 INFO  Progress (5): 9.3/12 MB | 1.5/1.9 MB | 28 kB | 0.3/3.8 MB | 15 kB
2026.04.04 22:14:43 INFO  Progress (5): 9.3/12 MB | 1.5/1.9 MB | 28 kB | 0.3/3.8 MB | 15 kB
2026.04.04 22:14:43 INFO  Progress (5): 9.3/12 MB | 1.5/1.9 MB | 28 kB | 0.3/3.8 MB | 15 kB
2026.04.04 22:14:43 INFO  Progress (5): 9.4/12 MB | 1.5/1.9 MB | 28 kB | 0.3/3.8 MB | 15 kB
2026.04.04 22:14:43 INFO  Progress (5): 9.4/12 MB | 1.5/1.9 MB | 28 kB | 0.3/3.8 MB | 15 kB
2026.04.04 22:14:43 INFO  Progress (5): 9.4/12 MB | 1.5/1.9 MB | 28 kB | 0.3/3.8 MB | 15 kB
2026.04.04 22:14:43 INFO  Progress (5): 9.4/12 MB | 1.5/1.9 MB | 28 kB | 0.3/3.8 MB | 15 kB
2026.04.04 22:14:43 INFO  Progress (5): 9.4/12 MB | 1.5/1.9 MB | 28 kB | 0.3/3.8 MB | 15 kB
2026.04.04 22:14:43 INFO  Progress (5): 9.4/12 MB | 1.5/1.9 MB | 28 kB | 0.3/3.8 MB | 15 kB
2026.04.04 22:14:43 INFO  Progress (5): 9.4/12 MB | 1.5/1.9 MB | 28 kB | 0.3/3.8 MB | 15 kB
2026.04.04 22:14:43 INFO  Progress (5): 9.4/12 MB | 1.5/1.9 MB | 28 kB | 0.4/3.8 MB | 15 kB
2026.04.04 22:14:43 INFO  Progress (5): 9.4/12 MB | 1.5/1.9 MB | 28 kB | 0.4/3.8 MB | 15 kB
2026.04.04 22:14:43 INFO  Progress (5): 9.5/12 MB | 1.5/1.9 MB | 28 kB | 0.4/3.8 MB | 15 kB
2026.04.04 22:14:43 INFO  Progress (5): 9.5/12 MB | 1.5/1.9 MB | 28 kB | 0.4/3.8 MB | 15 kB
2026.04.04 22:14:43 INFO  Progress (5): 9.5/12 MB | 1.5/1.9 MB | 28 kB | 0.4/3.8 MB | 15 kB
2026.04.04 22:14:43 INFO  Progress (5): 9.5/12 MB | 1.5/1.9 MB | 28 kB | 0.4/3.8 MB | 15 kB
2026.04.04 22:14:43 INFO  Progress (5): 9.5/12 MB | 1.5/1.9 MB | 28 kB | 0.4/3.8 MB | 15 kB
2026.04.04 22:14:43 INFO  Progress (5): 9.5/12 MB | 1.5/1.9 MB | 28 kB | 0.4/3.8 MB | 15 kB
2026.04.04 22:14:43 INFO  Progress (5): 9.5/12 MB | 1.5/1.9 MB | 28 kB | 0.4/3.8 MB | 15 kB
2026.04.04 22:14:43 INFO  Progress (5): 9.5/12 MB | 1.5/1.9 MB | 28 kB | 0.4/3.8 MB | 15 kB
2026.04.04 22:14:43 INFO  Progress (5): 9.5/12 MB | 1.5/1.9 MB | 28 kB | 0.4/3.8 MB | 15 kB
2026.04.04 22:14:43 INFO  Progress (5): 9.5/12 MB | 1.5/1.9 MB | 28 kB | 0.4/3.8 MB | 15 kB
2026.04.04 22:14:43 INFO  Progress (5): 9.6/12 MB | 1.5/1.9 MB | 28 kB | 0.4/3.8 MB | 15 kB
2026.04.04 22:14:43 INFO  Progress (5): 9.6/12 MB | 1.5/1.9 MB | 28 kB | 0.4/3.8 MB | 15 kB
2026.04.04 22:14:43 INFO  Progress (5): 9.6/12 MB | 1.5/1.9 MB | 28 kB | 0.4/3.8 MB | 15 kB
2026.04.04 22:14:43 INFO  Progress (5): 9.6/12 MB | 1.5/1.9 MB | 28 kB | 0.4/3.8 MB | 15 kB
2026.04.04 22:14:43 INFO  Progress (5): 9.6/12 MB | 1.5/1.9 MB | 28 kB | 0.4/3.8 MB | 15 kB
2026.04.04 22:14:43 INFO  Progress (5): 9.6/12 MB | 1.5/1.9 MB | 28 kB | 0.4/3.8 MB | 15 kB
2026.04.04 22:14:43 INFO  Progress (5): 9.6/12 MB | 1.5/1.9 MB | 28 kB | 0.4/3.8 MB | 15 kB
2026.04.04 22:14:43 INFO  Progress (5): 9.6/12 MB | 1.5/1.9 MB | 28 kB | 0.4/3.8 MB | 15 kB
2026.04.04 22:14:43 INFO  Progress (5): 9.6/12 MB | 1.5/1.9 MB | 28 kB | 0.4/3.8 MB | 15 kB
2026.04.04 22:14:43 INFO  Progress (5): 9.6/12 MB | 1.5/1.9 MB | 28 kB | 0.4/3.8 MB | 15 kB
2026.04.04 22:14:43 INFO  Progress (5): 9.6/12 MB | 1.5/1.9 MB | 28 kB | 0.4/3.8 MB | 15 kB
2026.04.04 22:14:43 INFO  Progress (5): 9.7/12 MB | 1.5/1.9 MB | 28 kB | 0.4/3.8 MB | 15 kB
2026.04.04 22:14:43 INFO  Progress (5): 9.7/12 MB | 1.5/1.9 MB | 28 kB | 0.5/3.8 MB | 15 kB
2026.04.04 22:14:43 INFO  Progress (5): 9.7/12 MB | 1.6/1.9 MB | 28 kB | 0.5/3.8 MB | 15 kB
2026.04.04 22:14:43 INFO  Progress (5): 9.7/12 MB | 1.6/1.9 MB | 28 kB | 0.5/3.8 MB | 15 kB
2026.04.04 22:14:43 INFO  Progress (5): 9.7/12 MB | 1.6/1.9 MB | 28 kB | 0.5/3.8 MB | 15 kB
2026.04.04 22:14:43 INFO  Progress (5): 9.7/12 MB | 1.6/1.9 MB | 28 kB | 0.5/3.8 MB | 15 kB
2026.04.04 22:14:43 INFO  Progress (5): 9.7/12 MB | 1.6/1.9 MB | 28 kB | 0.5/3.8 MB | 15 kB
2026.04.04 22:14:43 INFO  Progress (5): 9.7/12 MB | 1.6/1.9 MB | 28 kB | 0.5/3.8 MB | 15 kB
2026.04.04 22:14:43 INFO  Progress (5): 9.7/12 MB | 1.6/1.9 MB | 28 kB | 0.5/3.8 MB | 15 kB
2026.04.04 22:14:43 INFO  Progress (5): 9.7/12 MB | 1.6/1.9 MB | 28 kB | 0.5/3.8 MB | 15 kB
2026.04.04 22:14:43 INFO  Progress (5): 9.7/12 MB | 1.6/1.9 MB | 28 kB | 0.5/3.8 MB | 15 kB
2026.04.04 22:14:43 INFO  Progress (5): 9.7/12 MB | 1.6/1.9 MB | 28 kB | 0.5/3.8 MB | 15 kB
2026.04.04 22:14:43 INFO  Progress (5): 9.7/12 MB | 1.6/1.9 MB | 28 kB | 0.5/3.8 MB | 15 kB
2026.04.04 22:14:43 INFO  Progress (5): 9.8/12 MB | 1.6/1.9 MB | 28 kB | 0.5/3.8 MB | 15 kB
2026.04.04 22:14:43 INFO  Progress (5): 9.8/12 MB | 1.6/1.9 MB | 28 kB | 0.5/3.8 MB | 15 kB
2026.04.04 22:14:43 INFO  Progress (5): 9.8/12 MB | 1.6/1.9 MB | 28 kB | 0.5/3.8 MB | 15 kB
2026.04.04 22:14:43 INFO  Progress (5): 9.8/12 MB | 1.6/1.9 MB | 28 kB | 0.5/3.8 MB | 15 kB
2026.04.04 22:14:43 INFO  Progress (5): 9.8/12 MB | 1.6/1.9 MB | 28 kB | 0.5/3.8 MB | 15 kB
2026.04.04 22:14:43 INFO  Progress (5): 9.8/12 MB | 1.6/1.9 MB | 28 kB | 0.5/3.8 MB | 15 kB
2026.04.04 22:14:43 INFO  Progress (5): 9.8/12 MB | 1.6/1.9 MB | 28 kB | 0.5/3.8 MB | 15 kB
2026.04.04 22:14:43 INFO  Progress (5): 9.8/12 MB | 1.6/1.9 MB | 28 kB | 0.5/3.8 MB | 15 kB
2026.04.04 22:14:43 INFO  Progress (5): 9.8/12 MB | 1.6/1.9 MB | 28 kB | 0.6/3.8 MB | 15 kB
2026.04.04 22:14:43 INFO  Progress (5): 9.8/12 MB | 1.6/1.9 MB | 28 kB | 0.6/3.8 MB | 15 kB
2026.04.04 22:14:43 INFO                                                                   
2026.04.04 22:14:43 INFO  Downloaded from central: https://repo.maven.apache.org/maven2/org/scala-sbt/util-position_2.13/1.8.0/util-position_2.13-1.8.0.jar (28 kB at 9.2 kB/s)
2026.04.04 22:14:43 INFO  Downloading from central: https://repo.maven.apache.org/maven2/org/scala-sbt/zinc-persist_2.13/1.8.0/zinc-persist_2.13-1.8.0.jar
2026.04.04 22:14:43 INFO  Progress (4): 9.9/12 MB | 1.6/1.9 MB | 0.6/3.8 MB | 15 kB
2026.04.04 22:14:43 INFO  Progress (4): 9.9/12 MB | 1.6/1.9 MB | 0.6/3.8 MB | 15 kB
2026.04.04 22:14:43 INFO  Progress (4): 9.9/12 MB | 1.6/1.9 MB | 0.6/3.8 MB | 15 kB
2026.04.04 22:14:43 INFO  Progress (4): 9.9/12 MB | 1.6/1.9 MB | 0.6/3.8 MB | 15 kB
2026.04.04 22:14:43 INFO  Progress (4): 9.9/12 MB | 1.6/1.9 MB | 0.6/3.8 MB | 15 kB
2026.04.04 22:14:43 INFO  Progress (4): 9.9/12 MB | 1.6/1.9 MB | 0.6/3.8 MB | 15 kB
2026.04.04 22:14:43 INFO  Progress (4): 9.9/12 MB | 1.6/1.9 MB | 0.6/3.8 MB | 15 kB
2026.04.04 22:14:43 INFO  Progress (4): 9.9/12 MB | 1.6/1.9 MB | 0.6/3.8 MB | 15 kB
2026.04.04 22:14:43 INFO  Progress (4): 9.9/12 MB | 1.6/1.9 MB | 0.6/3.8 MB | 15 kB
2026.04.04 22:14:44 INFO  Progress (4): 9.9/12 MB | 1.6/1.9 MB | 0.6/3.8 MB | 15 kB
2026.04.04 22:14:44 INFO  Progress (4): 10.0/12 MB | 1.6/1.9 MB | 0.6/3.8 MB | 15 kB
2026.04.04 22:14:44 INFO  Progress (4): 10.0/12 MB | 1.6/1.9 MB | 0.6/3.8 MB | 15 kB
2026.04.04 22:14:44 INFO  Progress (4): 10.0/12 MB | 1.6/1.9 MB | 0.6/3.8 MB | 15 kB
2026.04.04 22:14:44 INFO  Progress (4): 10.0/12 MB | 1.6/1.9 MB | 0.6/3.8 MB | 15 kB
2026.04.04 22:14:44 INFO  Progress (4): 10.0/12 MB | 1.7/1.9 MB | 0.6/3.8 MB | 15 kB
2026.04.04 22:14:44 INFO  Progress (4): 10/12 MB | 1.7/1.9 MB | 0.6/3.8 MB | 15 kB  
2026.04.04 22:14:44 INFO  Progress (4): 10/12 MB | 1.7/1.9 MB | 0.6/3.8 MB | 15 kB
2026.04.04 22:14:44 INFO  Progress (4): 10/12 MB | 1.7/1.9 MB | 0.6/3.8 MB | 15 kB
2026.04.04 22:14:44 INFO  Progress (4): 10/12 MB | 1.7/1.9 MB | 0.6/3.8 MB | 15 kB
2026.04.04 22:14:44 INFO                                                          
2026.04.04 22:14:44 INFO  Downloaded from central: https://repo.maven.apache.org/maven2/org/scala-sbt/util-relation_2.13/1.8.0/util-relation_2.13-1.8.0.jar (15 kB at 4.9 kB/s)
2026.04.04 22:14:44 INFO  Downloading from central: https://repo.maven.apache.org/maven2/org/scala-sbt/zinc-compile-core_2.13/1.8.0/zinc-compile-core_2.13-1.8.0.jar
2026.04.04 22:14:44 INFO  Progress (3): 10/12 MB | 1.7/1.9 MB | 0.6/3.8 MB
2026.04.04 22:14:44 INFO  Progress (3): 10/12 MB | 1.7/1.9 MB | 0.6/3.8 MB
2026.04.04 22:14:44 INFO  Progress (3): 10/12 MB | 1.7/1.9 MB | 0.6/3.8 MB
2026.04.04 22:14:44 INFO  Progress (3): 10/12 MB | 1.7/1.9 MB | 0.6/3.8 MB
2026.04.04 22:14:44 INFO  Progress (3): 10/12 MB | 1.7/1.9 MB | 0.6/3.8 MB
2026.04.04 22:14:44 INFO  Progress (3): 10/12 MB | 1.7/1.9 MB | 0.7/3.8 MB
2026.04.04 22:14:44 INFO  Progress (3): 10/12 MB | 1.7/1.9 MB | 0.7/3.8 MB
2026.04.04 22:14:44 INFO  Progress (3): 10/12 MB | 1.7/1.9 MB | 0.7/3.8 MB
2026.04.04 22:14:44 INFO  Progress (3): 10/12 MB | 1.7/1.9 MB | 0.7/3.8 MB
2026.04.04 22:14:44 INFO  Progress (3): 10/12 MB | 1.7/1.9 MB | 0.7/3.8 MB
2026.04.04 22:14:44 INFO  Progress (3): 10/12 MB | 1.7/1.9 MB | 0.7/3.8 MB
2026.04.04 22:14:44 INFO  Progress (3): 10/12 MB | 1.7/1.9 MB | 0.7/3.8 MB
2026.04.04 22:14:44 INFO  Progress (3): 10/12 MB | 1.7/1.9 MB | 0.7/3.8 MB
2026.04.04 22:14:44 INFO  Progress (3): 10/12 MB | 1.7/1.9 MB | 0.7/3.8 MB
2026.04.04 22:14:44 INFO  Progress (3): 10/12 MB | 1.7/1.9 MB | 0.7/3.8 MB
2026.04.04 22:14:44 INFO  Progress (3): 10/12 MB | 1.7/1.9 MB | 0.7/3.8 MB
2026.04.04 22:14:44 INFO  Progress (3): 10/12 MB | 1.7/1.9 MB | 0.7/3.8 MB
2026.04.04 22:14:44 INFO  Progress (3): 10/12 MB | 1.7/1.9 MB | 0.7/3.8 MB
2026.04.04 22:14:44 INFO  Progress (3): 10/12 MB | 1.7/1.9 MB | 0.7/3.8 MB
2026.04.04 22:14:44 INFO  Progress (3): 10/12 MB | 1.7/1.9 MB | 0.7/3.8 MB
2026.04.04 22:14:44 INFO  Progress (3): 10/12 MB | 1.7/1.9 MB | 0.7/3.8 MB
2026.04.04 22:14:44 INFO  Progress (3): 10/12 MB | 1.7/1.9 MB | 0.7/3.8 MB
2026.04.04 22:14:44 INFO  Progress (3): 10/12 MB | 1.7/1.9 MB | 0.7/3.8 MB
2026.04.04 22:14:44 INFO  Progress (3): 10/12 MB | 1.7/1.9 MB | 0.7/3.8 MB
2026.04.04 22:14:44 INFO  Progress (3): 10/12 MB | 1.7/1.9 MB | 0.7/3.8 MB
2026.04.04 22:14:44 INFO  Progress (3): 10/12 MB | 1.7/1.9 MB | 0.7/3.8 MB
2026.04.04 22:14:44 INFO  Progress (3): 10/12 MB | 1.7/1.9 MB | 0.8/3.8 MB
2026.04.04 22:14:44 INFO  Progress (3): 10/12 MB | 1.7/1.9 MB | 0.8/3.8 MB
2026.04.04 22:14:44 INFO  Progress (3): 10/12 MB | 1.7/1.9 MB | 0.8/3.8 MB
2026.04.04 22:14:44 INFO  Progress (3): 10/12 MB | 1.7/1.9 MB | 0.8/3.8 MB
2026.04.04 22:14:44 INFO  Progress (3): 10/12 MB | 1.7/1.9 MB | 0.8/3.8 MB
2026.04.04 22:14:44 INFO  Progress (3): 10/12 MB | 1.7/1.9 MB | 0.8/3.8 MB
2026.04.04 22:14:44 INFO  Progress (3): 10/12 MB | 1.7/1.9 MB | 0.8/3.8 MB
2026.04.04 22:14:44 INFO  Progress (3): 10/12 MB | 1.7/1.9 MB | 0.8/3.8 MB
2026.04.04 22:14:44 INFO  Progress (3): 10/12 MB | 1.7/1.9 MB | 0.8/3.8 MB
2026.04.04 22:14:44 INFO  Progress (3): 10/12 MB | 1.8/1.9 MB | 0.8/3.8 MB
2026.04.04 22:14:44 INFO  Progress (4): 10/12 MB | 1.8/1.9 MB | 0.8/3.8 MB | 7.7/270 kB
2026.04.04 22:14:44 INFO  Progress (4): 10/12 MB | 1.8/1.9 MB | 0.8/3.8 MB | 12/270 kB 
2026.04.04 22:14:44 INFO  Progress (4): 10/12 MB | 1.8/1.9 MB | 0.8/3.8 MB | 12/270 kB
2026.04.04 22:14:44 INFO  Progress (4): 10/12 MB | 1.8/1.9 MB | 0.8/3.8 MB | 29/270 kB
2026.04.04 22:14:44 INFO  Progress (4): 10/12 MB | 1.8/1.9 MB | 0.8/3.8 MB | 29/270 kB
2026.04.04 22:14:44 INFO  Progress (4): 10/12 MB | 1.8/1.9 MB | 0.8/3.8 MB | 29/270 kB
2026.04.04 22:14:44 INFO  Progress (4): 10/12 MB | 1.8/1.9 MB | 0.8/3.8 MB | 29/270 kB
2026.04.04 22:14:44 INFO  Progress (4): 10/12 MB | 1.8/1.9 MB | 0.8/3.8 MB | 45/270 kB
2026.04.04 22:14:44 INFO  Progress (4): 10/12 MB | 1.8/1.9 MB | 0.8/3.8 MB | 45/270 kB
2026.04.04 22:14:44 INFO  Progress (4): 10/12 MB | 1.8/1.9 MB | 0.8/3.8 MB | 45/270 kB
2026.04.04 22:14:44 INFO  Progress (4): 10/12 MB | 1.8/1.9 MB | 0.8/3.8 MB | 45/270 kB
2026.04.04 22:14:44 INFO  Progress (4): 10/12 MB | 1.8/1.9 MB | 0.8/3.8 MB | 45/270 kB
2026.04.04 22:14:44 INFO  Progress (4): 10/12 MB | 1.8/1.9 MB | 0.8/3.8 MB | 61/270 kB
2026.04.04 22:14:44 INFO  Progress (4): 10/12 MB | 1.8/1.9 MB | 0.8/3.8 MB | 61/270 kB
2026.04.04 22:14:44 INFO  Progress (4): 10/12 MB | 1.8/1.9 MB | 0.8/3.8 MB | 78/270 kB
2026.04.04 22:14:44 INFO  Progress (4): 10/12 MB | 1.8/1.9 MB | 0.8/3.8 MB | 78/270 kB
2026.04.04 22:14:44 INFO  Progress (4): 10/12 MB | 1.8/1.9 MB | 0.8/3.8 MB | 78/270 kB
2026.04.04 22:14:44 INFO  Progress (4): 10/12 MB | 1.8/1.9 MB | 0.8/3.8 MB | 78/270 kB
2026.04.04 22:14:44 INFO  Progress (5): 10/12 MB | 1.8/1.9 MB | 0.8/3.8 MB | 78/270 kB | 7.7/254 kB
2026.04.04 22:14:44 INFO  Progress (5): 10/12 MB | 1.8/1.9 MB | 0.8/3.8 MB | 78/270 kB | 12/254 kB 
2026.04.04 22:14:44 INFO  Progress (5): 10/12 MB | 1.8/1.9 MB | 0.8/3.8 MB | 78/270 kB | 12/254 kB
2026.04.04 22:14:44 INFO  Progress (5): 10/12 MB | 1.8/1.9 MB | 0.9/3.8 MB | 78/270 kB | 12/254 kB
2026.04.04 22:14:44 INFO  Progress (5): 11/12 MB | 1.8/1.9 MB | 0.9/3.8 MB | 78/270 kB | 12/254 kB
2026.04.04 22:14:44 INFO  Progress (5): 11/12 MB | 1.8/1.9 MB | 0.9/3.8 MB | 94/270 kB | 12/254 kB
2026.04.04 22:14:44 INFO  Progress (5): 11/12 MB | 1.8/1.9 MB | 0.9/3.8 MB | 94/270 kB | 29/254 kB
2026.04.04 22:14:44 INFO  Progress (5): 11/12 MB | 1.8/1.9 MB | 0.9/3.8 MB | 94/270 kB | 29/254 kB
2026.04.04 22:14:44 INFO  Progress (5): 11/12 MB | 1.8/1.9 MB | 0.9/3.8 MB | 94/270 kB | 29/254 kB
2026.04.04 22:14:44 INFO  Progress (5): 11/12 MB | 1.8/1.9 MB | 0.9/3.8 MB | 94/270 kB | 29/254 kB
2026.04.04 22:14:44 INFO  Progress (5): 11/12 MB | 1.8/1.9 MB | 0.9/3.8 MB | 111/270 kB | 29/254 kB
2026.04.04 22:14:44 INFO  Progress (5): 11/12 MB | 1.8/1.9 MB | 0.9/3.8 MB | 111/270 kB | 45/254 kB
2026.04.04 22:14:44 INFO  Progress (5): 11/12 MB | 1.8/1.9 MB | 0.9/3.8 MB | 111/270 kB | 45/254 kB
2026.04.04 22:14:44 INFO  Progress (5): 11/12 MB | 1.8/1.9 MB | 0.9/3.8 MB | 111/270 kB | 45/254 kB
2026.04.04 22:14:44 INFO  Progress (5): 11/12 MB | 1.8/1.9 MB | 0.9/3.8 MB | 127/270 kB | 45/254 kB
2026.04.04 22:14:44 INFO  Progress (5): 11/12 MB | 1.8/1.9 MB | 0.9/3.8 MB | 127/270 kB | 61/254 kB
2026.04.04 22:14:44 INFO  Progress (5): 11/12 MB | 1.8/1.9 MB | 0.9/3.8 MB | 127/270 kB | 78/254 kB
2026.04.04 22:14:44 INFO  Progress (5): 11/12 MB | 1.8/1.9 MB | 0.9/3.8 MB | 127/270 kB | 94/254 kB
2026.04.04 22:14:44 INFO  Progress (5): 11/12 MB | 1.8/1.9 MB | 0.9/3.8 MB | 127/270 kB | 94/254 kB
2026.04.04 22:14:44 INFO  Progress (5): 11/12 MB | 1.8/1.9 MB | 0.9/3.8 MB | 127/270 kB | 94/254 kB
2026.04.04 22:14:44 INFO  Progress (5): 11/12 MB | 1.8/1.9 MB | 0.9/3.8 MB | 127/270 kB | 94/254 kB
2026.04.04 22:14:44 INFO  Progress (5): 11/12 MB | 1.8/1.9 MB | 0.9/3.8 MB | 127/270 kB | 94/254 kB
2026.04.04 22:14:44 INFO  Progress (5): 11/12 MB | 1.8/1.9 MB | 0.9/3.8 MB | 127/270 kB | 111/254 kB
2026.04.04 22:14:44 INFO  Progress (5): 11/12 MB | 1.8/1.9 MB | 0.9/3.8 MB | 127/270 kB | 111/254 kB
2026.04.04 22:14:44 INFO  Progress (5): 11/12 MB | 1.8/1.9 MB | 0.9/3.8 MB | 127/270 kB | 111/254 kB
2026.04.04 22:14:44 INFO  Progress (5): 11/12 MB | 1.8/1.9 MB | 0.9/3.8 MB | 143/270 kB | 111/254 kB
2026.04.04 22:14:44 INFO  Progress (5): 11/12 MB | 1.8/1.9 MB | 0.9/3.8 MB | 143/270 kB | 111/254 kB
2026.04.04 22:14:44 INFO  Progress (5): 11/12 MB | 1.8/1.9 MB | 0.9/3.8 MB | 143/270 kB | 127/254 kB
2026.04.04 22:14:44 INFO  Progress (5): 11/12 MB | 1.8/1.9 MB | 0.9/3.8 MB | 143/270 kB | 131/254 kB
2026.04.04 22:14:44 INFO  Progress (5): 11/12 MB | 1.8/1.9 MB | 0.9/3.8 MB | 143/270 kB | 131/254 kB
2026.04.04 22:14:44 INFO  Progress (5): 11/12 MB | 1.8/1.9 MB | 0.9/3.8 MB | 143/270 kB | 131/254 kB
2026.04.04 22:14:44 INFO  Progress (5): 11/12 MB | 1.8/1.9 MB | 0.9/3.8 MB | 143/270 kB | 131/254 kB
2026.04.04 22:14:44 INFO  Progress (5): 11/12 MB | 1.8/1.9 MB | 0.9/3.8 MB | 143/270 kB | 131/254 kB
2026.04.04 22:14:44 INFO  Progress (5): 11/12 MB | 1.8/1.9 MB | 0.9/3.8 MB | 143/270 kB | 147/254 kB
2026.04.04 22:14:44 INFO  Progress (5): 11/12 MB | 1.8/1.9 MB | 0.9/3.8 MB | 143/270 kB | 147/254 kB
2026.04.04 22:14:44 INFO  Progress (5): 11/12 MB | 1.8/1.9 MB | 0.9/3.8 MB | 143/270 kB | 147/254 kB
2026.04.04 22:14:44 INFO  Progress (5): 11/12 MB | 1.8/1.9 MB | 0.9/3.8 MB | 143/270 kB | 147/254 kB
2026.04.04 22:14:44 INFO  Progress (5): 11/12 MB | 1.8/1.9 MB | 0.9/3.8 MB | 160/270 kB | 147/254 kB
2026.04.04 22:14:44 INFO  Progress (5): 11/12 MB | 1.8/1.9 MB | 0.9/3.8 MB | 160/270 kB | 147/254 kB
2026.04.04 22:14:44 INFO  Progress (5): 11/12 MB | 1.9/1.9 MB | 0.9/3.8 MB | 160/270 kB | 147/254 kB
2026.04.04 22:14:44 INFO  Progress (5): 11/12 MB | 1.9/1.9 MB | 0.9/3.8 MB | 160/270 kB | 147/254 kB
2026.04.04 22:14:44 INFO  Progress (5): 11/12 MB | 1.9/1.9 MB | 0.9/3.8 MB | 176/270 kB | 147/254 kB
2026.04.04 22:14:44 INFO  Progress (5): 11/12 MB | 1.9/1.9 MB | 0.9/3.8 MB | 176/270 kB | 147/254 kB
2026.04.04 22:14:44 INFO  Progress (5): 11/12 MB | 1.9 MB | 0.9/3.8 MB | 176/270 kB | 147/254 kB    
2026.04.04 22:14:44 INFO  Progress (5): 11/12 MB | 1.9 MB | 0.9/3.8 MB | 193/270 kB | 147/254 kB
2026.04.04 22:14:44 INFO  Progress (5): 11/12 MB | 1.9 MB | 1.0/3.8 MB | 193/270 kB | 147/254 kB
2026.04.04 22:14:44 INFO  Progress (5): 11/12 MB | 1.9 MB | 1.0/3.8 MB | 193/270 kB | 147/254 kB
2026.04.04 22:14:44 INFO  Progress (5): 11/12 MB | 1.9 MB | 1.0/3.8 MB | 193/270 kB | 147/254 kB
2026.04.04 22:14:44 INFO  Progress (5): 11/12 MB | 1.9 MB | 1.0/3.8 MB | 193/270 kB | 147/254 kB
2026.04.04 22:14:44 INFO  Progress (5): 11/12 MB | 1.9 MB | 1.0/3.8 MB | 193/270 kB | 147/254 kB
2026.04.04 22:14:44 INFO  Progress (5): 11/12 MB | 1.9 MB | 1.0/3.8 MB | 209/270 kB | 147/254 kB
2026.04.04 22:14:44 INFO  Progress (5): 11/12 MB | 1.9 MB | 1.0/3.8 MB | 209/270 kB | 164/254 kB
2026.04.04 22:14:44 INFO  Progress (5): 11/12 MB | 1.9 MB | 1.0/3.8 MB | 209/270 kB | 164/254 kB
2026.04.04 22:14:44 INFO  Progress (5): 11/12 MB | 1.9 MB | 1.0/3.8 MB | 209/270 kB | 164/254 kB
2026.04.04 22:14:44 INFO  Progress (5): 11/12 MB | 1.9 MB | 1.0/3.8 MB | 209/270 kB | 164/254 kB
2026.04.04 22:14:44 INFO  Progress (5): 11/12 MB | 1.9 MB | 1.0/3.8 MB | 209/270 kB | 164/254 kB
2026.04.04 22:14:44 INFO  Progress (5): 11/12 MB | 1.9 MB | 1.0/3.8 MB | 225/270 kB | 164/254 kB
2026.04.04 22:14:44 INFO  Progress (5): 11/12 MB | 1.9 MB | 1.0/3.8 MB | 225/270 kB | 164/254 kB
2026.04.04 22:14:44 INFO  Progress (5): 11/12 MB | 1.9 MB | 1.0/3.8 MB | 225/270 kB | 180/254 kB
2026.04.04 22:14:44 INFO  Progress (5): 11/12 MB | 1.9 MB | 1.0/3.8 MB | 225/270 kB | 180/254 kB
2026.04.04 22:14:44 INFO  Progress (5): 11/12 MB | 1.9 MB | 1.0/3.8 MB | 242/270 kB | 180/254 kB
2026.04.04 22:14:44 INFO  Progress (5): 11/12 MB | 1.9 MB | 1.0/3.8 MB | 242/270 kB | 197/254 kB
2026.04.04 22:14:44 INFO  Progress (5): 11/12 MB | 1.9 MB | 1.0/3.8 MB | 242/270 kB | 197/254 kB
2026.04.04 22:14:44 INFO  Progress (5): 11/12 MB | 1.9 MB | 1.0/3.8 MB | 258/270 kB | 197/254 kB
2026.04.04 22:14:44 INFO  Progress (5): 11/12 MB | 1.9 MB | 1.0/3.8 MB | 258/270 kB | 197/254 kB
2026.04.04 22:14:44 INFO  Progress (5): 11/12 MB | 1.9 MB | 1.0/3.8 MB | 258/270 kB | 213/254 kB
2026.04.04 22:14:44 INFO  Progress (5): 11/12 MB | 1.9 MB | 1.0/3.8 MB | 270 kB | 213/254 kB    
2026.04.04 22:14:44 INFO  Progress (5): 11/12 MB | 1.9 MB | 1.0/3.8 MB | 270 kB | 229/254 kB
2026.04.04 22:14:44 INFO  Progress (5): 11/12 MB | 1.9 MB | 1.0/3.8 MB | 270 kB | 229/254 kB
2026.04.04 22:14:44 INFO  Progress (5): 11/12 MB | 1.9 MB | 1.0/3.8 MB | 270 kB | 246/254 kB
2026.04.04 22:14:44 INFO  Progress (5): 11/12 MB | 1.9 MB | 1.0/3.8 MB | 270 kB | 246/254 kB
2026.04.04 22:14:44 INFO  Progress (5): 11/12 MB | 1.9 MB | 1.0/3.8 MB | 270 kB | 254 kB    
2026.04.04 22:14:44 INFO  Progress (5): 11/12 MB | 1.9 MB | 1.0/3.8 MB | 270 kB | 254 kB
2026.04.04 22:14:44 INFO  Progress (5): 11/12 MB | 1.9 MB | 1.0/3.8 MB | 270 kB | 254 kB
2026.04.04 22:14:44 INFO  Progress (5): 11/12 MB | 1.9 MB | 1.0/3.8 MB | 270 kB | 254 kB
2026.04.04 22:14:44 INFO  Progress (5): 11/12 MB | 1.9 MB | 1.0/3.8 MB | 270 kB | 254 kB
2026.04.04 22:14:44 INFO  Progress (5): 11/12 MB | 1.9 MB | 1.0/3.8 MB | 270 kB | 254 kB
2026.04.04 22:14:44 INFO                                                                
2026.04.04 22:14:44 INFO  Downloaded from central: https://repo.maven.apache.org/maven2/net/java/dev/jna/jna/5.12.0/jna-5.12.0.jar (1.9 MB at 577 kB/s)
2026.04.04 22:14:44 INFO  Downloading from central: https://repo.maven.apache.org/maven2/org/scala-lang/modules/scala-parser-combinators_2.13/1.1.2/scala-parser-combinators_2.13-1.1.2.jar
2026.04.04 22:14:44 INFO  Progress (4): 11/12 MB | 1.0/3.8 MB | 270 kB | 254 kB
2026.04.04 22:14:44 INFO  Progress (4): 11/12 MB | 1.0/3.8 MB | 270 kB | 254 kB
2026.04.04 22:14:44 INFO  Progress (4): 11/12 MB | 1.0/3.8 MB | 270 kB | 254 kB
2026.04.04 22:14:44 INFO  Progress (4): 11/12 MB | 1.1/3.8 MB | 270 kB | 254 kB
2026.04.04 22:14:44 INFO  Progress (4): 11/12 MB | 1.1/3.8 MB | 270 kB | 254 kB
2026.04.04 22:14:44 INFO  Progress (4): 11/12 MB | 1.1/3.8 MB | 270 kB | 254 kB
2026.04.04 22:14:44 INFO  Progress (4): 11/12 MB | 1.1/3.8 MB | 270 kB | 254 kB
2026.04.04 22:14:44 INFO  Progress (4): 11/12 MB | 1.1/3.8 MB | 270 kB | 254 kB
2026.04.04 22:14:44 INFO  Progress (4): 11/12 MB | 1.1/3.8 MB | 270 kB | 254 kB
2026.04.04 22:14:44 INFO  Progress (4): 11/12 MB | 1.1/3.8 MB | 270 kB | 254 kB
2026.04.04 22:14:44 INFO  Progress (4): 11/12 MB | 1.1/3.8 MB | 270 kB | 254 kB
2026.04.04 22:14:44 INFO  Progress (4): 11/12 MB | 1.1/3.8 MB | 270 kB | 254 kB
2026.04.04 22:14:44 INFO  Progress (4): 11/12 MB | 1.1/3.8 MB | 270 kB | 254 kB
2026.04.04 22:14:44 INFO  Progress (4): 11/12 MB | 1.1/3.8 MB | 270 kB | 254 kB
2026.04.04 22:14:44 INFO  Progress (4): 11/12 MB | 1.1/3.8 MB | 270 kB | 254 kB
2026.04.04 22:14:44 INFO  Progress (4): 11/12 MB | 1.1/3.8 MB | 270 kB | 254 kB
2026.04.04 22:14:44 INFO  Progress (4): 11/12 MB | 1.1/3.8 MB | 270 kB | 254 kB
2026.04.04 22:14:44 INFO  Progress (4): 11/12 MB | 1.1/3.8 MB | 270 kB | 254 kB
2026.04.04 22:14:44 INFO  Progress (4): 11/12 MB | 1.1/3.8 MB | 270 kB | 254 kB
2026.04.04 22:14:44 INFO  Progress (4): 11/12 MB | 1.1/3.8 MB | 270 kB | 254 kB
2026.04.04 22:14:44 INFO  Progress (4): 11/12 MB | 1.1/3.8 MB | 270 kB | 254 kB
2026.04.04 22:14:44 INFO  Progress (4): 11/12 MB | 1.1/3.8 MB | 270 kB | 254 kB
2026.04.04 22:14:44 INFO  Progress (4): 11/12 MB | 1.1/3.8 MB | 270 kB | 254 kB
2026.04.04 22:14:44 INFO  Progress (4): 11/12 MB | 1.1/3.8 MB | 270 kB | 254 kB
2026.04.04 22:14:44 INFO  Progress (4): 11/12 MB | 1.1/3.8 MB | 270 kB | 254 kB
2026.04.04 22:14:44 INFO                                                       
2026.04.04 22:14:44 INFO  Downloaded from central: https://repo.maven.apache.org/maven2/org/scala-sbt/zinc-persist_2.13/1.8.0/zinc-persist_2.13-1.8.0.jar (270 kB at 83 kB/s)
2026.04.04 22:14:44 INFO  Downloading from central: https://repo.maven.apache.org/maven2/net/openhft/zero-allocation-hashing/0.10.1/zero-allocation-hashing-0.10.1.jar
2026.04.04 22:14:44 INFO  Progress (3): 11/12 MB | 1.1/3.8 MB | 254 kB
2026.04.04 22:14:44 INFO  Progress (3): 11/12 MB | 1.2/3.8 MB | 254 kB
2026.04.04 22:14:44 INFO  Progress (3): 11/12 MB | 1.2/3.8 MB | 254 kB
2026.04.04 22:14:44 INFO  Progress (3): 11/12 MB | 1.2/3.8 MB | 254 kB
2026.04.04 22:14:44 INFO  Progress (3): 11/12 MB | 1.2/3.8 MB | 254 kB
2026.04.04 22:14:44 INFO                                              
2026.04.04 22:14:44 INFO  Downloaded from central: https://repo.maven.apache.org/maven2/org/scala-sbt/zinc-compile-core_2.13/1.8.0/zinc-compile-core_2.13-1.8.0.jar (254 kB at 78 kB/s)
2026.04.04 22:14:44 INFO  Downloading from central: https://repo.maven.apache.org/maven2/org/scala-sbt/util-control_2.13/1.8.0/util-control_2.13-1.8.0.jar
2026.04.04 22:14:44 INFO  Progress (2): 11/12 MB | 1.2/3.8 MB
2026.04.04 22:14:44 INFO  Progress (2): 11/12 MB | 1.2/3.8 MB
2026.04.04 22:14:44 INFO  Progress (2): 11/12 MB | 1.2/3.8 MB
2026.04.04 22:14:44 INFO  Progress (2): 11/12 MB | 1.2/3.8 MB
2026.04.04 22:14:44 INFO  Progress (2): 11/12 MB | 1.2/3.8 MB
2026.04.04 22:14:44 INFO  Progress (2): 11/12 MB | 1.2/3.8 MB
2026.04.04 22:14:44 INFO  Progress (2): 11/12 MB | 1.2/3.8 MB
2026.04.04 22:14:44 INFO  Progress (2): 11/12 MB | 1.2/3.8 MB
2026.04.04 22:14:44 INFO  Progress (2): 11/12 MB | 1.2/3.8 MB
2026.04.04 22:14:44 INFO  Progress (2): 11/12 MB | 1.2/3.8 MB
2026.04.04 22:14:44 INFO  Progress (3): 11/12 MB | 1.2/3.8 MB | 16/225 kB
2026.04.04 22:14:44 INFO  Progress (3): 11/12 MB | 1.2/3.8 MB | 16/225 kB
2026.04.04 22:14:44 INFO  Progress (3): 11/12 MB | 1.2/3.8 MB | 16/225 kB
2026.04.04 22:14:44 INFO  Progress (3): 11/12 MB | 1.2/3.8 MB | 16/225 kB
2026.04.04 22:14:44 INFO  Progress (3): 11/12 MB | 1.2/3.8 MB | 33/225 kB
2026.04.04 22:14:44 INFO  Progress (3): 11/12 MB | 1.3/3.8 MB | 33/225 kB
2026.04.04 22:14:44 INFO  Progress (3): 11/12 MB | 1.3/3.8 MB | 33/225 kB
2026.04.04 22:14:44 INFO  Progress (3): 11/12 MB | 1.3/3.8 MB | 33/225 kB
2026.04.04 22:14:44 INFO  Progress (3): 11/12 MB | 1.3/3.8 MB | 49/225 kB
2026.04.04 22:14:44 INFO  Progress (3): 11/12 MB | 1.3/3.8 MB | 49/225 kB
2026.04.04 22:14:44 INFO  Progress (3): 11/12 MB | 1.3/3.8 MB | 49/225 kB
2026.04.04 22:14:44 INFO  Progress (3): 11/12 MB | 1.3/3.8 MB | 57/225 kB
2026.04.04 22:14:44 INFO  Progress (3): 12/12 MB | 1.3/3.8 MB | 57/225 kB
2026.04.04 22:14:44 INFO  Progress (3): 12/12 MB | 1.3/3.8 MB | 57/225 kB
2026.04.04 22:14:44 INFO  Progress (3): 12/12 MB | 1.3/3.8 MB | 57/225 kB
2026.04.04 22:14:44 INFO  Progress (3): 12/12 MB | 1.3/3.8 MB | 57/225 kB
2026.04.04 22:14:44 INFO  Progress (3): 12/12 MB | 1.3/3.8 MB | 74/225 kB
2026.04.04 22:14:44 INFO  Progress (3): 12/12 MB | 1.3/3.8 MB | 74/225 kB
2026.04.04 22:14:44 INFO  Progress (3): 12/12 MB | 1.3/3.8 MB | 74/225 kB
2026.04.04 22:14:44 INFO  Progress (3): 12/12 MB | 1.3/3.8 MB | 74/225 kB
2026.04.04 22:14:44 INFO  Progress (3): 12/12 MB | 1.3/3.8 MB | 74/225 kB
2026.04.04 22:14:44 INFO  Progress (3): 12/12 MB | 1.3/3.8 MB | 74/225 kB
2026.04.04 22:14:44 INFO  Progress (3): 12/12 MB | 1.3/3.8 MB | 90/225 kB
2026.04.04 22:14:44 INFO  Progress (3): 12/12 MB | 1.3/3.8 MB | 90/225 kB
2026.04.04 22:14:44 INFO  Progress (3): 12/12 MB | 1.3/3.8 MB | 90/225 kB
2026.04.04 22:14:44 INFO  Progress (3): 12/12 MB | 1.3/3.8 MB | 106/225 kB
2026.04.04 22:14:44 INFO  Progress (3): 12/12 MB | 1.3/3.8 MB | 106/225 kB
2026.04.04 22:14:44 INFO  Progress (3): 12/12 MB | 1.3/3.8 MB | 106/225 kB
2026.04.04 22:14:44 INFO  Progress (3): 12/12 MB | 1.4/3.8 MB | 106/225 kB
2026.04.04 22:14:44 INFO  Progress (3): 12/12 MB | 1.4/3.8 MB | 123/225 kB
2026.04.04 22:14:44 INFO  Progress (4): 12/12 MB | 1.4/3.8 MB | 123/225 kB | 7.7/60 kB
2026.04.04 22:14:44 INFO  Progress (4): 12/12 MB | 1.4/3.8 MB | 123/225 kB | 16/60 kB 
2026.04.04 22:14:44 INFO  Progress (4): 12/12 MB | 1.4/3.8 MB | 123/225 kB | 16/60 kB
2026.04.04 22:14:44 INFO  Progress (4): 12/12 MB | 1.4/3.8 MB | 123/225 kB | 16/60 kB
2026.04.04 22:14:44 INFO  Progress (4): 12/12 MB | 1.4/3.8 MB | 131/225 kB | 16/60 kB
2026.04.04 22:14:44 INFO  Progress (4): 12/12 MB | 1.4/3.8 MB | 131/225 kB | 16/60 kB
2026.04.04 22:14:44 INFO  Progress (4): 12/12 MB | 1.4/3.8 MB | 131/225 kB | 29/60 kB
2026.04.04 22:14:44 INFO  Progress (4): 12/12 MB | 1.4/3.8 MB | 131/225 kB | 29/60 kB
2026.04.04 22:14:44 INFO  Progress (5): 12/12 MB | 1.4/3.8 MB | 131/225 kB | 29/60 kB | 7.7/19 kB
2026.04.04 22:14:44 INFO  Progress (5): 12/12 MB | 1.4/3.8 MB | 131/225 kB | 29/60 kB | 16/19 kB 
2026.04.04 22:14:44 INFO  Progress (5): 12/12 MB | 1.4/3.8 MB | 131/225 kB | 29/60 kB | 16/19 kB
2026.04.04 22:14:44 INFO  Progress (5): 12/12 MB | 1.4/3.8 MB | 131/225 kB | 29/60 kB | 19 kB   
2026.04.04 22:14:44 INFO  Progress (5): 12/12 MB | 1.4/3.8 MB | 131/225 kB | 29/60 kB | 19 kB
2026.04.04 22:14:44 INFO  Progress (5): 12/12 MB | 1.4/3.8 MB | 131/225 kB | 45/60 kB | 19 kB
2026.04.04 22:14:44 INFO  Progress (5): 12/12 MB | 1.4/3.8 MB | 131/225 kB | 45/60 kB | 19 kB
2026.04.04 22:14:44 INFO  Progress (5): 12/12 MB | 1.4/3.8 MB | 147/225 kB | 45/60 kB | 19 kB
2026.04.04 22:14:44 INFO  Progress (5): 12/12 MB | 1.4/3.8 MB | 147/225 kB | 45/60 kB | 19 kB
2026.04.04 22:14:44 INFO  Progress (5): 12/12 MB | 1.4/3.8 MB | 147/225 kB | 60 kB | 19 kB   
2026.04.04 22:14:44 INFO  Progress (5): 12/12 MB | 1.4/3.8 MB | 147/225 kB | 60 kB | 19 kB
2026.04.04 22:14:44 INFO  Progress (5): 12/12 MB | 1.4/3.8 MB | 147/225 kB | 60 kB | 19 kB
2026.04.04 22:14:44 INFO  Progress (5): 12/12 MB | 1.4/3.8 MB | 147/225 kB | 60 kB | 19 kB
2026.04.04 22:14:44 INFO  Progress (5): 12/12 MB | 1.4/3.8 MB | 164/225 kB | 60 kB | 19 kB
2026.04.04 22:14:44 INFO  Progress (5): 12/12 MB | 1.4/3.8 MB | 164/225 kB | 60 kB | 19 kB
2026.04.04 22:14:44 INFO  Progress (5): 12/12 MB | 1.4/3.8 MB | 164/225 kB | 60 kB | 19 kB
2026.04.04 22:14:44 INFO  Progress (5): 12/12 MB | 1.4/3.8 MB | 164/225 kB | 60 kB | 19 kB
2026.04.04 22:14:44 INFO  Progress (5): 12/12 MB | 1.4/3.8 MB | 180/225 kB | 60 kB | 19 kB
2026.04.04 22:14:44 INFO  Progress (5): 12/12 MB | 1.4/3.8 MB | 180/225 kB | 60 kB | 19 kB
2026.04.04 22:14:44 INFO  Progress (5): 12/12 MB | 1.4/3.8 MB | 180/225 kB | 60 kB | 19 kB
2026.04.04 22:14:44 INFO  Progress (5): 12/12 MB | 1.4/3.8 MB | 180/225 kB | 60 kB | 19 kB
2026.04.04 22:14:44 INFO  Progress (5): 12/12 MB | 1.4/3.8 MB | 197/225 kB | 60 kB | 19 kB
2026.04.04 22:14:44 INFO  Progress (5): 12/12 MB | 1.4/3.8 MB | 205/225 kB | 60 kB | 19 kB
2026.04.04 22:14:44 INFO  Progress (5): 12/12 MB | 1.4/3.8 MB | 205/225 kB | 60 kB | 19 kB
2026.04.04 22:14:44 INFO  Progress (5): 12/12 MB | 1.4/3.8 MB | 205/225 kB | 60 kB | 19 kB
2026.04.04 22:14:44 INFO  Progress (5): 12/12 MB | 1.4/3.8 MB | 213/225 kB | 60 kB | 19 kB
2026.04.04 22:14:44 INFO  Progress (5): 12/12 MB | 1.4/3.8 MB | 213/225 kB | 60 kB | 19 kB
2026.04.04 22:14:44 INFO  Progress (5): 12/12 MB | 1.5/3.8 MB | 213/225 kB | 60 kB | 19 kB
2026.04.04 22:14:44 INFO  Progress (5): 12/12 MB | 1.5/3.8 MB | 213/225 kB | 60 kB | 19 kB
2026.04.04 22:14:44 INFO  Progress (5): 12/12 MB | 1.5/3.8 MB | 213/225 kB | 60 kB | 19 kB
2026.04.04 22:14:44 INFO  Progress (5): 12/12 MB | 1.5/3.8 MB | 225 kB | 60 kB | 19 kB    
2026.04.04 22:14:44 INFO  Progress (5): 12/12 MB | 1.5/3.8 MB | 225 kB | 60 kB | 19 kB
2026.04.04 22:14:44 INFO  Progress (5): 12/12 MB | 1.5/3.8 MB | 225 kB | 60 kB | 19 kB
2026.04.04 22:14:44 INFO  Progress (5): 12/12 MB | 1.5/3.8 MB | 225 kB | 60 kB | 19 kB
2026.04.04 22:14:44 INFO  Progress (5): 12/12 MB | 1.5/3.8 MB | 225 kB | 60 kB | 19 kB
2026.04.04 22:14:44 INFO  Progress (5): 12/12 MB | 1.5/3.8 MB | 225 kB | 60 kB | 19 kB
2026.04.04 22:14:44 INFO  Progress (5): 12/12 MB | 1.5/3.8 MB | 225 kB | 60 kB | 19 kB
2026.04.04 22:14:44 INFO  Progress (5): 12/12 MB | 1.5/3.8 MB | 225 kB | 60 kB | 19 kB
2026.04.04 22:14:44 INFO  Progress (5): 12/12 MB | 1.5/3.8 MB | 225 kB | 60 kB | 19 kB
2026.04.04 22:14:44 INFO  Progress (5): 12/12 MB | 1.5/3.8 MB | 225 kB | 60 kB | 19 kB
2026.04.04 22:14:44 INFO                                                              
2026.04.04 22:14:44 INFO  Downloaded from central: https://repo.maven.apache.org/maven2/net/openhft/zero-allocation-hashing/0.10.1/zero-allocation-hashing-0.10.1.jar (60 kB at 18 kB/s)
2026.04.04 22:14:44 INFO  Downloading from central: https://repo.maven.apache.org/maven2/org/scala-sbt/zinc-classfile_2.13/1.8.0/zinc-classfile_2.13-1.8.0.jar
2026.04.04 22:14:44 INFO  Progress (4): 12/12 MB | 1.5/3.8 MB | 225 kB | 19 kB
2026.04.04 22:14:44 INFO  Progress (4): 12/12 MB | 1.5/3.8 MB | 225 kB | 19 kB
2026.04.04 22:14:44 INFO  Progress (4): 12/12 MB | 1.5/3.8 MB | 225 kB | 19 kB
2026.04.04 22:14:44 INFO  Progress (4): 12/12 MB | 1.5/3.8 MB | 225 kB | 19 kB
2026.04.04 22:14:44 INFO  Progress (4): 12/12 MB | 1.6/3.8 MB | 225 kB | 19 kB
2026.04.04 22:14:44 INFO  Progress (4): 12/12 MB | 1.6/3.8 MB | 225 kB | 19 kB
2026.04.04 22:14:44 INFO  Progress (4): 12/12 MB | 1.6/3.8 MB | 225 kB | 19 kB
2026.04.04 22:14:44 INFO  Progress (4): 12 MB | 1.6/3.8 MB | 225 kB | 19 kB   
2026.04.04 22:14:44 INFO  Progress (4): 12 MB | 1.6/3.8 MB | 225 kB | 19 kB
2026.04.04 22:14:44 INFO  Progress (4): 12 MB | 1.6/3.8 MB | 225 kB | 19 kB
2026.04.04 22:14:44 INFO  Progress (4): 12 MB | 1.6/3.8 MB | 225 kB | 19 kB
2026.04.04 22:14:44 INFO  Progress (4): 12 MB | 1.6/3.8 MB | 225 kB | 19 kB
2026.04.04 22:14:44 INFO  Progress (4): 12 MB | 1.6/3.8 MB | 225 kB | 19 kB
2026.04.04 22:14:44 INFO  Progress (4): 12 MB | 1.7/3.8 MB | 225 kB | 19 kB
2026.04.04 22:14:44 INFO  Progress (4): 12 MB | 1.7/3.8 MB | 225 kB | 19 kB
2026.04.04 22:14:44 INFO  Progress (4): 12 MB | 1.7/3.8 MB | 225 kB | 19 kB
2026.04.04 22:14:44 INFO                                                   
2026.04.04 22:14:44 INFO  Downloaded from central: https://repo.maven.apache.org/maven2/org/scala-lang/modules/scala-parser-combinators_2.13/1.1.2/scala-parser-combinators_2.13-1.1.2.jar (225 kB at 66 kB/s)
2026.04.04 22:14:44 INFO  Progress (4): 12 MB | 1.7/3.8 MB | 19 kB | 16/108 kB
2026.04.04 22:14:44 INFO  Progress (4): 12 MB | 1.7/3.8 MB | 19 kB | 16/108 kB
2026.04.04 22:14:44 INFO  Progress (4): 12 MB | 1.7/3.8 MB | 19 kB | 33/108 kB
2026.04.04 22:14:44 INFO  Progress (4): 12 MB | 1.7/3.8 MB | 19 kB | 33/108 kB
2026.04.04 22:14:44 INFO  Progress (4): 12 MB | 1.7/3.8 MB | 19 kB | 49/108 kB
2026.04.04 22:14:44 INFO  Progress (4): 12 MB | 1.7/3.8 MB | 19 kB | 49/108 kB
2026.04.04 22:14:44 INFO  Progress (4): 12 MB | 1.7/3.8 MB | 19 kB | 57/108 kB
2026.04.04 22:14:44 INFO  Progress (4): 12 MB | 1.7/3.8 MB | 19 kB | 74/108 kB
2026.04.04 22:14:44 INFO  Progress (4): 12 MB | 1.8/3.8 MB | 19 kB | 74/108 kB
2026.04.04 22:14:44 INFO  Progress (4): 12 MB | 1.8/3.8 MB | 19 kB | 74/108 kB
2026.04.04 22:14:44 INFO  Progress (4): 12 MB | 1.8/3.8 MB | 19 kB | 90/108 kB
2026.04.04 22:14:44 INFO  Progress (4): 12 MB | 1.8/3.8 MB | 19 kB | 90/108 kB
2026.04.04 22:14:44 INFO  Progress (4): 12 MB | 1.8/3.8 MB | 19 kB | 106/108 kB
2026.04.04 22:14:44 INFO  Progress (4): 12 MB | 1.8/3.8 MB | 19 kB | 108 kB    
2026.04.04 22:14:44 INFO  Progress (4): 12 MB | 1.8/3.8 MB | 19 kB | 108 kB
2026.04.04 22:14:44 INFO  Progress (4): 12 MB | 1.8/3.8 MB | 19 kB | 108 kB
2026.04.04 22:14:44 INFO  Progress (4): 12 MB | 1.8/3.8 MB | 19 kB | 108 kB
2026.04.04 22:14:44 INFO  Progress (4): 12 MB | 1.9/3.8 MB | 19 kB | 108 kB
2026.04.04 22:14:44 INFO  Progress (4): 12 MB | 1.9/3.8 MB | 19 kB | 108 kB
2026.04.04 22:14:44 INFO  Progress (4): 12 MB | 1.9/3.8 MB | 19 kB | 108 kB
2026.04.04 22:14:44 INFO  Progress (4): 12 MB | 1.9/3.8 MB | 19 kB | 108 kB
2026.04.04 22:14:44 INFO  Progress (4): 12 MB | 1.9/3.8 MB | 19 kB | 108 kB
2026.04.04 22:14:44 INFO                                                   
2026.04.04 22:14:44 INFO  Downloaded from central: https://repo.maven.apache.org/maven2/org/scala-sbt/zinc-classfile_2.13/1.8.0/zinc-classfile_2.13-1.8.0.jar (108 kB at 31 kB/s)
2026.04.04 22:14:44 INFO  Progress (3): 12 MB | 1.9/3.8 MB | 19 kB
2026.04.04 22:14:44 INFO  Progress (3): 12 MB | 1.9/3.8 MB | 19 kB
2026.04.04 22:14:44 INFO  Progress (3): 12 MB | 2.0/3.8 MB | 19 kB
2026.04.04 22:14:44 INFO  Progress (3): 12 MB | 2.0/3.8 MB | 19 kB
2026.04.04 22:14:44 INFO  Progress (3): 12 MB | 2.0/3.8 MB | 19 kB
2026.04.04 22:14:44 INFO  Progress (3): 12 MB | 2.0/3.8 MB | 19 kB
2026.04.04 22:14:44 INFO  Progress (3): 12 MB | 2.0/3.8 MB | 19 kB
2026.04.04 22:14:44 INFO  Progress (3): 12 MB | 2.0/3.8 MB | 19 kB
2026.04.04 22:14:44 INFO  Progress (3): 12 MB | 2.1/3.8 MB | 19 kB
2026.04.04 22:14:44 INFO                                          
2026.04.04 22:14:44 INFO  Downloaded from central: https://repo.maven.apache.org/maven2/org/scala-lang/scala-compiler/2.13.8/scala-compiler-2.13.8.jar (12 MB at 3.5 MB/s)
2026.04.04 22:14:44 INFO  Progress (2): 2.1/3.8 MB | 19 kB
2026.04.04 22:14:44 INFO  Progress (2): 2.1/3.8 MB | 19 kB
2026.04.04 22:14:44 INFO  Progress (2): 2.1/3.8 MB | 19 kB
2026.04.04 22:14:44 INFO  Progress (2): 2.1/3.8 MB | 19 kB
2026.04.04 22:14:44 INFO  Progress (2): 2.1/3.8 MB | 19 kB
2026.04.04 22:14:44 INFO  Progress (2): 2.2/3.8 MB | 19 kB
2026.04.04 22:14:44 INFO  Progress (2): 2.2/3.8 MB | 19 kB
2026.04.04 22:14:44 INFO  Progress (2): 2.2/3.8 MB | 19 kB
2026.04.04 22:14:44 INFO  Progress (2): 2.2/3.8 MB | 19 kB
2026.04.04 22:14:44 INFO  Progress (2): 2.2/3.8 MB | 19 kB
2026.04.04 22:14:44 INFO  Progress (2): 2.2/3.8 MB | 19 kB
2026.04.04 22:14:44 INFO  Progress (2): 2.3/3.8 MB | 19 kB
2026.04.04 22:14:44 INFO  Progress (2): 2.3/3.8 MB | 19 kB
2026.04.04 22:14:44 INFO  Progress (2): 2.3/3.8 MB | 19 kB
2026.04.04 22:14:44 INFO  Progress (2): 2.3/3.8 MB | 19 kB
2026.04.04 22:14:44 INFO  Progress (2): 2.3/3.8 MB | 19 kB
2026.04.04 22:14:44 INFO  Progress (2): 2.3/3.8 MB | 19 kB
2026.04.04 22:14:44 INFO  Progress (2): 2.4/3.8 MB | 19 kB
2026.04.04 22:14:44 INFO  Progress (2): 2.4/3.8 MB | 19 kB
2026.04.04 22:14:44 INFO  Progress (2): 2.4/3.8 MB | 19 kB
2026.04.04 22:14:44 INFO  Progress (2): 2.4/3.8 MB | 19 kB
2026.04.04 22:14:44 INFO  Progress (2): 2.4/3.8 MB | 19 kB
2026.04.04 22:14:44 INFO  Progress (2): 2.4/3.8 MB | 19 kB
2026.04.04 22:14:44 INFO  Progress (2): 2.5/3.8 MB | 19 kB
2026.04.04 22:14:44 INFO  Progress (2): 2.5/3.8 MB | 19 kB
2026.04.04 22:14:44 INFO  Progress (2): 2.5/3.8 MB | 19 kB
2026.04.04 22:14:44 INFO  Progress (2): 2.5/3.8 MB | 19 kB
2026.04.04 22:14:44 INFO  Progress (2): 2.5/3.8 MB | 19 kB
2026.04.04 22:14:44 INFO  Progress (2): 2.5/3.8 MB | 19 kB
2026.04.04 22:14:44 INFO  Progress (2): 2.6/3.8 MB | 19 kB
2026.04.04 22:14:44 INFO  Progress (2): 2.6/3.8 MB | 19 kB
2026.04.04 22:14:44 INFO  Progress (2): 2.6/3.8 MB | 19 kB
2026.04.04 22:14:44 INFO  Progress (2): 2.6/3.8 MB | 19 kB
2026.04.04 22:14:44 INFO  Progress (2): 2.6/3.8 MB | 19 kB
2026.04.04 22:14:44 INFO  Progress (2): 2.6/3.8 MB | 19 kB
2026.04.04 22:14:44 INFO  Progress (2): 2.6/3.8 MB | 19 kB
2026.04.04 22:14:44 INFO  Progress (2): 2.7/3.8 MB | 19 kB
2026.04.04 22:14:44 INFO  Progress (2): 2.7/3.8 MB | 19 kB
2026.04.04 22:14:44 INFO  Progress (2): 2.7/3.8 MB | 19 kB
2026.04.04 22:14:44 INFO  Progress (2): 2.7/3.8 MB | 19 kB
2026.04.04 22:14:44 INFO  Progress (2): 2.7/3.8 MB | 19 kB
2026.04.04 22:14:44 INFO  Progress (2): 2.7/3.8 MB | 19 kB
2026.04.04 22:14:44 INFO  Progress (2): 2.7/3.8 MB | 19 kB
2026.04.04 22:14:44 INFO  Progress (2): 2.8/3.8 MB | 19 kB
2026.04.04 22:14:44 INFO  Progress (2): 2.8/3.8 MB | 19 kB
2026.04.04 22:14:44 INFO  Progress (2): 2.8/3.8 MB | 19 kB
2026.04.04 22:14:44 INFO  Progress (2): 2.8/3.8 MB | 19 kB
2026.04.04 22:14:44 INFO  Progress (2): 2.8/3.8 MB | 19 kB
2026.04.04 22:14:44 INFO  Progress (2): 2.8/3.8 MB | 19 kB
2026.04.04 22:14:44 INFO  Progress (2): 2.8/3.8 MB | 19 kB
2026.04.04 22:14:44 INFO  Progress (2): 2.9/3.8 MB | 19 kB
2026.04.04 22:14:44 INFO  Progress (2): 2.9/3.8 MB | 19 kB
2026.04.04 22:14:44 INFO  Progress (2): 2.9/3.8 MB | 19 kB
2026.04.04 22:14:44 INFO                                  
2026.04.04 22:14:44 INFO  Downloaded from central: https://repo.maven.apache.org/maven2/org/scala-sbt/util-control_2.13/1.8.0/util-control_2.13-1.8.0.jar (19 kB at 5.2 kB/s)
2026.04.04 22:14:44 INFO  Progress (1): 2.9/3.8 MB
2026.04.04 22:14:44 INFO  Progress (1): 2.9/3.8 MB
2026.04.04 22:14:44 INFO  Progress (1): 2.9/3.8 MB
2026.04.04 22:14:44 INFO  Progress (1): 3.0/3.8 MB
2026.04.04 22:14:44 INFO  Progress (1): 3.0/3.8 MB
2026.04.04 22:14:44 INFO  Progress (1): 3.0/3.8 MB
2026.04.04 22:14:44 INFO  Progress (1): 3.0/3.8 MB
2026.04.04 22:14:44 INFO  Progress (1): 3.0/3.8 MB
2026.04.04 22:14:44 INFO  Progress (1): 3.0/3.8 MB
2026.04.04 22:14:44 INFO  Progress (1): 3.1/3.8 MB
2026.04.04 22:14:44 INFO  Progress (1): 3.1/3.8 MB
2026.04.04 22:14:44 INFO  Progress (1): 3.1/3.8 MB
2026.04.04 22:14:44 INFO  Progress (1): 3.1/3.8 MB
2026.04.04 22:14:44 INFO  Progress (1): 3.1/3.8 MB
2026.04.04 22:14:44 INFO  Progress (1): 3.1/3.8 MB
2026.04.04 22:14:44 INFO  Progress (1): 3.2/3.8 MB
2026.04.04 22:14:44 INFO  Progress (1): 3.2/3.8 MB
2026.04.04 22:14:44 INFO  Progress (1): 3.2/3.8 MB
2026.04.04 22:14:44 INFO  Progress (1): 3.2/3.8 MB
2026.04.04 22:14:44 INFO  Progress (1): 3.2/3.8 MB
2026.04.04 22:14:44 INFO  Progress (1): 3.2/3.8 MB
2026.04.04 22:14:44 INFO  Progress (1): 3.3/3.8 MB
2026.04.04 22:14:44 INFO  Progress (1): 3.3/3.8 MB
2026.04.04 22:14:44 INFO  Progress (1): 3.3/3.8 MB
2026.04.04 22:14:44 INFO  Progress (1): 3.3/3.8 MB
2026.04.04 22:14:44 INFO  Progress (1): 3.3/3.8 MB
2026.04.04 22:14:44 INFO  Progress (1): 3.3/3.8 MB
2026.04.04 22:14:44 INFO  Progress (1): 3.4/3.8 MB
2026.04.04 22:14:44 INFO  Progress (1): 3.4/3.8 MB
2026.04.04 22:14:44 INFO  Progress (1): 3.4/3.8 MB
2026.04.04 22:14:44 INFO  Progress (1): 3.4/3.8 MB
2026.04.04 22:14:44 INFO  Progress (1): 3.4/3.8 MB
2026.04.04 22:14:44 INFO  Progress (1): 3.4/3.8 MB
2026.04.04 22:14:44 INFO  Progress (1): 3.5/3.8 MB
2026.04.04 22:14:44 INFO  Progress (1): 3.5/3.8 MB
2026.04.04 22:14:44 INFO  Progress (1): 3.5/3.8 MB
2026.04.04 22:14:44 INFO  Progress (1): 3.5/3.8 MB
2026.04.04 22:14:44 INFO  Progress (1): 3.5/3.8 MB
2026.04.04 22:14:44 INFO  Progress (1): 3.5/3.8 MB
2026.04.04 22:14:44 INFO  Progress (1): 3.6/3.8 MB
2026.04.04 22:14:44 INFO  Progress (1): 3.6/3.8 MB
2026.04.04 22:14:44 INFO  Progress (1): 3.6/3.8 MB
2026.04.04 22:14:44 INFO  Progress (1): 3.6/3.8 MB
2026.04.04 22:14:44 INFO  Progress (1): 3.6/3.8 MB
2026.04.04 22:14:44 INFO  Progress (1): 3.6/3.8 MB
2026.04.04 22:14:44 INFO  Progress (1): 3.6/3.8 MB
2026.04.04 22:14:44 INFO  Progress (1): 3.7/3.8 MB
2026.04.04 22:14:44 INFO  Progress (1): 3.7/3.8 MB
2026.04.04 22:14:44 INFO  Progress (1): 3.7/3.8 MB
2026.04.04 22:14:44 INFO  Progress (1): 3.7/3.8 MB
2026.04.04 22:14:44 INFO  Progress (1): 3.7/3.8 MB
2026.04.04 22:14:44 INFO  Progress (1): 3.7/3.8 MB
2026.04.04 22:14:44 INFO  Progress (1): 3.8/3.8 MB
2026.04.04 22:14:44 INFO  Progress (1): 3.8 MB    
2026.04.04 22:14:44 INFO                      
2026.04.04 22:14:44 INFO  Downloaded from central: https://repo.maven.apache.org/maven2/org/scala-lang/scala-reflect/2.13.8/scala-reflect-2.13.8.jar (3.8 MB at 979 kB/s)
2026.04.04 22:14:49 INFO  [ERROR] org.scala-lang:scala([0-9]?)-library is missing from project dependencies
2026.04.04 22:14:49 INFO  [ERROR] org.scala-lang:scala([0-9]?)-library is missing from project dependencies
2026.04.04 22:14:49 INFO  [INFO] Resolving artifact: com.jayway.jsonpath:json-path:jar:2.10.0:test (sources = false)
2026.04.04 22:14:49 INFO  Downloading from central: https://repo.maven.apache.org/maven2/com/jayway/jsonpath/json-path/2.10.0/json-path-2.10.0.jar
2026.04.04 22:14:49 INFO  Progress (1): 7.7/279 kB
2026.04.04 22:14:49 INFO  Progress (1): 8.2/279 kB
2026.04.04 22:14:49 INFO  Progress (1): 25/279 kB 
2026.04.04 22:14:49 INFO  Progress (1): 41/279 kB
2026.04.04 22:14:49 INFO  Progress (1): 57/279 kB
2026.04.04 22:14:49 INFO  Progress (1): 66/279 kB
2026.04.04 22:14:49 INFO  Progress (1): 82/279 kB
2026.04.04 22:14:49 INFO  Progress (1): 98/279 kB
2026.04.04 22:14:49 INFO  Progress (1): 115/279 kB
2026.04.04 22:14:49 INFO  Progress (1): 123/279 kB
2026.04.04 22:14:49 INFO  Progress (1): 139/279 kB
2026.04.04 22:14:49 INFO  Progress (1): 156/279 kB
2026.04.04 22:14:49 INFO  Progress (1): 164/279 kB
2026.04.04 22:14:49 INFO  Progress (1): 172/279 kB
2026.04.04 22:14:49 INFO  Progress (1): 188/279 kB
2026.04.04 22:14:49 INFO  Progress (1): 197/279 kB
2026.04.04 22:14:49 INFO  Progress (1): 213/279 kB
2026.04.04 22:14:49 INFO  Progress (1): 221/279 kB
2026.04.04 22:14:49 INFO  Progress (1): 238/279 kB
2026.04.04 22:14:49 INFO  Progress (1): 254/279 kB
2026.04.04 22:14:49 INFO  Progress (1): 270/279 kB
2026.04.04 22:14:49 INFO  Progress (1): 279 kB    
2026.04.04 22:14:49 INFO                      
2026.04.04 22:14:49 INFO  Downloaded from central: https://repo.maven.apache.org/maven2/com/jayway/jsonpath/json-path/2.10.0/json-path-2.10.0.jar (279 kB at 1.9 MB/s)
2026.04.04 22:14:49 INFO  [INFO] SUCCESS: com.jayway.jsonpath:json-path:jar:2.10.0:test (sources = false)
2026.04.04 22:14:49 INFO  [INFO] Resolving artifact: com.jayway.jsonpath:json-path:jar:2.10.0:test (sources = true)
2026.04.04 22:14:49 INFO  Downloading from central: https://repo.maven.apache.org/maven2/com/jayway/jsonpath/json-path/2.10.0/json-path-2.10.0-sources.jar
2026.04.04 22:14:49 INFO  Progress (1): 7.7/135 kB
2026.04.04 22:14:49 INFO  Progress (1): 16/135 kB 
2026.04.04 22:14:49 INFO  Progress (1): 25/135 kB
2026.04.04 22:14:49 INFO  Progress (1): 41/135 kB
2026.04.04 22:14:49 INFO  Progress (1): 57/135 kB
2026.04.04 22:14:49 INFO  Progress (1): 66/135 kB
2026.04.04 22:14:49 INFO  Progress (1): 82/135 kB
2026.04.04 22:14:49 INFO  Progress (1): 98/135 kB
2026.04.04 22:14:49 INFO  Progress (1): 115/135 kB
2026.04.04 22:14:49 INFO  Progress (1): 131/135 kB
2026.04.04 22:14:49 INFO  Progress (1): 135 kB    
2026.04.04 22:14:49 INFO                      
2026.04.04 22:14:49 INFO  Downloaded from central: https://repo.maven.apache.org/maven2/com/jayway/jsonpath/json-path/2.10.0/json-path-2.10.0-sources.jar (135 kB at 1.8 MB/s)
2026.04.04 22:14:49 INFO  [INFO] SUCCESS: com.jayway.jsonpath:json-path:jar:2.10.0:test (sources = true)
2026.04.04 22:14:49 INFO  [INFO] Resolving artifact: org.hamcrest:hamcrest:jar:3.0:test (sources = false)
2026.04.04 22:14:49 INFO  Downloading from central: https://repo.maven.apache.org/maven2/org/hamcrest/hamcrest/3.0/hamcrest-3.0.jar
2026.04.04 22:14:49 INFO  Progress (1): 7.7/126 kB
2026.04.04 22:14:49 INFO  Progress (1): 12/126 kB 
2026.04.04 22:14:49 INFO  Progress (1): 28/126 kB
2026.04.04 22:14:49 INFO  Progress (1): 44/126 kB
2026.04.04 22:14:49 INFO  Progress (1): 61/126 kB
2026.04.04 22:14:49 INFO  Progress (1): 77/126 kB
2026.04.04 22:14:49 INFO  Progress (1): 93/126 kB
2026.04.04 22:14:49 INFO  Progress (1): 110/126 kB
2026.04.04 22:14:49 INFO  Progress (1): 126/126 kB
2026.04.04 22:14:49 INFO  Progress (1): 126 kB    
2026.04.04 22:14:49 INFO                      
2026.04.04 22:14:49 INFO  Downloaded from central: https://repo.maven.apache.org/maven2/org/hamcrest/hamcrest/3.0/hamcrest-3.0.jar (126 kB at 1.2 MB/s)
2026.04.04 22:14:49 INFO  [INFO] SUCCESS: org.hamcrest:hamcrest:jar:3.0:test (sources = false)
2026.04.04 22:14:49 INFO  [INFO] Resolving artifact: org.hamcrest:hamcrest:jar:3.0:test (sources = true)
2026.04.04 22:14:49 INFO  Downloading from central: https://repo.maven.apache.org/maven2/org/hamcrest/hamcrest/3.0/hamcrest-3.0-sources.jar
2026.04.04 22:14:49 INFO  Progress (1): 3.3/85 kB
2026.04.04 22:14:49 INFO  Progress (1): 20/85 kB 
2026.04.04 22:14:49 INFO  Progress (1): 36/85 kB
2026.04.04 22:14:49 INFO  Progress (1): 52/85 kB
2026.04.04 22:14:49 INFO  Progress (1): 69/85 kB
2026.04.04 22:14:49 INFO  Progress (1): 85/85 kB
2026.04.04 22:14:49 INFO  Progress (1): 85 kB   
2026.04.04 22:14:49 INFO                     
2026.04.04 22:14:49 INFO  Downloaded from central: https://repo.maven.apache.org/maven2/org/hamcrest/hamcrest/3.0/hamcrest-3.0-sources.jar (85 kB at 749 kB/s)
2026.04.04 22:14:49 INFO  [INFO] SUCCESS: org.hamcrest:hamcrest:jar:3.0:test (sources = true)
2026.04.04 22:14:49 INFO  [INFO] Resolving artifact: org.springframework.boot:spring-boot-starter:jar:4.0.5:compile (sources = false)
2026.04.04 22:14:49 INFO  [INFO] SUCCESS: org.springframework.boot:spring-boot-starter:jar:4.0.5:compile (sources = false)
2026.04.04 22:14:49 INFO  [INFO] Resolving artifact: org.springframework.boot:spring-boot-starter:jar:4.0.5:compile (sources = true)
2026.04.04 22:14:49 INFO  Downloading from central: https://repo.maven.apache.org/maven2/org/springframework/boot/spring-boot-starter/4.0.5/spring-boot-starter-4.0.5-sources.jar
2026.04.04 22:14:49 INFO  Progress (1): 4.8 kB
2026.04.04 22:14:49 INFO                      
2026.04.04 22:14:49 INFO  Downloaded from central: https://repo.maven.apache.org/maven2/org/springframework/boot/spring-boot-starter/4.0.5/spring-boot-starter-4.0.5-sources.jar (4.8 kB at 125 kB/s)
2026.04.04 22:14:49 INFO  [INFO] SUCCESS: org.springframework.boot:spring-boot-starter:jar:4.0.5:compile (sources = true)
2026.04.04 22:14:49 INFO  [INFO] Resolving artifact: org.springframework.boot:spring-boot-sql:jar:4.0.5:compile (sources = false)
2026.04.04 22:14:49 INFO  Downloading from central: https://repo.maven.apache.org/maven2/org/springframework/boot/spring-boot-sql/4.0.5/spring-boot-sql-4.0.5.jar
2026.04.04 22:14:49 INFO  Progress (1): 7.7/36 kB
2026.04.04 22:14:49 INFO  Progress (1): 8.2/36 kB
2026.04.04 22:14:49 INFO  Progress (1): 25/36 kB 
2026.04.04 22:14:49 INFO  Progress (1): 36 kB   
2026.04.04 22:14:51 INFO                     
2026.04.04 22:14:51 INFO  Downloaded from central: https://repo.maven.apache.org/maven2/org/springframework/boot/spring-boot-sql/4.0.5/spring-boot-sql-4.0.5.jar (36 kB at 38 kB/s)
2026.04.04 22:14:51 INFO  [INFO] SUCCESS: org.springframework.boot:spring-boot-sql:jar:4.0.5:compile (sources = false)
2026.04.04 22:14:51 INFO  [INFO] Resolving artifact: org.springframework.boot:spring-boot-sql:jar:4.0.5:compile (sources = true)
2026.04.04 22:14:51 INFO  Downloading from central: https://repo.maven.apache.org/maven2/org/springframework/boot/spring-boot-sql/4.0.5/spring-boot-sql-4.0.5-sources.jar
2026.04.04 22:14:51 INFO  Progress (1): 7.7/31 kB
2026.04.04 22:14:51 INFO  Progress (1): 16/31 kB 
2026.04.04 22:14:51 INFO  Progress (1): 25/31 kB
2026.04.04 22:14:51 INFO  Progress (1): 31 kB   
2026.04.04 22:14:51 INFO                     
2026.04.04 22:14:51 INFO  Downloaded from central: https://repo.maven.apache.org/maven2/org/springframework/boot/spring-boot-sql/4.0.5/spring-boot-sql-4.0.5-sources.jar (31 kB at 42 kB/s)
2026.04.04 22:14:51 INFO  [INFO] SUCCESS: org.springframework.boot:spring-boot-sql:jar:4.0.5:compile (sources = true)
2026.04.04 22:14:51 INFO  [INFO] Resolving artifact: com.sun.istack:istack-commons-runtime:jar:4.1.2:runtime (sources = false)
2026.04.04 22:14:51 INFO  [INFO] SUCCESS: com.sun.istack:istack-commons-runtime:jar:4.1.2:runtime (sources = false)
2026.04.04 22:14:51 INFO  [INFO] Resolving artifact: com.sun.istack:istack-commons-runtime:jar:4.1.2:runtime (sources = true)
2026.04.04 22:14:51 INFO  Downloading from central: https://repo.maven.apache.org/maven2/com/sun/istack/istack-commons-runtime/4.1.2/istack-commons-runtime-4.1.2-sources.jar
2026.04.04 22:14:51 INFO  Progress (1): 7.7/23 kB
2026.04.04 22:14:51 INFO  Progress (1): 8.2/23 kB
2026.04.04 22:14:51 INFO  Progress (1): 23 kB    
2026.04.04 22:14:52 INFO                     
2026.04.04 22:14:52 INFO  Downloaded from central: https://repo.maven.apache.org/maven2/com/sun/istack/istack-commons-runtime/4.1.2/istack-commons-runtime-4.1.2-sources.jar (23 kB at 29 kB/s)
2026.04.04 22:14:52 INFO  [INFO] SUCCESS: com.sun.istack:istack-commons-runtime:jar:4.1.2:runtime (sources = true)
2026.04.04 22:14:52 INFO  [INFO] Resolving artifact: io.micrometer:micrometer-commons:jar:1.16.4:compile (sources = false)
2026.04.04 22:14:52 INFO  Downloading from central: https://repo.maven.apache.org/maven2/io/micrometer/micrometer-commons/1.16.4/micrometer-commons-1.16.4.jar
2026.04.04 22:14:52 INFO  Progress (1): 7.7/52 kB
2026.04.04 22:14:52 INFO  Progress (1): 16/52 kB 
2026.04.04 22:14:52 INFO  Progress (1): 25/52 kB
2026.04.04 22:14:52 INFO  Progress (1): 41/52 kB
2026.04.04 22:14:52 INFO  Progress (1): 52 kB   
2026.04.04 22:14:52 INFO                     
2026.04.04 22:14:52 INFO  Downloaded from central: https://repo.maven.apache.org/maven2/io/micrometer/micrometer-commons/1.16.4/micrometer-commons-1.16.4.jar (52 kB at 551 kB/s)
2026.04.04 22:14:52 INFO  [INFO] SUCCESS: io.micrometer:micrometer-commons:jar:1.16.4:compile (sources = false)
2026.04.04 22:14:52 INFO  [INFO] Resolving artifact: io.micrometer:micrometer-commons:jar:1.16.4:compile (sources = true)
2026.04.04 22:14:52 INFO  Downloading from central: https://repo.maven.apache.org/maven2/io/micrometer/micrometer-commons/1.16.4/micrometer-commons-1.16.4-sources.jar
2026.04.04 22:14:52 INFO  Progress (1): 3.4/49 kB
2026.04.04 22:14:52 INFO  Progress (1): 20/49 kB 
2026.04.04 22:14:52 INFO  Progress (1): 28/49 kB
2026.04.04 22:14:52 INFO  Progress (1): 44/49 kB
2026.04.04 22:14:52 INFO  Progress (1): 49 kB   
2026.04.04 22:14:54 INFO                     
2026.04.04 22:14:54 INFO  Downloaded from central: https://repo.maven.apache.org/maven2/io/micrometer/micrometer-commons/1.16.4/micrometer-commons-1.16.4-sources.jar (49 kB at 35 kB/s)
2026.04.04 22:14:54 INFO  [INFO] SUCCESS: io.micrometer:micrometer-commons:jar:1.16.4:compile (sources = true)
2026.04.04 22:14:54 INFO  [INFO] Resolving artifact: org.slf4j:slf4j-api:jar:2.0.17:compile (sources = false)
2026.04.04 22:14:54 INFO  [INFO] SUCCESS: org.slf4j:slf4j-api:jar:2.0.17:compile (sources = false)
2026.04.04 22:14:54 INFO  [INFO] Resolving artifact: org.slf4j:slf4j-api:jar:2.0.17:compile (sources = true)
2026.04.04 22:14:54 INFO  Downloading from central: https://repo.maven.apache.org/maven2/org/slf4j/slf4j-api/2.0.17/slf4j-api-2.0.17-sources.jar
2026.04.04 22:14:54 INFO  Progress (1): 7.7/77 kB
2026.04.04 22:14:54 INFO  Progress (1): 12/77 kB 
2026.04.04 22:14:54 INFO  Progress (1): 28/77 kB
2026.04.04 22:14:54 INFO  Progress (1): 44/77 kB
2026.04.04 22:14:54 INFO  Progress (1): 61/77 kB
2026.04.04 22:14:54 INFO  Progress (1): 77 kB   
2026.04.04 22:14:54 INFO                     
2026.04.04 22:14:54 INFO  Downloaded from central: https://repo.maven.apache.org/maven2/org/slf4j/slf4j-api/2.0.17/slf4j-api-2.0.17-sources.jar (77 kB at 916 kB/s)
2026.04.04 22:14:54 INFO  [INFO] SUCCESS: org.slf4j:slf4j-api:jar:2.0.17:compile (sources = true)
2026.04.04 22:14:54 INFO  [INFO] Resolving artifact: org.jspecify:jspecify:jar:1.0.0:compile (sources = false)
2026.04.04 22:14:54 INFO  Downloading from central: https://repo.maven.apache.org/maven2/org/jspecify/jspecify/1.0.0/jspecify-1.0.0.jar
2026.04.04 22:14:54 INFO  Progress (1): 3.8 kB
2026.04.04 22:14:54 INFO                      
2026.04.04 22:14:54 INFO  Downloaded from central: https://repo.maven.apache.org/maven2/org/jspecify/jspecify/1.0.0/jspecify-1.0.0.jar (3.8 kB at 30 kB/s)
2026.04.04 22:14:54 INFO  [INFO] SUCCESS: org.jspecify:jspecify:jar:1.0.0:compile (sources = false)
2026.04.04 22:14:54 INFO  [INFO] Resolving artifact: org.jspecify:jspecify:jar:1.0.0:compile (sources = true)
2026.04.04 22:14:54 INFO  Downloading from central: https://repo.maven.apache.org/maven2/org/jspecify/jspecify/1.0.0/jspecify-1.0.0-sources.jar
2026.04.04 22:14:54 INFO  Progress (1): 7.7/12 kB
2026.04.04 22:14:54 INFO  Progress (1): 8.2/12 kB
2026.04.04 22:14:54 INFO  Progress (1): 12 kB    
2026.04.04 22:14:54 INFO                     
2026.04.04 22:14:54 INFO  Downloaded from central: https://repo.maven.apache.org/maven2/org/jspecify/jspecify/1.0.0/jspecify-1.0.0-sources.jar (12 kB at 28 kB/s)
2026.04.04 22:14:54 INFO  [INFO] SUCCESS: org.jspecify:jspecify:jar:1.0.0:compile (sources = true)
2026.04.04 22:14:54 INFO  [INFO] Resolving artifact: com.fasterxml.jackson.core:jackson-annotations:jar:2.21:compile (sources = false)
2026.04.04 22:14:54 INFO  [INFO] SUCCESS: com.fasterxml.jackson.core:jackson-annotations:jar:2.21:compile (sources = false)
2026.04.04 22:14:54 INFO  [INFO] Resolving artifact: com.fasterxml.jackson.core:jackson-annotations:jar:2.21:compile (sources = true)
2026.04.04 22:14:54 INFO  Downloading from central: https://repo.maven.apache.org/maven2/com/fasterxml/jackson/core/jackson-annotations/2.21/jackson-annotations-2.21-sources.jar
2026.04.04 22:14:54 INFO  Progress (1): 3.4/90 kB
2026.04.04 22:14:54 INFO  Progress (1): 20/90 kB 
2026.04.04 22:14:54 INFO  Progress (1): 36/90 kB
2026.04.04 22:14:54 INFO  Progress (1): 53/90 kB
2026.04.04 22:14:54 INFO  Progress (1): 61/90 kB
2026.04.04 22:14:54 INFO  Progress (1): 77/90 kB
2026.04.04 22:14:54 INFO  Progress (1): 85/90 kB
2026.04.04 22:14:54 INFO  Progress (1): 90 kB   
2026.04.04 22:14:54 INFO                     
2026.04.04 22:14:54 INFO  Downloaded from central: https://repo.maven.apache.org/maven2/com/fasterxml/jackson/core/jackson-annotations/2.21/jackson-annotations-2.21-sources.jar (90 kB at 933 kB/s)
2026.04.04 22:14:54 INFO  [INFO] SUCCESS: com.fasterxml.jackson.core:jackson-annotations:jar:2.21:compile (sources = true)
2026.04.04 22:14:54 INFO  [INFO] Resolving artifact: org.springframework.boot:spring-boot-data-jpa:jar:4.0.5:compile (sources = false)
2026.04.04 22:14:54 INFO  [INFO] SUCCESS: org.springframework.boot:spring-boot-data-jpa:jar:4.0.5:compile (sources = false)
2026.04.04 22:14:54 INFO  [INFO] Resolving artifact: org.springframework.boot:spring-boot-data-jpa:jar:4.0.5:compile (sources = true)
2026.04.04 22:14:54 INFO  Downloading from central: https://repo.maven.apache.org/maven2/org/springframework/boot/spring-boot-data-jpa/4.0.5/spring-boot-data-jpa-4.0.5-sources.jar
2026.04.04 22:14:54 INFO  Progress (1): 7.7/11 kB
2026.04.04 22:14:54 INFO  Progress (1): 8.2/11 kB
2026.04.04 22:14:54 INFO  Progress (1): 11 kB    
2026.04.04 22:14:55 INFO                     
2026.04.04 22:14:55 INFO  Downloaded from central: https://repo.maven.apache.org/maven2/org/springframework/boot/spring-boot-data-jpa/4.0.5/spring-boot-data-jpa-4.0.5-sources.jar (11 kB at 34 kB/s)
2026.04.04 22:14:55 INFO  [INFO] SUCCESS: org.springframework.boot:spring-boot-data-jpa:jar:4.0.5:compile (sources = true)
2026.04.04 22:14:55 INFO  [INFO] Resolving artifact: org.jboss.logging:jboss-logging:jar:3.6.3.Final:runtime (sources = false)
2026.04.04 22:14:55 INFO  [INFO] SUCCESS: org.jboss.logging:jboss-logging:jar:3.6.3.Final:runtime (sources = false)
2026.04.04 22:14:55 INFO  [INFO] Resolving artifact: org.jboss.logging:jboss-logging:jar:3.6.3.Final:runtime (sources = true)
2026.04.04 22:14:55 INFO  Downloading from central: https://repo.maven.apache.org/maven2/org/jboss/logging/jboss-logging/3.6.3.Final/jboss-logging-3.6.3.Final-sources.jar
2026.04.04 22:14:55 INFO  Progress (1): 7.7/47 kB
2026.04.04 22:14:55 INFO  Progress (1): 8.2/47 kB
2026.04.04 22:14:55 INFO  Progress (1): 25/47 kB 
2026.04.04 22:14:55 INFO  Progress (1): 41/47 kB
2026.04.04 22:14:55 INFO  Progress (1): 47 kB   
2026.04.04 22:14:57 INFO                     
2026.04.04 22:14:57 INFO  Downloaded from central: https://repo.maven.apache.org/maven2/org/jboss/logging/jboss-logging/3.6.3.Final/jboss-logging-3.6.3.Final-sources.jar (47 kB at 22 kB/s)
2026.04.04 22:14:57 INFO  [INFO] SUCCESS: org.jboss.logging:jboss-logging:jar:3.6.3.Final:runtime (sources = true)
2026.04.04 22:14:57 INFO  [INFO] Resolving artifact: org.springframework.boot:spring-boot-starter-data-jpa:jar:4.0.5:compile (sources = false)
2026.04.04 22:14:57 INFO  [INFO] SUCCESS: org.springframework.boot:spring-boot-starter-data-jpa:jar:4.0.5:compile (sources = false)
2026.04.04 22:14:57 INFO  [INFO] Resolving artifact: org.springframework.boot:spring-boot-starter-data-jpa:jar:4.0.5:compile (sources = true)
2026.04.04 22:14:57 INFO  Downloading from central: https://repo.maven.apache.org/maven2/org/springframework/boot/spring-boot-starter-data-jpa/4.0.5/spring-boot-starter-data-jpa-4.0.5-sources.jar
2026.04.04 22:14:57 INFO  Progress (1): 4.8 kB
2026.04.04 22:14:57 INFO                      
2026.04.04 22:14:57 INFO  Downloaded from central: https://repo.maven.apache.org/maven2/org/springframework/boot/spring-boot-starter-data-jpa/4.0.5/spring-boot-starter-data-jpa-4.0.5-sources.jar (4.8 kB at 81 kB/s)
2026.04.04 22:14:57 INFO  [INFO] SUCCESS: org.springframework.boot:spring-boot-starter-data-jpa:jar:4.0.5:compile (sources = true)
2026.04.04 22:14:57 INFO  [INFO] Resolving artifact: org.springframework:spring-orm:jar:7.0.6:compile (sources = false)
2026.04.04 22:14:57 INFO  [INFO] SUCCESS: org.springframework:spring-orm:jar:7.0.6:compile (sources = false)
2026.04.04 22:14:57 INFO  [INFO] Resolving artifact: org.springframework:spring-orm:jar:7.0.6:compile (sources = true)
2026.04.04 22:14:57 INFO  Downloading from central: https://repo.maven.apache.org/maven2/org/springframework/spring-orm/7.0.6/spring-orm-7.0.6-sources.jar
2026.04.04 22:14:57 INFO  Progress (1): 7.7/171 kB
2026.04.04 22:14:57 INFO  Progress (1): 16/171 kB 
2026.04.04 22:14:57 INFO  Progress (1): 25/171 kB
2026.04.04 22:14:57 INFO  Progress (1): 41/171 kB
2026.04.04 22:14:57 INFO  Progress (1): 57/171 kB
2026.04.04 22:14:57 INFO  Progress (1): 66/171 kB
2026.04.04 22:14:57 INFO  Progress (1): 82/171 kB
2026.04.04 22:14:57 INFO  Progress (1): 90/171 kB
2026.04.04 22:14:57 INFO  Progress (1): 106/171 kB
2026.04.04 22:14:57 INFO  Progress (1): 123/171 kB
2026.04.04 22:14:57 INFO  Progress (1): 131/171 kB
2026.04.04 22:14:57 INFO  Progress (1): 147/171 kB
2026.04.04 22:14:57 INFO  Progress (1): 164/171 kB
2026.04.04 22:14:57 INFO  Progress (1): 171 kB    
2026.04.04 22:14:57 INFO                      
2026.04.04 22:14:57 INFO  Downloaded from central: https://repo.maven.apache.org/maven2/org/springframework/spring-orm/7.0.6/spring-orm-7.0.6-sources.jar (171 kB at 1.0 MB/s)
2026.04.04 22:14:57 INFO  [INFO] SUCCESS: org.springframework:spring-orm:jar:7.0.6:compile (sources = true)
2026.04.04 22:14:57 INFO  [INFO] Resolving artifact: org.springframework.boot:spring-boot-webmvc-test:jar:4.0.5:test (sources = false)
2026.04.04 22:14:57 INFO  [INFO] SUCCESS: org.springframework.boot:spring-boot-webmvc-test:jar:4.0.5:test (sources = false)
2026.04.04 22:14:57 INFO  [INFO] Resolving artifact: org.springframework.boot:spring-boot-webmvc-test:jar:4.0.5:test (sources = true)
2026.04.04 22:14:57 INFO  Downloading from central: https://repo.maven.apache.org/maven2/org/springframework/boot/spring-boot-webmvc-test/4.0.5/spring-boot-webmvc-test-4.0.5-sources.jar
2026.04.04 22:14:57 INFO  Progress (1): 7.7/33 kB
2026.04.04 22:14:57 INFO  Progress (1): 12/33 kB 
2026.04.04 22:14:57 INFO  Progress (1): 28/33 kB
2026.04.04 22:14:57 INFO  Progress (1): 33 kB   
2026.04.04 22:14:57 INFO                     
2026.04.04 22:14:57 INFO  Downloaded from central: https://repo.maven.apache.org/maven2/org/springframework/boot/spring-boot-webmvc-test/4.0.5/spring-boot-webmvc-test-4.0.5-sources.jar (33 kB at 47 kB/s)
2026.04.04 22:14:58 INFO  [INFO] SUCCESS: org.springframework.boot:spring-boot-webmvc-test:jar:4.0.5:test (sources = true)
2026.04.04 22:14:58 INFO  [INFO] Resolving artifact: org.apache.tomcat.embed:tomcat-embed-el:jar:11.0.20:compile (sources = false)
2026.04.04 22:14:58 INFO  [INFO] SUCCESS: org.apache.tomcat.embed:tomcat-embed-el:jar:11.0.20:compile (sources = false)
2026.04.04 22:14:58 INFO  [INFO] Resolving artifact: org.apache.tomcat.embed:tomcat-embed-el:jar:11.0.20:compile (sources = true)
2026.04.04 22:14:58 INFO  Downloading from central: https://repo.maven.apache.org/maven2/org/apache/tomcat/embed/tomcat-embed-el/11.0.20/tomcat-embed-el-11.0.20-sources.jar
2026.04.04 22:14:58 INFO  Progress (1): 7.7/238 kB
2026.04.04 22:14:58 INFO  Progress (1): 8.2/238 kB
2026.04.04 22:14:58 INFO  Progress (1): 25/238 kB 
2026.04.04 22:14:58 INFO  Progress (1): 41/238 kB
2026.04.04 22:14:58 INFO  Progress (1): 57/238 kB
2026.04.04 22:14:58 INFO  Progress (1): 74/238 kB
2026.04.04 22:14:58 INFO  Progress (1): 90/238 kB
2026.04.04 22:14:58 INFO  Progress (1): 106/238 kB
2026.04.04 22:14:58 INFO  Progress (1): 123/238 kB
2026.04.04 22:14:58 INFO  Progress (1): 139/238 kB
2026.04.04 22:14:58 INFO  Progress (1): 156/238 kB
2026.04.04 22:14:58 INFO  Progress (1): 164/238 kB
2026.04.04 22:14:58 INFO  Progress (1): 172/238 kB
2026.04.04 22:14:58 INFO  Progress (1): 188/238 kB
2026.04.04 22:14:58 INFO  Progress (1): 205/238 kB
2026.04.04 22:14:58 INFO  Progress (1): 213/238 kB
2026.04.04 22:14:58 INFO  Progress (1): 229/238 kB
2026.04.04 22:14:58 INFO  Progress (1): 238 kB    
2026.04.04 22:14:58 INFO                      
2026.04.04 22:14:58 INFO  Downloaded from central: https://repo.maven.apache.org/maven2/org/apache/tomcat/embed/tomcat-embed-el/11.0.20/tomcat-embed-el-11.0.20-sources.jar (238 kB at 2.1 MB/s)
2026.04.04 22:14:58 INFO  [INFO] SUCCESS: org.apache.tomcat.embed:tomcat-embed-el:jar:11.0.20:compile (sources = true)
2026.04.04 22:14:58 INFO  [INFO] Resolving artifact: org.mockito:mockito-junit-jupiter:jar:5.20.0:test (sources = false)
2026.04.04 22:14:58 INFO  [INFO] SUCCESS: org.mockito:mockito-junit-jupiter:jar:5.20.0:test (sources = false)
2026.04.04 22:14:58 INFO  [INFO] Resolving artifact: org.mockito:mockito-junit-jupiter:jar:5.20.0:test (sources = true)
2026.04.04 22:14:58 INFO  Downloading from central: https://repo.maven.apache.org/maven2/org/mockito/mockito-junit-jupiter/5.20.0/mockito-junit-jupiter-5.20.0-sources.jar
2026.04.04 22:14:58 INFO  Progress (1): 6.7 kB
2026.04.04 22:14:58 INFO                      
2026.04.04 22:14:58 INFO  Downloaded from central: https://repo.maven.apache.org/maven2/org/mockito/mockito-junit-jupiter/5.20.0/mockito-junit-jupiter-5.20.0-sources.jar (6.7 kB at 57 kB/s)
2026.04.04 22:14:58 INFO  [INFO] SUCCESS: org.mockito:mockito-junit-jupiter:jar:5.20.0:test (sources = true)
2026.04.04 22:14:58 INFO  [INFO] Resolving artifact: org.springframework:spring-test:jar:7.0.6:test (sources = false)
2026.04.04 22:14:58 INFO  [INFO] SUCCESS: org.springframework:spring-test:jar:7.0.6:test (sources = false)
2026.04.04 22:14:58 INFO  [INFO] Resolving artifact: org.springframework:spring-test:jar:7.0.6:test (sources = true)
2026.04.04 22:14:58 INFO  Downloading from central: https://repo.maven.apache.org/maven2/org/springframework/spring-test/7.0.6/spring-test-7.0.6-sources.jar
2026.04.04 22:14:58 INFO  Progress (1): 8.2/876 kB
2026.04.04 22:14:58 INFO  Progress (1): 25/876 kB 
2026.04.04 22:14:58 INFO  Progress (1): 33/876 kB
2026.04.04 22:14:58 INFO  Progress (1): 41/876 kB
2026.04.04 22:14:58 INFO  Progress (1): 49/876 kB
2026.04.04 22:14:58 INFO  Progress (1): 66/876 kB
2026.04.04 22:14:58 INFO  Progress (1): 82/876 kB
2026.04.04 22:14:58 INFO  Progress (1): 90/876 kB
2026.04.04 22:14:58 INFO  Progress (1): 98/876 kB
2026.04.04 22:14:58 INFO  Progress (1): 115/876 kB
2026.04.04 22:14:58 INFO  Progress (1): 123/876 kB
2026.04.04 22:14:58 INFO  Progress (1): 139/876 kB
2026.04.04 22:14:58 INFO  Progress (1): 147/876 kB
2026.04.04 22:14:58 INFO  Progress (1): 156/876 kB
2026.04.04 22:14:58 INFO  Progress (1): 172/876 kB
2026.04.04 22:14:58 INFO  Progress (1): 180/876 kB
2026.04.04 22:14:58 INFO  Progress (1): 188/876 kB
2026.04.04 22:14:58 INFO  Progress (1): 205/876 kB
2026.04.04 22:14:58 INFO  Progress (1): 221/876 kB
2026.04.04 22:14:58 INFO  Progress (1): 238/876 kB
2026.04.04 22:14:58 INFO  Progress (1): 254/876 kB
2026.04.04 22:14:58 INFO  Progress (1): 270/876 kB
2026.04.04 22:14:58 INFO  Progress (1): 287/876 kB
2026.04.04 22:14:58 INFO  Progress (1): 303/876 kB
2026.04.04 22:14:58 INFO  Progress (1): 311/876 kB
2026.04.04 22:14:58 INFO  Progress (1): 328/876 kB
2026.04.04 22:14:58 INFO  Progress (1): 344/876 kB
2026.04.04 22:14:58 INFO  Progress (1): 360/876 kB
2026.04.04 22:14:58 INFO  Progress (1): 377/876 kB
2026.04.04 22:14:58 INFO  Progress (1): 393/876 kB
2026.04.04 22:14:58 INFO  Progress (1): 410/876 kB
2026.04.04 22:14:58 INFO  Progress (1): 426/876 kB
2026.04.04 22:14:58 INFO  Progress (1): 442/876 kB
2026.04.04 22:14:58 INFO  Progress (1): 459/876 kB
2026.04.04 22:14:58 INFO  Progress (1): 475/876 kB
2026.04.04 22:14:58 INFO  Progress (1): 492/876 kB
2026.04.04 22:14:58 INFO  Progress (1): 508/876 kB
2026.04.04 22:14:58 INFO  Progress (1): 524/876 kB
2026.04.04 22:14:58 INFO  Progress (1): 541/876 kB
2026.04.04 22:14:58 INFO  Progress (1): 557/876 kB
2026.04.04 22:14:58 INFO  Progress (1): 573/876 kB
2026.04.04 22:14:58 INFO  Progress (1): 590/876 kB
2026.04.04 22:14:58 INFO  Progress (1): 606/876 kB
2026.04.04 22:14:58 INFO  Progress (1): 623/876 kB
2026.04.04 22:14:58 INFO  Progress (1): 639/876 kB
2026.04.04 22:14:58 INFO  Progress (1): 655/876 kB
2026.04.04 22:14:58 INFO  Progress (1): 672/876 kB
2026.04.04 22:14:58 INFO  Progress (1): 688/876 kB
2026.04.04 22:14:58 INFO  Progress (1): 705/876 kB
2026.04.04 22:14:58 INFO  Progress (1): 721/876 kB
2026.04.04 22:14:58 INFO  Progress (1): 737/876 kB
2026.04.04 22:14:58 INFO  Progress (1): 754/876 kB
2026.04.04 22:14:58 INFO  Progress (1): 770/876 kB
2026.04.04 22:14:58 INFO  Progress (1): 786/876 kB
2026.04.04 22:14:58 INFO  Progress (1): 803/876 kB
2026.04.04 22:14:58 INFO  Progress (1): 819/876 kB
2026.04.04 22:14:58 INFO  Progress (1): 836/876 kB
2026.04.04 22:14:58 INFO  Progress (1): 852/876 kB
2026.04.04 22:14:58 INFO  Progress (1): 868/876 kB
2026.04.04 22:14:58 INFO  Progress (1): 876 kB    
2026.04.04 22:14:58 INFO                      
2026.04.04 22:14:58 INFO  Downloaded from central: https://repo.maven.apache.org/maven2/org/springframework/spring-test/7.0.6/spring-test-7.0.6-sources.jar (876 kB at 5.1 MB/s)
2026.04.04 22:14:58 INFO  [INFO] SUCCESS: org.springframework:spring-test:jar:7.0.6:test (sources = true)
2026.04.04 22:14:58 INFO  [INFO] Resolving artifact: org.assertj:assertj-core:jar:3.27.7:test (sources = false)
2026.04.04 22:14:58 INFO  [INFO] SUCCESS: org.assertj:assertj-core:jar:3.27.7:test (sources = false)
2026.04.04 22:14:58 INFO  [INFO] Resolving artifact: org.assertj:assertj-core:jar:3.27.7:test (sources = true)
2026.04.04 22:14:58 INFO  Downloading from central: https://repo.maven.apache.org/maven2/org/assertj/assertj-core/3.27.7/assertj-core-3.27.7-sources.jar
2026.04.04 22:14:58 INFO  Progress (1): 0/1.5 MB
2026.04.04 22:14:58 INFO  Progress (1): 0/1.5 MB
2026.04.04 22:14:58 INFO  Progress (1): 0/1.5 MB
2026.04.04 22:14:58 INFO  Progress (1): 0/1.5 MB
2026.04.04 22:14:58 INFO  Progress (1): 0.1/1.5 MB
2026.04.04 22:14:58 INFO  Progress (1): 0.1/1.5 MB
2026.04.04 22:14:58 INFO  Progress (1): 0.1/1.5 MB
2026.04.04 22:14:58 INFO  Progress (1): 0.1/1.5 MB
2026.04.04 22:14:58 INFO  Progress (1): 0.1/1.5 MB
2026.04.04 22:14:58 INFO  Progress (1): 0.1/1.5 MB
2026.04.04 22:14:58 INFO  Progress (1): 0.2/1.5 MB
2026.04.04 22:14:58 INFO  Progress (1): 0.2/1.5 MB
2026.04.04 22:14:58 INFO  Progress (1): 0.2/1.5 MB
2026.04.04 22:14:58 INFO  Progress (1): 0.2/1.5 MB
2026.04.04 22:14:58 INFO  Progress (1): 0.2/1.5 MB
2026.04.04 22:14:58 INFO  Progress (1): 0.2/1.5 MB
2026.04.04 22:14:58 INFO  Progress (1): 0.2/1.5 MB
2026.04.04 22:14:58 INFO  Progress (1): 0.3/1.5 MB
2026.04.04 22:14:58 INFO  Progress (1): 0.3/1.5 MB
2026.04.04 22:14:58 INFO  Progress (1): 0.3/1.5 MB
2026.04.04 22:14:58 INFO  Progress (1): 0.3/1.5 MB
2026.04.04 22:14:58 INFO  Progress (1): 0.3/1.5 MB
2026.04.04 22:14:58 INFO  Progress (1): 0.3/1.5 MB
2026.04.04 22:14:58 INFO  Progress (1): 0.4/1.5 MB
2026.04.04 22:14:58 INFO  Progress (1): 0.4/1.5 MB
2026.04.04 22:14:58 INFO  Progress (1): 0.4/1.5 MB
2026.04.04 22:14:58 INFO  Progress (1): 0.4/1.5 MB
2026.04.04 22:14:58 INFO  Progress (1): 0.4/1.5 MB
2026.04.04 22:14:58 INFO  Progress (1): 0.4/1.5 MB
2026.04.04 22:14:58 INFO  Progress (1): 0.5/1.5 MB
2026.04.04 22:14:58 INFO  Progress (1): 0.5/1.5 MB
2026.04.04 22:14:58 INFO  Progress (1): 0.5/1.5 MB
2026.04.04 22:14:58 INFO  Progress (1): 0.5/1.5 MB
2026.04.04 22:14:58 INFO  Progress (1): 0.5/1.5 MB
2026.04.04 22:14:58 INFO  Progress (1): 0.5/1.5 MB
2026.04.04 22:14:58 INFO  Progress (1): 0.6/1.5 MB
2026.04.04 22:14:58 INFO  Progress (1): 0.6/1.5 MB
2026.04.04 22:14:58 INFO  Progress (1): 0.6/1.5 MB
2026.04.04 22:14:58 INFO  Progress (1): 0.6/1.5 MB
2026.04.04 22:14:58 INFO  Progress (1): 0.6/1.5 MB
2026.04.04 22:14:58 INFO  Progress (1): 0.6/1.5 MB
2026.04.04 22:14:58 INFO  Progress (1): 0.7/1.5 MB
2026.04.04 22:14:58 INFO  Progress (1): 0.7/1.5 MB
2026.04.04 22:14:58 INFO  Progress (1): 0.7/1.5 MB
2026.04.04 22:14:58 INFO  Progress (1): 0.7/1.5 MB
2026.04.04 22:14:58 INFO  Progress (1): 0.7/1.5 MB
2026.04.04 22:14:58 INFO  Progress (1): 0.7/1.5 MB
2026.04.04 22:14:58 INFO  Progress (1): 0.8/1.5 MB
2026.04.04 22:14:58 INFO  Progress (1): 0.8/1.5 MB
2026.04.04 22:14:58 INFO  Progress (1): 0.8/1.5 MB
2026.04.04 22:14:58 INFO  Progress (1): 0.8/1.5 MB
2026.04.04 22:14:58 INFO  Progress (1): 0.8/1.5 MB
2026.04.04 22:14:58 INFO  Progress (1): 0.8/1.5 MB
2026.04.04 22:14:58 INFO  Progress (1): 0.9/1.5 MB
2026.04.04 22:14:58 INFO  Progress (1): 0.9/1.5 MB
2026.04.04 22:14:58 INFO  Progress (1): 0.9/1.5 MB
2026.04.04 22:14:58 INFO  Progress (1): 0.9/1.5 MB
2026.04.04 22:14:58 INFO  Progress (1): 0.9/1.5 MB
2026.04.04 22:14:58 INFO  Progress (1): 0.9/1.5 MB
2026.04.04 22:14:58 INFO  Progress (1): 1.0/1.5 MB
2026.04.04 22:14:58 INFO  Progress (1): 1.0/1.5 MB
2026.04.04 22:14:58 INFO  Progress (1): 1.0/1.5 MB
2026.04.04 22:14:58 INFO  Progress (1): 1.0/1.5 MB
2026.04.04 22:14:58 INFO  Progress (1): 1.0/1.5 MB
2026.04.04 22:14:58 INFO  Progress (1): 1.0/1.5 MB
2026.04.04 22:14:58 INFO  Progress (1): 1.0/1.5 MB
2026.04.04 22:14:58 INFO  Progress (1): 1.1/1.5 MB
2026.04.04 22:14:58 INFO  Progress (1): 1.1/1.5 MB
2026.04.04 22:14:58 INFO  Progress (1): 1.1/1.5 MB
2026.04.04 22:14:58 INFO  Progress (1): 1.1/1.5 MB
2026.04.04 22:14:58 INFO  Progress (1): 1.1/1.5 MB
2026.04.04 22:14:58 INFO  Progress (1): 1.1/1.5 MB
2026.04.04 22:14:58 INFO  Progress (1): 1.2/1.5 MB
2026.04.04 22:14:58 INFO  Progress (1): 1.2/1.5 MB
2026.04.04 22:14:58 INFO  Progress (1): 1.2/1.5 MB
2026.04.04 22:14:58 INFO  Progress (1): 1.2/1.5 MB
2026.04.04 22:14:58 INFO  Progress (1): 1.2/1.5 MB
2026.04.04 22:14:58 INFO  Progress (1): 1.2/1.5 MB
2026.04.04 22:14:58 INFO  Progress (1): 1.3/1.5 MB
2026.04.04 22:14:58 INFO  Progress (1): 1.3/1.5 MB
2026.04.04 22:14:58 INFO  Progress (1): 1.3/1.5 MB
2026.04.04 22:14:58 INFO  Progress (1): 1.3/1.5 MB
2026.04.04 22:14:58 INFO  Progress (1): 1.3/1.5 MB
2026.04.04 22:14:58 INFO  Progress (1): 1.3/1.5 MB
2026.04.04 22:14:58 INFO  Progress (1): 1.4/1.5 MB
2026.04.04 22:14:58 INFO  Progress (1): 1.4/1.5 MB
2026.04.04 22:14:58 INFO  Progress (1): 1.4/1.5 MB
2026.04.04 22:14:58 INFO  Progress (1): 1.4/1.5 MB
2026.04.04 22:14:58 INFO  Progress (1): 1.4/1.5 MB
2026.04.04 22:14:58 INFO  Progress (1): 1.4/1.5 MB
2026.04.04 22:14:58 INFO  Progress (1): 1.5 MB    
2026.04.04 22:14:58 INFO                      
2026.04.04 22:14:58 INFO  Downloaded from central: https://repo.maven.apache.org/maven2/org/assertj/assertj-core/3.27.7/assertj-core-3.27.7-sources.jar (1.5 MB at 8.1 MB/s)
2026.04.04 22:14:58 INFO  [INFO] SUCCESS: org.assertj:assertj-core:jar:3.27.7:test (sources = true)
2026.04.04 22:14:58 INFO  [INFO] Resolving artifact: org.springframework.boot:spring-boot-data-jpa-test:jar:4.0.5:test (sources = false)
2026.04.04 22:14:58 INFO  [INFO] SUCCESS: org.springframework.boot:spring-boot-data-jpa-test:jar:4.0.5:test (sources = false)
2026.04.04 22:14:58 INFO  [INFO] Resolving artifact: org.springframework.boot:spring-boot-data-jpa-test:jar:4.0.5:test (sources = true)
2026.04.04 22:14:58 INFO  Downloading from central: https://repo.maven.apache.org/maven2/org/springframework/boot/spring-boot-data-jpa-test/4.0.5/spring-boot-data-jpa-test-4.0.5-sources.jar
2026.04.04 22:14:58 INFO  Progress (1): 7.7/12 kB
2026.04.04 22:14:58 INFO  Progress (1): 8.2/12 kB
2026.04.04 22:14:58 INFO  Progress (1): 12 kB    
2026.04.04 22:14:59 INFO                     
2026.04.04 22:14:59 INFO  Downloaded from central: https://repo.maven.apache.org/maven2/org/springframework/boot/spring-boot-data-jpa-test/4.0.5/spring-boot-data-jpa-test-4.0.5-sources.jar (12 kB at 31 kB/s)
2026.04.04 22:14:59 INFO  [INFO] SUCCESS: org.springframework.boot:spring-boot-data-jpa-test:jar:4.0.5:test (sources = true)
2026.04.04 22:14:59 INFO  [INFO] Resolving artifact: org.springframework:spring-context:jar:7.0.6:compile (sources = false)
2026.04.04 22:14:59 INFO  [INFO] SUCCESS: org.springframework:spring-context:jar:7.0.6:compile (sources = false)
2026.04.04 22:14:59 INFO  [INFO] Resolving artifact: org.springframework:spring-context:jar:7.0.6:compile (sources = true)
2026.04.04 22:14:59 INFO  Downloading from central: https://repo.maven.apache.org/maven2/org/springframework/spring-context/7.0.6/spring-context-7.0.6-sources.jar
2026.04.04 22:14:59 INFO  Progress (1): 0/1.1 MB
2026.04.04 22:14:59 INFO  Progress (1): 0/1.1 MB
2026.04.04 22:14:59 INFO  Progress (1): 0/1.1 MB
2026.04.04 22:14:59 INFO  Progress (1): 0/1.1 MB
2026.04.04 22:14:59 INFO  Progress (1): 0.1/1.1 MB
2026.04.04 22:14:59 INFO  Progress (1): 0.1/1.1 MB
2026.04.04 22:14:59 INFO  Progress (1): 0.1/1.1 MB
2026.04.04 22:14:59 INFO  Progress (1): 0.1/1.1 MB
2026.04.04 22:14:59 INFO  Progress (1): 0.1/1.1 MB
2026.04.04 22:14:59 INFO  Progress (1): 0.1/1.1 MB
2026.04.04 22:14:59 INFO  Progress (1): 0.2/1.1 MB
2026.04.04 22:14:59 INFO  Progress (1): 0.2/1.1 MB
2026.04.04 22:14:59 INFO  Progress (1): 0.2/1.1 MB
2026.04.04 22:14:59 INFO  Progress (1): 0.2/1.1 MB
2026.04.04 22:14:59 INFO  Progress (1): 0.2/1.1 MB
2026.04.04 22:14:59 INFO  Progress (1): 0.2/1.1 MB
2026.04.04 22:14:59 INFO  Progress (1): 0.2/1.1 MB
2026.04.04 22:14:59 INFO  Progress (1): 0.3/1.1 MB
2026.04.04 22:14:59 INFO  Progress (1): 0.3/1.1 MB
2026.04.04 22:14:59 INFO  Progress (1): 0.3/1.1 MB
2026.04.04 22:14:59 INFO  Progress (1): 0.3/1.1 MB
2026.04.04 22:14:59 INFO  Progress (1): 0.3/1.1 MB
2026.04.04 22:14:59 INFO  Progress (1): 0.3/1.1 MB
2026.04.04 22:14:59 INFO  Progress (1): 0.4/1.1 MB
2026.04.04 22:14:59 INFO  Progress (1): 0.4/1.1 MB
2026.04.04 22:14:59 INFO  Progress (1): 0.4/1.1 MB
2026.04.04 22:14:59 INFO  Progress (1): 0.4/1.1 MB
2026.04.04 22:14:59 INFO  Progress (1): 0.4/1.1 MB
2026.04.04 22:14:59 INFO  Progress (1): 0.4/1.1 MB
2026.04.04 22:14:59 INFO  Progress (1): 0.5/1.1 MB
2026.04.04 22:14:59 INFO  Progress (1): 0.5/1.1 MB
2026.04.04 22:14:59 INFO  Progress (1): 0.5/1.1 MB
2026.04.04 22:14:59 INFO  Progress (1): 0.5/1.1 MB
2026.04.04 22:14:59 INFO  Progress (1): 0.5/1.1 MB
2026.04.04 22:14:59 INFO  Progress (1): 0.5/1.1 MB
2026.04.04 22:14:59 INFO  Progress (1): 0.6/1.1 MB
2026.04.04 22:14:59 INFO  Progress (1): 0.6/1.1 MB
2026.04.04 22:14:59 INFO  Progress (1): 0.6/1.1 MB
2026.04.04 22:14:59 INFO  Progress (1): 0.6/1.1 MB
2026.04.04 22:14:59 INFO  Progress (1): 0.6/1.1 MB
2026.04.04 22:14:59 INFO  Progress (1): 0.6/1.1 MB
2026.04.04 22:14:59 INFO  Progress (1): 0.7/1.1 MB
2026.04.04 22:14:59 INFO  Progress (1): 0.7/1.1 MB
2026.04.04 22:14:59 INFO  Progress (1): 0.7/1.1 MB
2026.04.04 22:14:59 INFO  Progress (1): 0.7/1.1 MB
2026.04.04 22:14:59 INFO  Progress (1): 0.7/1.1 MB
2026.04.04 22:14:59 INFO  Progress (1): 0.7/1.1 MB
2026.04.04 22:14:59 INFO  Progress (1): 0.8/1.1 MB
2026.04.04 22:14:59 INFO  Progress (1): 0.8/1.1 MB
2026.04.04 22:14:59 INFO  Progress (1): 0.8/1.1 MB
2026.04.04 22:14:59 INFO  Progress (1): 0.8/1.1 MB
2026.04.04 22:14:59 INFO  Progress (1): 0.8/1.1 MB
2026.04.04 22:14:59 INFO  Progress (1): 0.8/1.1 MB
2026.04.04 22:14:59 INFO  Progress (1): 0.9/1.1 MB
2026.04.04 22:14:59 INFO  Progress (1): 0.9/1.1 MB
2026.04.04 22:14:59 INFO  Progress (1): 0.9/1.1 MB
2026.04.04 22:14:59 INFO  Progress (1): 0.9/1.1 MB
2026.04.04 22:14:59 INFO  Progress (1): 0.9/1.1 MB
2026.04.04 22:14:59 INFO  Progress (1): 0.9/1.1 MB
2026.04.04 22:14:59 INFO  Progress (1): 1.0/1.1 MB
2026.04.04 22:14:59 INFO  Progress (1): 1.0/1.1 MB
2026.04.04 22:14:59 INFO  Progress (1): 1.0/1.1 MB
2026.04.04 22:14:59 INFO  Progress (1): 1.0/1.1 MB
2026.04.04 22:14:59 INFO  Progress (1): 1.0/1.1 MB
2026.04.04 22:14:59 INFO  Progress (1): 1.0/1.1 MB
2026.04.04 22:14:59 INFO  Progress (1): 1.0/1.1 MB
2026.04.04 22:14:59 INFO  Progress (1): 1.1/1.1 MB
2026.04.04 22:14:59 INFO  Progress (1): 1.1/1.1 MB
2026.04.04 22:14:59 INFO  Progress (1): 1.1/1.1 MB
2026.04.04 22:14:59 INFO  Progress (1): 1.1/1.1 MB
2026.04.04 22:14:59 INFO  Progress (1): 1.1/1.1 MB
2026.04.04 22:14:59 INFO  Progress (1): 1.1 MB    
2026.04.04 22:14:59 INFO                      
2026.04.04 22:14:59 INFO  Downloaded from central: https://repo.maven.apache.org/maven2/org/springframework/spring-context/7.0.6/spring-context-7.0.6-sources.jar (1.1 MB at 5.3 MB/s)
2026.04.04 22:14:59 INFO  [INFO] SUCCESS: org.springframework:spring-context:jar:7.0.6:compile (sources = true)
2026.04.04 22:14:59 INFO  [INFO] Resolving artifact: org.springframework.boot:spring-boot-webmvc:jar:4.0.5:compile (sources = false)
2026.04.04 22:14:59 INFO  [INFO] SUCCESS: org.springframework.boot:spring-boot-webmvc:jar:4.0.5:compile (sources = false)
2026.04.04 22:14:59 INFO  [INFO] Resolving artifact: org.springframework.boot:spring-boot-webmvc:jar:4.0.5:compile (sources = true)
2026.04.04 22:14:59 INFO  Downloading from central: https://repo.maven.apache.org/maven2/org/springframework/boot/spring-boot-webmvc/4.0.5/spring-boot-webmvc-4.0.5-sources.jar
2026.04.04 22:14:59 INFO  Progress (1): 7.7/89 kB
2026.04.04 22:14:59 INFO  Progress (1): 16/89 kB 
2026.04.04 22:14:59 INFO  Progress (1): 28/89 kB
2026.04.04 22:14:59 INFO  Progress (1): 44/89 kB
2026.04.04 22:14:59 INFO  Progress (1): 61/89 kB
2026.04.04 22:14:59 INFO  Progress (1): 77/89 kB
2026.04.04 22:14:59 INFO  Progress (1): 85/89 kB
2026.04.04 22:14:59 INFO  Progress (1): 89 kB   
2026.04.04 22:14:59 INFO                     
2026.04.04 22:14:59 INFO  Downloaded from central: https://repo.maven.apache.org/maven2/org/springframework/boot/spring-boot-webmvc/4.0.5/spring-boot-webmvc-4.0.5-sources.jar (89 kB at 693 kB/s)
2026.04.04 22:14:59 INFO  [INFO] SUCCESS: org.springframework.boot:spring-boot-webmvc:jar:4.0.5:compile (sources = true)
2026.04.04 22:14:59 INFO  [INFO] Resolving artifact: org.slf4j:jul-to-slf4j:jar:2.0.17:compile (sources = false)
2026.04.04 22:14:59 INFO  [INFO] SUCCESS: org.slf4j:jul-to-slf4j:jar:2.0.17:compile (sources = false)
2026.04.04 22:14:59 INFO  [INFO] Resolving artifact: org.slf4j:jul-to-slf4j:jar:2.0.17:compile (sources = true)
2026.04.04 22:14:59 INFO  Downloading from central: https://repo.maven.apache.org/maven2/org/slf4j/jul-to-slf4j/2.0.17/jul-to-slf4j-2.0.17-sources.jar
2026.04.04 22:14:59 INFO  Progress (1): 7.1 kB
2026.04.04 22:14:59 INFO                      
2026.04.04 22:14:59 INFO  Downloaded from central: https://repo.maven.apache.org/maven2/org/slf4j/jul-to-slf4j/2.0.17/jul-to-slf4j-2.0.17-sources.jar (7.1 kB at 30 kB/s)
2026.04.04 22:14:59 INFO  [INFO] SUCCESS: org.slf4j:jul-to-slf4j:jar:2.0.17:compile (sources = true)
2026.04.04 22:14:59 INFO  [INFO] Resolving artifact: org.hibernate.orm:hibernate-core:jar:7.2.7.Final:compile (sources = false)
2026.04.04 22:14:59 INFO  [INFO] SUCCESS: org.hibernate.orm:hibernate-core:jar:7.2.7.Final:compile (sources = false)
2026.04.04 22:14:59 INFO  [INFO] Resolving artifact: org.hibernate.orm:hibernate-core:jar:7.2.7.Final:compile (sources = true)
2026.04.04 22:14:59 INFO  Downloading from central: https://repo.maven.apache.org/maven2/org/hibernate/orm/hibernate-core/7.2.7.Final/hibernate-core-7.2.7.Final-sources.jar
2026.04.04 22:14:59 INFO  Progress (1): 0/8.1 MB
2026.04.04 22:14:59 INFO  Progress (1): 0/8.1 MB
2026.04.04 22:14:59 INFO  Progress (1): 0/8.1 MB
2026.04.04 22:14:59 INFO  Progress (1): 0/8.1 MB
2026.04.04 22:14:59 INFO  Progress (1): 0.1/8.1 MB
2026.04.04 22:14:59 INFO  Progress (1): 0.1/8.1 MB
2026.04.04 22:14:59 INFO  Progress (1): 0.1/8.1 MB
2026.04.04 22:14:59 INFO  Progress (1): 0.1/8.1 MB
2026.04.04 22:14:59 INFO  Progress (1): 0.1/8.1 MB
2026.04.04 22:14:59 INFO  Progress (1): 0.1/8.1 MB
2026.04.04 22:14:59 INFO  Progress (1): 0.1/8.1 MB
2026.04.04 22:14:59 INFO  Progress (1): 0.2/8.1 MB
2026.04.04 22:14:59 INFO  Progress (1): 0.2/8.1 MB
2026.04.04 22:14:59 INFO  Progress (1): 0.2/8.1 MB
2026.04.04 22:14:59 INFO  Progress (1): 0.2/8.1 MB
2026.04.04 22:14:59 INFO  Progress (1): 0.2/8.1 MB
2026.04.04 22:14:59 INFO  Progress (1): 0.2/8.1 MB
2026.04.04 22:14:59 INFO  Progress (1): 0.2/8.1 MB
2026.04.04 22:14:59 INFO  Progress (1): 0.3/8.1 MB
2026.04.04 22:14:59 INFO  Progress (1): 0.3/8.1 MB
2026.04.04 22:14:59 INFO  Progress (1): 0.3/8.1 MB
2026.04.04 22:14:59 INFO  Progress (1): 0.3/8.1 MB
2026.04.04 22:14:59 INFO  Progress (1): 0.3/8.1 MB
2026.04.04 22:14:59 INFO  Progress (1): 0.3/8.1 MB
2026.04.04 22:14:59 INFO  Progress (1): 0.4/8.1 MB
2026.04.04 22:14:59 INFO  Progress (1): 0.4/8.1 MB
2026.04.04 22:14:59 INFO  Progress (1): 0.4/8.1 MB
2026.04.04 22:14:59 INFO  Progress (1): 0.4/8.1 MB
2026.04.04 22:14:59 INFO  Progress (1): 0.4/8.1 MB
2026.04.04 22:14:59 INFO  Progress (1): 0.4/8.1 MB
2026.04.04 22:14:59 INFO  Progress (1): 0.5/8.1 MB
2026.04.04 22:14:59 INFO  Progress (1): 0.5/8.1 MB
2026.04.04 22:14:59 INFO  Progress (1): 0.5/8.1 MB
2026.04.04 22:14:59 INFO  Progress (1): 0.5/8.1 MB
2026.04.04 22:14:59 INFO  Progress (1): 0.5/8.1 MB
2026.04.04 22:14:59 INFO  Progress (1): 0.5/8.1 MB
2026.04.04 22:14:59 INFO  Progress (1): 0.6/8.1 MB
2026.04.04 22:14:59 INFO  Progress (1): 0.6/8.1 MB
2026.04.04 22:14:59 INFO  Progress (1): 0.6/8.1 MB
2026.04.04 22:14:59 INFO  Progress (1): 0.6/8.1 MB
2026.04.04 22:14:59 INFO  Progress (1): 0.6/8.1 MB
2026.04.04 22:14:59 INFO  Progress (1): 0.6/8.1 MB
2026.04.04 22:14:59 INFO  Progress (1): 0.7/8.1 MB
2026.04.04 22:14:59 INFO  Progress (1): 0.7/8.1 MB
2026.04.04 22:14:59 INFO  Progress (1): 0.7/8.1 MB
2026.04.04 22:14:59 INFO  Progress (1): 0.7/8.1 MB
2026.04.04 22:14:59 INFO  Progress (1): 0.7/8.1 MB
2026.04.04 22:14:59 INFO  Progress (1): 0.7/8.1 MB
2026.04.04 22:14:59 INFO  Progress (1): 0.8/8.1 MB
2026.04.04 22:14:59 INFO  Progress (1): 0.8/8.1 MB
2026.04.04 22:14:59 INFO  Progress (1): 0.8/8.1 MB
2026.04.04 22:14:59 INFO  Progress (1): 0.8/8.1 MB
2026.04.04 22:14:59 INFO  Progress (1): 0.8/8.1 MB
2026.04.04 22:14:59 INFO  Progress (1): 0.8/8.1 MB
2026.04.04 22:14:59 INFO  Progress (1): 0.9/8.1 MB
2026.04.04 22:14:59 INFO  Progress (1): 0.9/8.1 MB
2026.04.04 22:14:59 INFO  Progress (1): 0.9/8.1 MB
2026.04.04 22:14:59 INFO  Progress (1): 0.9/8.1 MB
2026.04.04 22:14:59 INFO  Progress (1): 0.9/8.1 MB
2026.04.04 22:14:59 INFO  Progress (1): 0.9/8.1 MB
2026.04.04 22:14:59 INFO  Progress (1): 1.0/8.1 MB
2026.04.04 22:14:59 INFO  Progress (1): 1.0/8.1 MB
2026.04.04 22:14:59 INFO  Progress (1): 1.0/8.1 MB
2026.04.04 22:14:59 INFO  Progress (1): 1.0/8.1 MB
2026.04.04 22:14:59 INFO  Progress (1): 1.0/8.1 MB
2026.04.04 22:14:59 INFO  Progress (1): 1.0/8.1 MB
2026.04.04 22:14:59 INFO  Progress (1): 1.0/8.1 MB
2026.04.04 22:14:59 INFO  Progress (1): 1.1/8.1 MB
2026.04.04 22:14:59 INFO  Progress (1): 1.1/8.1 MB
2026.04.04 22:14:59 INFO  Progress (1): 1.1/8.1 MB
2026.04.04 22:14:59 INFO  Progress (1): 1.1/8.1 MB
2026.04.04 22:14:59 INFO  Progress (1): 1.1/8.1 MB
2026.04.04 22:14:59 INFO  Progress (1): 1.1/8.1 MB
2026.04.04 22:14:59 INFO  Progress (1): 1.2/8.1 MB
2026.04.04 22:14:59 INFO  Progress (1): 1.2/8.1 MB
2026.04.04 22:14:59 INFO  Progress (1): 1.2/8.1 MB
2026.04.04 22:14:59 INFO  Progress (1): 1.2/8.1 MB
2026.04.04 22:14:59 INFO  Progress (1): 1.2/8.1 MB
2026.04.04 22:14:59 INFO  Progress (1): 1.2/8.1 MB
2026.04.04 22:14:59 INFO  Progress (1): 1.3/8.1 MB
2026.04.04 22:14:59 INFO  Progress (1): 1.3/8.1 MB
2026.04.04 22:14:59 INFO  Progress (1): 1.3/8.1 MB
2026.04.04 22:14:59 INFO  Progress (1): 1.3/8.1 MB
2026.04.04 22:14:59 INFO  Progress (1): 1.3/8.1 MB
2026.04.04 22:14:59 INFO  Progress (1): 1.3/8.1 MB
2026.04.04 22:14:59 INFO  Progress (1): 1.4/8.1 MB
2026.04.04 22:14:59 INFO  Progress (1): 1.4/8.1 MB
2026.04.04 22:14:59 INFO  Progress (1): 1.4/8.1 MB
2026.04.04 22:14:59 INFO  Progress (1): 1.4/8.1 MB
2026.04.04 22:14:59 INFO  Progress (1): 1.4/8.1 MB
2026.04.04 22:14:59 INFO  Progress (1): 1.4/8.1 MB
2026.04.04 22:14:59 INFO  Progress (1): 1.5/8.1 MB
2026.04.04 22:14:59 INFO  Progress (1): 1.5/8.1 MB
2026.04.04 22:14:59 INFO  Progress (1): 1.5/8.1 MB
2026.04.04 22:14:59 INFO  Progress (1): 1.5/8.1 MB
2026.04.04 22:14:59 INFO  Progress (1): 1.5/8.1 MB
2026.04.04 22:14:59 INFO  Progress (1): 1.5/8.1 MB
2026.04.04 22:14:59 INFO  Progress (1): 1.6/8.1 MB
2026.04.04 22:14:59 INFO  Progress (1): 1.6/8.1 MB
2026.04.04 22:14:59 INFO  Progress (1): 1.6/8.1 MB
2026.04.04 22:14:59 INFO  Progress (1): 1.6/8.1 MB
2026.04.04 22:14:59 INFO  Progress (1): 1.6/8.1 MB
2026.04.04 22:14:59 INFO  Progress (1): 1.6/8.1 MB
2026.04.04 22:14:59 INFO  Progress (1): 1.7/8.1 MB
2026.04.04 22:14:59 INFO  Progress (1): 1.7/8.1 MB
2026.04.04 22:14:59 INFO  Progress (1): 1.7/8.1 MB
2026.04.04 22:14:59 INFO  Progress (1): 1.7/8.1 MB
2026.04.04 22:14:59 INFO  Progress (1): 1.7/8.1 MB
2026.04.04 22:14:59 INFO  Progress (1): 1.7/8.1 MB
2026.04.04 22:14:59 INFO  Progress (1): 1.8/8.1 MB
2026.04.04 22:14:59 INFO  Progress (1): 1.8/8.1 MB
2026.04.04 22:14:59 INFO  Progress (1): 1.8/8.1 MB
2026.04.04 22:14:59 INFO  Progress (1): 1.8/8.1 MB
2026.04.04 22:14:59 INFO  Progress (1): 1.8/8.1 MB
2026.04.04 22:14:59 INFO  Progress (1): 1.8/8.1 MB
2026.04.04 22:14:59 INFO  Progress (1): 1.9/8.1 MB
2026.04.04 22:14:59 INFO  Progress (1): 1.9/8.1 MB
2026.04.04 22:14:59 INFO  Progress (1): 1.9/8.1 MB
2026.04.04 22:14:59 INFO  Progress (1): 1.9/8.1 MB
2026.04.04 22:14:59 INFO  Progress (1): 1.9/8.1 MB
2026.04.04 22:14:59 INFO  Progress (1): 1.9/8.1 MB
2026.04.04 22:14:59 INFO  Progress (1): 1.9/8.1 MB
2026.04.04 22:14:59 INFO  Progress (1): 2.0/8.1 MB
2026.04.04 22:14:59 INFO  Progress (1): 2.0/8.1 MB
2026.04.04 22:14:59 INFO  Progress (1): 2.0/8.1 MB
2026.04.04 22:14:59 INFO  Progress (1): 2.0/8.1 MB
2026.04.04 22:14:59 INFO  Progress (1): 2.0/8.1 MB
2026.04.04 22:14:59 INFO  Progress (1): 2.0/8.1 MB
2026.04.04 22:14:59 INFO  Progress (1): 2.1/8.1 MB
2026.04.04 22:14:59 INFO  Progress (1): 2.1/8.1 MB
2026.04.04 22:14:59 INFO  Progress (1): 2.1/8.1 MB
2026.04.04 22:14:59 INFO  Progress (1): 2.1/8.1 MB
2026.04.04 22:14:59 INFO  Progress (1): 2.1/8.1 MB
2026.04.04 22:14:59 INFO  Progress (1): 2.1/8.1 MB
2026.04.04 22:14:59 INFO  Progress (1): 2.2/8.1 MB
2026.04.04 22:14:59 INFO  Progress (1): 2.2/8.1 MB
2026.04.04 22:14:59 INFO  Progress (1): 2.2/8.1 MB
2026.04.04 22:14:59 INFO  Progress (1): 2.2/8.1 MB
2026.04.04 22:14:59 INFO  Progress (1): 2.2/8.1 MB
2026.04.04 22:14:59 INFO  Progress (1): 2.2/8.1 MB
2026.04.04 22:14:59 INFO  Progress (1): 2.3/8.1 MB
2026.04.04 22:14:59 INFO  Progress (1): 2.3/8.1 MB
2026.04.04 22:14:59 INFO  Progress (1): 2.3/8.1 MB
2026.04.04 22:14:59 INFO  Progress (1): 2.3/8.1 MB
2026.04.04 22:14:59 INFO  Progress (1): 2.3/8.1 MB
2026.04.04 22:14:59 INFO  Progress (1): 2.3/8.1 MB
2026.04.04 22:14:59 INFO  Progress (1): 2.4/8.1 MB
2026.04.04 22:14:59 INFO  Progress (1): 2.4/8.1 MB
2026.04.04 22:14:59 INFO  Progress (1): 2.4/8.1 MB
2026.04.04 22:14:59 INFO  Progress (1): 2.4/8.1 MB
2026.04.04 22:14:59 INFO  Progress (1): 2.4/8.1 MB
2026.04.04 22:14:59 INFO  Progress (1): 2.4/8.1 MB
2026.04.04 22:14:59 INFO  Progress (1): 2.5/8.1 MB
2026.04.04 22:14:59 INFO  Progress (1): 2.5/8.1 MB
2026.04.04 22:14:59 INFO  Progress (1): 2.5/8.1 MB
2026.04.04 22:14:59 INFO  Progress (1): 2.5/8.1 MB
2026.04.04 22:14:59 INFO  Progress (1): 2.5/8.1 MB
2026.04.04 22:14:59 INFO  Progress (1): 2.5/8.1 MB
2026.04.04 22:14:59 INFO  Progress (1): 2.5/8.1 MB
2026.04.04 22:14:59 INFO  Progress (1): 2.6/8.1 MB
2026.04.04 22:14:59 INFO  Progress (1): 2.6/8.1 MB
2026.04.04 22:14:59 INFO  Progress (1): 2.6/8.1 MB
2026.04.04 22:14:59 INFO  Progress (1): 2.6/8.1 MB
2026.04.04 22:14:59 INFO  Progress (1): 2.6/8.1 MB
2026.04.04 22:14:59 INFO  Progress (1): 2.6/8.1 MB
2026.04.04 22:14:59 INFO  Progress (1): 2.6/8.1 MB
2026.04.04 22:14:59 INFO  Progress (1): 2.7/8.1 MB
2026.04.04 22:14:59 INFO  Progress (1): 2.7/8.1 MB
2026.04.04 22:14:59 INFO  Progress (1): 2.7/8.1 MB
2026.04.04 22:14:59 INFO  Progress (1): 2.7/8.1 MB
2026.04.04 22:14:59 INFO  Progress (1): 2.7/8.1 MB
2026.04.04 22:14:59 INFO  Progress (1): 2.7/8.1 MB
2026.04.04 22:14:59 INFO  Progress (1): 2.8/8.1 MB
2026.04.04 22:14:59 INFO  Progress (1): 2.8/8.1 MB
2026.04.04 22:14:59 INFO  Progress (1): 2.8/8.1 MB
2026.04.04 22:14:59 INFO  Progress (1): 2.8/8.1 MB
2026.04.04 22:14:59 INFO  Progress (1): 2.8/8.1 MB
2026.04.04 22:14:59 INFO  Progress (1): 2.8/8.1 MB
2026.04.04 22:14:59 INFO  Progress (1): 2.9/8.1 MB
2026.04.04 22:14:59 INFO  Progress (1): 2.9/8.1 MB
2026.04.04 22:14:59 INFO  Progress (1): 2.9/8.1 MB
2026.04.04 22:14:59 INFO  Progress (1): 2.9/8.1 MB
2026.04.04 22:14:59 INFO  Progress (1): 2.9/8.1 MB
2026.04.04 22:14:59 INFO  Progress (1): 2.9/8.1 MB
2026.04.04 22:14:59 INFO  Progress (1): 3.0/8.1 MB
2026.04.04 22:14:59 INFO  Progress (1): 3.0/8.1 MB
2026.04.04 22:14:59 INFO  Progress (1): 3.0/8.1 MB
2026.04.04 22:14:59 INFO  Progress (1): 3.0/8.1 MB
2026.04.04 22:14:59 INFO  Progress (1): 3.0/8.1 MB
2026.04.04 22:14:59 INFO  Progress (1): 3.0/8.1 MB
2026.04.04 22:14:59 INFO  Progress (1): 3.1/8.1 MB
2026.04.04 22:14:59 INFO  Progress (1): 3.1/8.1 MB
2026.04.04 22:14:59 INFO  Progress (1): 3.1/8.1 MB
2026.04.04 22:14:59 INFO  Progress (1): 3.1/8.1 MB
2026.04.04 22:14:59 INFO  Progress (1): 3.1/8.1 MB
2026.04.04 22:14:59 INFO  Progress (1): 3.1/8.1 MB
2026.04.04 22:14:59 INFO  Progress (1): 3.2/8.1 MB
2026.04.04 22:14:59 INFO  Progress (1): 3.2/8.1 MB
2026.04.04 22:14:59 INFO  Progress (1): 3.2/8.1 MB
2026.04.04 22:14:59 INFO  Progress (1): 3.2/8.1 MB
2026.04.04 22:14:59 INFO  Progress (1): 3.2/8.1 MB
2026.04.04 22:14:59 INFO  Progress (1): 3.2/8.1 MB
2026.04.04 22:14:59 INFO  Progress (1): 3.3/8.1 MB
2026.04.04 22:14:59 INFO  Progress (1): 3.3/8.1 MB
2026.04.04 22:14:59 INFO  Progress (1): 3.3/8.1 MB
2026.04.04 22:14:59 INFO  Progress (1): 3.3/8.1 MB
2026.04.04 22:14:59 INFO  Progress (1): 3.3/8.1 MB
2026.04.04 22:14:59 INFO  Progress (1): 3.3/8.1 MB
2026.04.04 22:14:59 INFO  Progress (1): 3.3/8.1 MB
2026.04.04 22:14:59 INFO  Progress (1): 3.4/8.1 MB
2026.04.04 22:14:59 INFO  Progress (1): 3.4/8.1 MB
2026.04.04 22:14:59 INFO  Progress (1): 3.4/8.1 MB
2026.04.04 22:14:59 INFO  Progress (1): 3.4/8.1 MB
2026.04.04 22:14:59 INFO  Progress (1): 3.4/8.1 MB
2026.04.04 22:14:59 INFO  Progress (1): 3.4/8.1 MB
2026.04.04 22:14:59 INFO  Progress (1): 3.5/8.1 MB
2026.04.04 22:14:59 INFO  Progress (1): 3.5/8.1 MB
2026.04.04 22:14:59 INFO  Progress (1): 3.5/8.1 MB
2026.04.04 22:14:59 INFO  Progress (1): 3.5/8.1 MB
2026.04.04 22:14:59 INFO  Progress (1): 3.5/8.1 MB
2026.04.04 22:14:59 INFO  Progress (1): 3.5/8.1 MB
2026.04.04 22:14:59 INFO  Progress (1): 3.6/8.1 MB
2026.04.04 22:14:59 INFO  Progress (1): 3.6/8.1 MB
2026.04.04 22:14:59 INFO  Progress (1): 3.6/8.1 MB
2026.04.04 22:14:59 INFO  Progress (1): 3.6/8.1 MB
2026.04.04 22:14:59 INFO  Progress (1): 3.6/8.1 MB
2026.04.04 22:14:59 INFO  Progress (1): 3.6/8.1 MB
2026.04.04 22:14:59 INFO  Progress (1): 3.7/8.1 MB
2026.04.04 22:14:59 INFO  Progress (1): 3.7/8.1 MB
2026.04.04 22:14:59 INFO  Progress (1): 3.7/8.1 MB
2026.04.04 22:15:00 INFO  Progress (1): 3.7/8.1 MB
2026.04.04 22:15:00 INFO  Progress (1): 3.7/8.1 MB
2026.04.04 22:15:00 INFO  Progress (1): 3.7/8.1 MB
2026.04.04 22:15:00 INFO  Progress (1): 3.8/8.1 MB
2026.04.04 22:15:00 INFO  Progress (1): 3.8/8.1 MB
2026.04.04 22:15:00 INFO  Progress (1): 3.8/8.1 MB
2026.04.04 22:15:00 INFO  Progress (1): 3.8/8.1 MB
2026.04.04 22:15:00 INFO  Progress (1): 3.8/8.1 MB
2026.04.04 22:15:00 INFO  Progress (1): 3.8/8.1 MB
2026.04.04 22:15:00 INFO  Progress (1): 3.9/8.1 MB
2026.04.04 22:15:00 INFO  Progress (1): 3.9/8.1 MB
2026.04.04 22:15:00 INFO  Progress (1): 3.9/8.1 MB
2026.04.04 22:15:00 INFO  Progress (1): 3.9/8.1 MB
2026.04.04 22:15:00 INFO  Progress (1): 3.9/8.1 MB
2026.04.04 22:15:00 INFO  Progress (1): 3.9/8.1 MB
2026.04.04 22:15:00 INFO  Progress (1): 3.9/8.1 MB
2026.04.04 22:15:00 INFO  Progress (1): 4.0/8.1 MB
2026.04.04 22:15:00 INFO  Progress (1): 4.0/8.1 MB
2026.04.04 22:15:00 INFO  Progress (1): 4.0/8.1 MB
2026.04.04 22:15:00 INFO  Progress (1): 4.0/8.1 MB
2026.04.04 22:15:00 INFO  Progress (1): 4.0/8.1 MB
2026.04.04 22:15:00 INFO  Progress (1): 4.0/8.1 MB
2026.04.04 22:15:00 INFO  Progress (1): 4.1/8.1 MB
2026.04.04 22:15:00 INFO  Progress (1): 4.1/8.1 MB
2026.04.04 22:15:00 INFO  Progress (1): 4.1/8.1 MB
2026.04.04 22:15:00 INFO  Progress (1): 4.1/8.1 MB
2026.04.04 22:15:00 INFO  Progress (1): 4.1/8.1 MB
2026.04.04 22:15:00 INFO  Progress (1): 4.1/8.1 MB
2026.04.04 22:15:00 INFO  Progress (1): 4.2/8.1 MB
2026.04.04 22:15:00 INFO  Progress (1): 4.2/8.1 MB
2026.04.04 22:15:00 INFO  Progress (1): 4.2/8.1 MB
2026.04.04 22:15:00 INFO  Progress (1): 4.2/8.1 MB
2026.04.04 22:15:00 INFO  Progress (1): 4.2/8.1 MB
2026.04.04 22:15:00 INFO  Progress (1): 4.2/8.1 MB
2026.04.04 22:15:00 INFO  Progress (1): 4.3/8.1 MB
2026.04.04 22:15:00 INFO  Progress (1): 4.3/8.1 MB
2026.04.04 22:15:00 INFO  Progress (1): 4.3/8.1 MB
2026.04.04 22:15:00 INFO  Progress (1): 4.3/8.1 MB
2026.04.04 22:15:00 INFO  Progress (1): 4.3/8.1 MB
2026.04.04 22:15:00 INFO  Progress (1): 4.3/8.1 MB
2026.04.04 22:15:00 INFO  Progress (1): 4.4/8.1 MB
2026.04.04 22:15:00 INFO  Progress (1): 4.4/8.1 MB
2026.04.04 22:15:00 INFO  Progress (1): 4.4/8.1 MB
2026.04.04 22:15:00 INFO  Progress (1): 4.4/8.1 MB
2026.04.04 22:15:00 INFO  Progress (1): 4.4/8.1 MB
2026.04.04 22:15:00 INFO  Progress (1): 4.4/8.1 MB
2026.04.04 22:15:00 INFO  Progress (1): 4.5/8.1 MB
2026.04.04 22:15:00 INFO  Progress (1): 4.5/8.1 MB
2026.04.04 22:15:00 INFO  Progress (1): 4.5/8.1 MB
2026.04.04 22:15:00 INFO  Progress (1): 4.5/8.1 MB
2026.04.04 22:15:00 INFO  Progress (1): 4.5/8.1 MB
2026.04.04 22:15:00 INFO  Progress (1): 4.5/8.1 MB
2026.04.04 22:15:00 INFO  Progress (1): 4.6/8.1 MB
2026.04.04 22:15:00 INFO  Progress (1): 4.6/8.1 MB
2026.04.04 22:15:00 INFO  Progress (1): 4.6/8.1 MB
2026.04.04 22:15:00 INFO  Progress (1): 4.6/8.1 MB
2026.04.04 22:15:00 INFO  Progress (1): 4.6/8.1 MB
2026.04.04 22:15:00 INFO  Progress (1): 4.6/8.1 MB
2026.04.04 22:15:00 INFO  Progress (1): 4.7/8.1 MB
2026.04.04 22:15:00 INFO  Progress (1): 4.7/8.1 MB
2026.04.04 22:15:00 INFO  Progress (1): 4.7/8.1 MB
2026.04.04 22:15:00 INFO  Progress (1): 4.7/8.1 MB
2026.04.04 22:15:00 INFO  Progress (1): 4.7/8.1 MB
2026.04.04 22:15:00 INFO  Progress (1): 4.7/8.1 MB
2026.04.04 22:15:00 INFO  Progress (1): 4.8/8.1 MB
2026.04.04 22:15:00 INFO  Progress (1): 4.8/8.1 MB
2026.04.04 22:15:00 INFO  Progress (1): 4.8/8.1 MB
2026.04.04 22:15:00 INFO  Progress (1): 4.8/8.1 MB
2026.04.04 22:15:00 INFO  Progress (1): 4.8/8.1 MB
2026.04.04 22:15:00 INFO  Progress (1): 4.8/8.1 MB
2026.04.04 22:15:00 INFO  Progress (1): 4.8/8.1 MB
2026.04.04 22:15:00 INFO  Progress (1): 4.9/8.1 MB
2026.04.04 22:15:00 INFO  Progress (1): 4.9/8.1 MB
2026.04.04 22:15:00 INFO  Progress (1): 4.9/8.1 MB
2026.04.04 22:15:00 INFO  Progress (1): 4.9/8.1 MB
2026.04.04 22:15:00 INFO  Progress (1): 4.9/8.1 MB
2026.04.04 22:15:00 INFO  Progress (1): 4.9/8.1 MB
2026.04.04 22:15:00 INFO  Progress (1): 4.9/8.1 MB
2026.04.04 22:15:00 INFO  Progress (1): 5.0/8.1 MB
2026.04.04 22:15:00 INFO  Progress (1): 5.0/8.1 MB
2026.04.04 22:15:00 INFO  Progress (1): 5.0/8.1 MB
2026.04.04 22:15:00 INFO  Progress (1): 5.0/8.1 MB
2026.04.04 22:15:00 INFO  Progress (1): 5.0/8.1 MB
2026.04.04 22:15:00 INFO  Progress (1): 5.0/8.1 MB
2026.04.04 22:15:00 INFO  Progress (1): 5.1/8.1 MB
2026.04.04 22:15:00 INFO  Progress (1): 5.1/8.1 MB
2026.04.04 22:15:00 INFO  Progress (1): 5.1/8.1 MB
2026.04.04 22:15:00 INFO  Progress (1): 5.1/8.1 MB
2026.04.04 22:15:00 INFO  Progress (1): 5.1/8.1 MB
2026.04.04 22:15:00 INFO  Progress (1): 5.1/8.1 MB
2026.04.04 22:15:00 INFO  Progress (1): 5.2/8.1 MB
2026.04.04 22:15:00 INFO  Progress (1): 5.2/8.1 MB
2026.04.04 22:15:00 INFO  Progress (1): 5.2/8.1 MB
2026.04.04 22:15:00 INFO  Progress (1): 5.2/8.1 MB
2026.04.04 22:15:00 INFO  Progress (1): 5.2/8.1 MB
2026.04.04 22:15:00 INFO  Progress (1): 5.2/8.1 MB
2026.04.04 22:15:00 INFO  Progress (1): 5.3/8.1 MB
2026.04.04 22:15:00 INFO  Progress (1): 5.3/8.1 MB
2026.04.04 22:15:00 INFO  Progress (1): 5.3/8.1 MB
2026.04.04 22:15:00 INFO  Progress (1): 5.3/8.1 MB
2026.04.04 22:15:00 INFO  Progress (1): 5.3/8.1 MB
2026.04.04 22:15:00 INFO  Progress (1): 5.3/8.1 MB
2026.04.04 22:15:00 INFO  Progress (1): 5.4/8.1 MB
2026.04.04 22:15:00 INFO  Progress (1): 5.4/8.1 MB
2026.04.04 22:15:00 INFO  Progress (1): 5.4/8.1 MB
2026.04.04 22:15:00 INFO  Progress (1): 5.4/8.1 MB
2026.04.04 22:15:00 INFO  Progress (1): 5.4/8.1 MB
2026.04.04 22:15:00 INFO  Progress (1): 5.4/8.1 MB
2026.04.04 22:15:00 INFO  Progress (1): 5.5/8.1 MB
2026.04.04 22:15:00 INFO  Progress (1): 5.5/8.1 MB
2026.04.04 22:15:00 INFO  Progress (1): 5.5/8.1 MB
2026.04.04 22:15:00 INFO  Progress (1): 5.5/8.1 MB
2026.04.04 22:15:00 INFO  Progress (1): 5.5/8.1 MB
2026.04.04 22:15:00 INFO  Progress (1): 5.5/8.1 MB
2026.04.04 22:15:00 INFO  Progress (1): 5.6/8.1 MB
2026.04.04 22:15:00 INFO  Progress (1): 5.6/8.1 MB
2026.04.04 22:15:00 INFO  Progress (1): 5.6/8.1 MB
2026.04.04 22:15:00 INFO  Progress (1): 5.6/8.1 MB
2026.04.04 22:15:00 INFO  Progress (1): 5.6/8.1 MB
2026.04.04 22:15:00 INFO  Progress (1): 5.6/8.1 MB
2026.04.04 22:15:00 INFO  Progress (1): 5.7/8.1 MB
2026.04.04 22:15:00 INFO  Progress (1): 5.7/8.1 MB
2026.04.04 22:15:00 INFO  Progress (1): 5.7/8.1 MB
2026.04.04 22:15:00 INFO  Progress (1): 5.7/8.1 MB
2026.04.04 22:15:00 INFO  Progress (1): 5.7/8.1 MB
2026.04.04 22:15:00 INFO  Progress (1): 5.7/8.1 MB
2026.04.04 22:15:00 INFO  Progress (1): 5.7/8.1 MB
2026.04.04 22:15:00 INFO  Progress (1): 5.8/8.1 MB
2026.04.04 22:15:00 INFO  Progress (1): 5.8/8.1 MB
2026.04.04 22:15:00 INFO  Progress (1): 5.8/8.1 MB
2026.04.04 22:15:00 INFO  Progress (1): 5.8/8.1 MB
2026.04.04 22:15:00 INFO  Progress (1): 5.8/8.1 MB
2026.04.04 22:15:00 INFO  Progress (1): 5.8/8.1 MB
2026.04.04 22:15:00 INFO  Progress (1): 5.9/8.1 MB
2026.04.04 22:15:00 INFO  Progress (1): 5.9/8.1 MB
2026.04.04 22:15:00 INFO  Progress (1): 5.9/8.1 MB
2026.04.04 22:15:00 INFO  Progress (1): 5.9/8.1 MB
2026.04.04 22:15:00 INFO  Progress (1): 5.9/8.1 MB
2026.04.04 22:15:00 INFO  Progress (1): 5.9/8.1 MB
2026.04.04 22:15:00 INFO  Progress (1): 6.0/8.1 MB
2026.04.04 22:15:00 INFO  Progress (1): 6.0/8.1 MB
2026.04.04 22:15:00 INFO  Progress (1): 6.0/8.1 MB
2026.04.04 22:15:00 INFO  Progress (1): 6.0/8.1 MB
2026.04.04 22:15:00 INFO  Progress (1): 6.0/8.1 MB
2026.04.04 22:15:00 INFO  Progress (1): 6.0/8.1 MB
2026.04.04 22:15:00 INFO  Progress (1): 6.0/8.1 MB
2026.04.04 22:15:00 INFO  Progress (1): 6.1/8.1 MB
2026.04.04 22:15:00 INFO  Progress (1): 6.1/8.1 MB
2026.04.04 22:15:00 INFO  Progress (1): 6.1/8.1 MB
2026.04.04 22:15:00 INFO  Progress (1): 6.1/8.1 MB
2026.04.04 22:15:00 INFO  Progress (1): 6.1/8.1 MB
2026.04.04 22:15:00 INFO  Progress (1): 6.1/8.1 MB
2026.04.04 22:15:00 INFO  Progress (1): 6.2/8.1 MB
2026.04.04 22:15:00 INFO  Progress (1): 6.2/8.1 MB
2026.04.04 22:15:00 INFO  Progress (1): 6.2/8.1 MB
2026.04.04 22:15:00 INFO  Progress (1): 6.2/8.1 MB
2026.04.04 22:15:00 INFO  Progress (1): 6.2/8.1 MB
2026.04.04 22:15:00 INFO  Progress (1): 6.2/8.1 MB
2026.04.04 22:15:00 INFO  Progress (1): 6.3/8.1 MB
2026.04.04 22:15:00 INFO  Progress (1): 6.3/8.1 MB
2026.04.04 22:15:00 INFO  Progress (1): 6.3/8.1 MB
2026.04.04 22:15:00 INFO  Progress (1): 6.3/8.1 MB
2026.04.04 22:15:00 INFO  Progress (1): 6.3/8.1 MB
2026.04.04 22:15:00 INFO  Progress (1): 6.3/8.1 MB
2026.04.04 22:15:00 INFO  Progress (1): 6.4/8.1 MB
2026.04.04 22:15:00 INFO  Progress (1): 6.4/8.1 MB
2026.04.04 22:15:00 INFO  Progress (1): 6.4/8.1 MB
2026.04.04 22:15:00 INFO  Progress (1): 6.4/8.1 MB
2026.04.04 22:15:00 INFO  Progress (1): 6.4/8.1 MB
2026.04.04 22:15:00 INFO  Progress (1): 6.4/8.1 MB
2026.04.04 22:15:00 INFO  Progress (1): 6.5/8.1 MB
2026.04.04 22:15:00 INFO  Progress (1): 6.5/8.1 MB
2026.04.04 22:15:00 INFO  Progress (1): 6.5/8.1 MB
2026.04.04 22:15:00 INFO  Progress (1): 6.5/8.1 MB
2026.04.04 22:15:00 INFO  Progress (1): 6.5/8.1 MB
2026.04.04 22:15:00 INFO  Progress (1): 6.5/8.1 MB
2026.04.04 22:15:00 INFO  Progress (1): 6.6/8.1 MB
2026.04.04 22:15:00 INFO  Progress (1): 6.6/8.1 MB
2026.04.04 22:15:00 INFO  Progress (1): 6.6/8.1 MB
2026.04.04 22:15:00 INFO  Progress (1): 6.6/8.1 MB
2026.04.04 22:15:00 INFO  Progress (1): 6.6/8.1 MB
2026.04.04 22:15:00 INFO  Progress (1): 6.6/8.1 MB
2026.04.04 22:15:00 INFO  Progress (1): 6.7/8.1 MB
2026.04.04 22:15:00 INFO  Progress (1): 6.7/8.1 MB
2026.04.04 22:15:00 INFO  Progress (1): 6.7/8.1 MB
2026.04.04 22:15:00 INFO  Progress (1): 6.7/8.1 MB
2026.04.04 22:15:00 INFO  Progress (1): 6.7/8.1 MB
2026.04.04 22:15:00 INFO  Progress (1): 6.7/8.1 MB
2026.04.04 22:15:00 INFO  Progress (1): 6.8/8.1 MB
2026.04.04 22:15:00 INFO  Progress (1): 6.8/8.1 MB
2026.04.04 22:15:00 INFO  Progress (1): 6.8/8.1 MB
2026.04.04 22:15:00 INFO  Progress (1): 6.8/8.1 MB
2026.04.04 22:15:00 INFO  Progress (1): 6.8/8.1 MB
2026.04.04 22:15:00 INFO  Progress (1): 6.8/8.1 MB
2026.04.04 22:15:00 INFO  Progress (1): 6.9/8.1 MB
2026.04.04 22:15:00 INFO  Progress (1): 6.9/8.1 MB
2026.04.04 22:15:00 INFO  Progress (1): 6.9/8.1 MB
2026.04.04 22:15:00 INFO  Progress (1): 6.9/8.1 MB
2026.04.04 22:15:00 INFO  Progress (1): 6.9/8.1 MB
2026.04.04 22:15:00 INFO  Progress (1): 6.9/8.1 MB
2026.04.04 22:15:00 INFO  Progress (1): 6.9/8.1 MB
2026.04.04 22:15:00 INFO  Progress (1): 7.0/8.1 MB
2026.04.04 22:15:00 INFO  Progress (1): 7.0/8.1 MB
2026.04.04 22:15:00 INFO  Progress (1): 7.0/8.1 MB
2026.04.04 22:15:00 INFO  Progress (1): 7.0/8.1 MB
2026.04.04 22:15:00 INFO  Progress (1): 7.0/8.1 MB
2026.04.04 22:15:00 INFO  Progress (1): 7.0/8.1 MB
2026.04.04 22:15:00 INFO  Progress (1): 7.1/8.1 MB
2026.04.04 22:15:00 INFO  Progress (1): 7.1/8.1 MB
2026.04.04 22:15:00 INFO  Progress (1): 7.1/8.1 MB
2026.04.04 22:15:00 INFO  Progress (1): 7.1/8.1 MB
2026.04.04 22:15:00 INFO  Progress (1): 7.1/8.1 MB
2026.04.04 22:15:00 INFO  Progress (1): 7.1/8.1 MB
2026.04.04 22:15:00 INFO  Progress (1): 7.2/8.1 MB
2026.04.04 22:15:00 INFO  Progress (1): 7.2/8.1 MB
2026.04.04 22:15:00 INFO  Progress (1): 7.2/8.1 MB
2026.04.04 22:15:00 INFO  Progress (1): 7.2/8.1 MB
2026.04.04 22:15:00 INFO  Progress (1): 7.2/8.1 MB
2026.04.04 22:15:00 INFO  Progress (1): 7.2/8.1 MB
2026.04.04 22:15:00 INFO  Progress (1): 7.3/8.1 MB
2026.04.04 22:15:00 INFO  Progress (1): 7.3/8.1 MB
2026.04.04 22:15:00 INFO  Progress (1): 7.3/8.1 MB
2026.04.04 22:15:00 INFO  Progress (1): 7.3/8.1 MB
2026.04.04 22:15:00 INFO  Progress (1): 7.3/8.1 MB
2026.04.04 22:15:00 INFO  Progress (1): 7.3/8.1 MB
2026.04.04 22:15:00 INFO  Progress (1): 7.4/8.1 MB
2026.04.04 22:15:00 INFO  Progress (1): 7.4/8.1 MB
2026.04.04 22:15:00 INFO  Progress (1): 7.4/8.1 MB
2026.04.04 22:15:00 INFO  Progress (1): 7.4/8.1 MB
2026.04.04 22:15:00 INFO  Progress (1): 7.4/8.1 MB
2026.04.04 22:15:00 INFO  Progress (1): 7.4/8.1 MB
2026.04.04 22:15:00 INFO  Progress (1): 7.5/8.1 MB
2026.04.04 22:15:00 INFO  Progress (1): 7.5/8.1 MB
2026.04.04 22:15:00 INFO  Progress (1): 7.5/8.1 MB
2026.04.04 22:15:00 INFO  Progress (1): 7.5/8.1 MB
2026.04.04 22:15:00 INFO  Progress (1): 7.5/8.1 MB
2026.04.04 22:15:00 INFO  Progress (1): 7.5/8.1 MB
2026.04.04 22:15:00 INFO  Progress (1): 7.6/8.1 MB
2026.04.04 22:15:00 INFO  Progress (1): 7.6/8.1 MB
2026.04.04 22:15:00 INFO  Progress (1): 7.6/8.1 MB
2026.04.04 22:15:00 INFO  Progress (1): 7.6/8.1 MB
2026.04.04 22:15:00 INFO  Progress (1): 7.6/8.1 MB
2026.04.04 22:15:00 INFO  Progress (1): 7.6/8.1 MB
2026.04.04 22:15:00 INFO  Progress (1): 7.7/8.1 MB
2026.04.04 22:15:00 INFO  Progress (1): 7.7/8.1 MB
2026.04.04 22:15:00 INFO  Progress (1): 7.7/8.1 MB
2026.04.04 22:15:00 INFO  Progress (1): 7.7/8.1 MB
2026.04.04 22:15:00 INFO  Progress (1): 7.7/8.1 MB
2026.04.04 22:15:00 INFO  Progress (1): 7.7/8.1 MB
2026.04.04 22:15:00 INFO  Progress (1): 7.8/8.1 MB
2026.04.04 22:15:00 INFO  Progress (1): 7.8/8.1 MB
2026.04.04 22:15:00 INFO  Progress (1): 7.8/8.1 MB
2026.04.04 22:15:00 INFO  Progress (1): 7.8/8.1 MB
2026.04.04 22:15:00 INFO  Progress (1): 7.8/8.1 MB
2026.04.04 22:15:00 INFO  Progress (1): 7.8/8.1 MB
2026.04.04 22:15:00 INFO  Progress (1): 7.9/8.1 MB
2026.04.04 22:15:00 INFO  Progress (1): 7.9/8.1 MB
2026.04.04 22:15:00 INFO  Progress (1): 7.9/8.1 MB
2026.04.04 22:15:00 INFO  Progress (1): 7.9/8.1 MB
2026.04.04 22:15:00 INFO  Progress (1): 7.9/8.1 MB
2026.04.04 22:15:00 INFO  Progress (1): 7.9/8.1 MB
2026.04.04 22:15:00 INFO  Progress (1): 7.9/8.1 MB
2026.04.04 22:15:00 INFO  Progress (1): 8.0/8.1 MB
2026.04.04 22:15:00 INFO  Progress (1): 8.0/8.1 MB
2026.04.04 22:15:00 INFO  Progress (1): 8.0/8.1 MB
2026.04.04 22:15:00 INFO  Progress (1): 8.0/8.1 MB
2026.04.04 22:15:00 INFO  Progress (1): 8.0/8.1 MB
2026.04.04 22:15:00 INFO  Progress (1): 8.0/8.1 MB
2026.04.04 22:15:00 INFO  Progress (1): 8.1/8.1 MB
2026.04.04 22:15:00 INFO  Progress (1): 8.1/8.1 MB
2026.04.04 22:15:00 INFO  Progress (1): 8.1/8.1 MB
2026.04.04 22:15:00 INFO  Progress (1): 8.1/8.1 MB
2026.04.04 22:15:00 INFO  Progress (1): 8.1/8.1 MB
2026.04.04 22:15:00 INFO  Progress (1): 8.1/8.1 MB
2026.04.04 22:15:00 INFO  Progress (1): 8.1 MB    
2026.04.04 22:15:00 INFO                      
2026.04.04 22:15:00 INFO  Downloaded from central: https://repo.maven.apache.org/maven2/org/hibernate/orm/hibernate-core/7.2.7.Final/hibernate-core-7.2.7.Final-sources.jar (8.1 MB at 10 MB/s)
2026.04.04 22:15:00 INFO  [INFO] SUCCESS: org.hibernate.orm:hibernate-core:jar:7.2.7.Final:compile (sources = true)
2026.04.04 22:15:00 INFO  [INFO] Resolving artifact: com.zaxxer:HikariCP:jar:7.0.2:compile (sources = false)
2026.04.04 22:15:00 INFO  [INFO] SUCCESS: com.zaxxer:HikariCP:jar:7.0.2:compile (sources = false)
2026.04.04 22:15:00 INFO  [INFO] Resolving artifact: com.zaxxer:HikariCP:jar:7.0.2:compile (sources = true)
2026.04.04 22:15:00 INFO  Downloading from central: https://repo.maven.apache.org/maven2/com/zaxxer/HikariCP/7.0.2/HikariCP-7.0.2-sources.jar
2026.04.04 22:15:00 INFO  Progress (1): 7.7/103 kB
2026.04.04 22:15:00 INFO  Progress (1): 8.2/103 kB
2026.04.04 22:15:00 INFO  Progress (1): 25/103 kB 
2026.04.04 22:15:00 INFO  Progress (1): 41/103 kB
2026.04.04 22:15:00 INFO  Progress (1): 57/103 kB
2026.04.04 22:15:00 INFO  Progress (1): 74/103 kB
2026.04.04 22:15:00 INFO  Progress (1): 90/103 kB
2026.04.04 22:15:00 INFO  Progress (1): 103 kB   
2026.04.04 22:15:00 INFO                      
2026.04.04 22:15:00 INFO  Downloaded from central: https://repo.maven.apache.org/maven2/com/zaxxer/HikariCP/7.0.2/HikariCP-7.0.2-sources.jar (103 kB at 535 kB/s)
2026.04.04 22:15:00 INFO  [INFO] SUCCESS: com.zaxxer:HikariCP:jar:7.0.2:compile (sources = true)
2026.04.04 22:15:00 INFO  [INFO] Resolving artifact: tools.jackson.core:jackson-databind:jar:3.1.0:compile (sources = false)
2026.04.04 22:15:00 INFO  [INFO] SUCCESS: tools.jackson.core:jackson-databind:jar:3.1.0:compile (sources = false)
2026.04.04 22:15:00 INFO  [INFO] Resolving artifact: tools.jackson.core:jackson-databind:jar:3.1.0:compile (sources = true)
2026.04.04 22:15:00 INFO  Downloading from central: https://repo.maven.apache.org/maven2/tools/jackson/core/jackson-databind/3.1.0/jackson-databind-3.1.0-sources.jar
2026.04.04 22:15:00 INFO  Progress (1): 0/1.3 MB
2026.04.04 22:15:00 INFO  Progress (1): 0/1.3 MB
2026.04.04 22:15:00 INFO  Progress (1): 0/1.3 MB
2026.04.04 22:15:00 INFO  Progress (1): 0/1.3 MB
2026.04.04 22:15:00 INFO  Progress (1): 0.1/1.3 MB
2026.04.04 22:15:00 INFO  Progress (1): 0.1/1.3 MB
2026.04.04 22:15:00 INFO  Progress (1): 0.1/1.3 MB
2026.04.04 22:15:00 INFO  Progress (1): 0.1/1.3 MB
2026.04.04 22:15:00 INFO  Progress (1): 0.1/1.3 MB
2026.04.04 22:15:00 INFO  Progress (1): 0.1/1.3 MB
2026.04.04 22:15:00 INFO  Progress (1): 0.1/1.3 MB
2026.04.04 22:15:00 INFO  Progress (1): 0.1/1.3 MB
2026.04.04 22:15:00 INFO  Progress (1): 0.2/1.3 MB
2026.04.04 22:15:00 INFO  Progress (1): 0.2/1.3 MB
2026.04.04 22:15:00 INFO  Progress (1): 0.2/1.3 MB
2026.04.04 22:15:00 INFO  Progress (1): 0.2/1.3 MB
2026.04.04 22:15:00 INFO  Progress (1): 0.2/1.3 MB
2026.04.04 22:15:00 INFO  Progress (1): 0.2/1.3 MB
2026.04.04 22:15:00 INFO  Progress (1): 0.3/1.3 MB
2026.04.04 22:15:00 INFO  Progress (1): 0.3/1.3 MB
2026.04.04 22:15:00 INFO  Progress (1): 0.3/1.3 MB
2026.04.04 22:15:00 INFO  Progress (1): 0.3/1.3 MB
2026.04.04 22:15:00 INFO  Progress (1): 0.3/1.3 MB
2026.04.04 22:15:00 INFO  Progress (1): 0.3/1.3 MB
2026.04.04 22:15:00 INFO  Progress (1): 0.4/1.3 MB
2026.04.04 22:15:00 INFO  Progress (1): 0.4/1.3 MB
2026.04.04 22:15:00 INFO  Progress (1): 0.4/1.3 MB
2026.04.04 22:15:00 INFO  Progress (1): 0.4/1.3 MB
2026.04.04 22:15:00 INFO  Progress (1): 0.4/1.3 MB
2026.04.04 22:15:00 INFO  Progress (1): 0.4/1.3 MB
2026.04.04 22:15:00 INFO  Progress (1): 0.5/1.3 MB
2026.04.04 22:15:00 INFO  Progress (1): 0.5/1.3 MB
2026.04.04 22:15:00 INFO  Progress (1): 0.5/1.3 MB
2026.04.04 22:15:00 INFO  Progress (1): 0.5/1.3 MB
2026.04.04 22:15:00 INFO  Progress (1): 0.5/1.3 MB
2026.04.04 22:15:00 INFO  Progress (1): 0.5/1.3 MB
2026.04.04 22:15:00 INFO  Progress (1): 0.5/1.3 MB
2026.04.04 22:15:00 INFO  Progress (1): 0.6/1.3 MB
2026.04.04 22:15:00 INFO  Progress (1): 0.6/1.3 MB
2026.04.04 22:15:00 INFO  Progress (1): 0.6/1.3 MB
2026.04.04 22:15:00 INFO  Progress (1): 0.6/1.3 MB
2026.04.04 22:15:00 INFO  Progress (1): 0.6/1.3 MB
2026.04.04 22:15:00 INFO  Progress (1): 0.6/1.3 MB
2026.04.04 22:15:00 INFO  Progress (1): 0.7/1.3 MB
2026.04.04 22:15:00 INFO  Progress (1): 0.7/1.3 MB
2026.04.04 22:15:00 INFO  Progress (1): 0.7/1.3 MB
2026.04.04 22:15:00 INFO  Progress (1): 0.7/1.3 MB
2026.04.04 22:15:00 INFO  Progress (1): 0.7/1.3 MB
2026.04.04 22:15:00 INFO  Progress (1): 0.7/1.3 MB
2026.04.04 22:15:00 INFO  Progress (1): 0.8/1.3 MB
2026.04.04 22:15:00 INFO  Progress (1): 0.8/1.3 MB
2026.04.04 22:15:00 INFO  Progress (1): 0.8/1.3 MB
2026.04.04 22:15:00 INFO  Progress (1): 0.8/1.3 MB
2026.04.04 22:15:00 INFO  Progress (1): 0.8/1.3 MB
2026.04.04 22:15:00 INFO  Progress (1): 0.8/1.3 MB
2026.04.04 22:15:00 INFO  Progress (1): 0.9/1.3 MB
2026.04.04 22:15:00 INFO  Progress (1): 0.9/1.3 MB
2026.04.04 22:15:00 INFO  Progress (1): 0.9/1.3 MB
2026.04.04 22:15:00 INFO  Progress (1): 0.9/1.3 MB
2026.04.04 22:15:00 INFO  Progress (1): 0.9/1.3 MB
2026.04.04 22:15:00 INFO  Progress (1): 0.9/1.3 MB
2026.04.04 22:15:00 INFO  Progress (1): 1.0/1.3 MB
2026.04.04 22:15:00 INFO  Progress (1): 1.0/1.3 MB
2026.04.04 22:15:00 INFO  Progress (1): 1.0/1.3 MB
2026.04.04 22:15:00 INFO  Progress (1): 1.0/1.3 MB
2026.04.04 22:15:00 INFO  Progress (1): 1.0/1.3 MB
2026.04.04 22:15:00 INFO  Progress (1): 1.0/1.3 MB
2026.04.04 22:15:00 INFO  Progress (1): 1.1/1.3 MB
2026.04.04 22:15:00 INFO  Progress (1): 1.1/1.3 MB
2026.04.04 22:15:00 INFO  Progress (1): 1.1/1.3 MB
2026.04.04 22:15:00 INFO  Progress (1): 1.1/1.3 MB
2026.04.04 22:15:00 INFO  Progress (1): 1.1/1.3 MB
2026.04.04 22:15:00 INFO  Progress (1): 1.1/1.3 MB
2026.04.04 22:15:00 INFO  Progress (1): 1.2/1.3 MB
2026.04.04 22:15:00 INFO  Progress (1): 1.2/1.3 MB
2026.04.04 22:15:00 INFO  Progress (1): 1.2/1.3 MB
2026.04.04 22:15:00 INFO  Progress (1): 1.2/1.3 MB
2026.04.04 22:15:00 INFO  Progress (1): 1.2/1.3 MB
2026.04.04 22:15:00 INFO  Progress (1): 1.2/1.3 MB
2026.04.04 22:15:00 INFO  Progress (1): 1.2/1.3 MB
2026.04.04 22:15:00 INFO  Progress (1): 1.3/1.3 MB
2026.04.04 22:15:00 INFO  Progress (1): 1.3/1.3 MB
2026.04.04 22:15:00 INFO  Progress (1): 1.3/1.3 MB
2026.04.04 22:15:00 INFO  Progress (1): 1.3/1.3 MB
2026.04.04 22:15:00 INFO  Progress (1): 1.3/1.3 MB
2026.04.04 22:15:00 INFO  Progress (1): 1.3 MB    
2026.04.04 22:15:00 INFO                      
2026.04.04 22:15:00 INFO  Downloaded from central: https://repo.maven.apache.org/maven2/tools/jackson/core/jackson-databind/3.1.0/jackson-databind-3.1.0-sources.jar (1.3 MB at 5.2 MB/s)
2026.04.04 22:15:00 INFO  [INFO] SUCCESS: tools.jackson.core:jackson-databind:jar:3.1.0:compile (sources = true)
2026.04.04 22:15:00 INFO  [INFO] Resolving artifact: org.antlr:antlr4-runtime:jar:4.13.2:compile (sources = false)
2026.04.04 22:15:00 INFO  [INFO] SUCCESS: org.antlr:antlr4-runtime:jar:4.13.2:compile (sources = false)
2026.04.04 22:15:00 INFO  [INFO] Resolving artifact: org.antlr:antlr4-runtime:jar:4.13.2:compile (sources = true)
2026.04.04 22:15:00 INFO  Downloading from central: https://repo.maven.apache.org/maven2/org/antlr/antlr4-runtime/4.13.2/antlr4-runtime-4.13.2-sources.jar
2026.04.04 22:15:00 INFO  Progress (1): 7.7/314 kB
2026.04.04 22:15:00 INFO  Progress (1): 8.2/314 kB
2026.04.04 22:15:00 INFO  Progress (1): 25/314 kB 
2026.04.04 22:15:00 INFO  Progress (1): 41/314 kB
2026.04.04 22:15:00 INFO  Progress (1): 57/314 kB
2026.04.04 22:15:00 INFO  Progress (1): 74/314 kB
2026.04.04 22:15:00 INFO  Progress (1): 90/314 kB
2026.04.04 22:15:00 INFO  Progress (1): 94/314 kB
2026.04.04 22:15:00 INFO  Progress (1): 110/314 kB
2026.04.04 22:15:00 INFO  Progress (1): 127/314 kB
2026.04.04 22:15:00 INFO  Progress (1): 131/314 kB
2026.04.04 22:15:00 INFO  Progress (1): 147/314 kB
2026.04.04 22:15:00 INFO  Progress (1): 164/314 kB
2026.04.04 22:15:00 INFO  Progress (1): 180/314 kB
2026.04.04 22:15:00 INFO  Progress (1): 197/314 kB
2026.04.04 22:15:00 INFO  Progress (1): 213/314 kB
2026.04.04 22:15:00 INFO  Progress (1): 229/314 kB
2026.04.04 22:15:00 INFO  Progress (1): 246/314 kB
2026.04.04 22:15:00 INFO  Progress (1): 262/314 kB
2026.04.04 22:15:00 INFO  Progress (1): 279/314 kB
2026.04.04 22:15:00 INFO  Progress (1): 295/314 kB
2026.04.04 22:15:00 INFO  Progress (1): 311/314 kB
2026.04.04 22:15:00 INFO  Progress (1): 314 kB    
2026.04.04 22:15:01 INFO                      
2026.04.04 22:15:01 INFO  Downloaded from central: https://repo.maven.apache.org/maven2/org/antlr/antlr4-runtime/4.13.2/antlr4-runtime-4.13.2-sources.jar (314 kB at 2.8 MB/s)
2026.04.04 22:15:01 INFO  [INFO] SUCCESS: org.antlr:antlr4-runtime:jar:4.13.2:compile (sources = true)
2026.04.04 22:15:01 INFO  [INFO] Resolving artifact: io.micrometer:micrometer-observation:jar:1.16.4:compile (sources = false)
2026.04.04 22:15:01 INFO  [INFO] SUCCESS: io.micrometer:micrometer-observation:jar:1.16.4:compile (sources = false)
2026.04.04 22:15:01 INFO  [INFO] Resolving artifact: io.micrometer:micrometer-observation:jar:1.16.4:compile (sources = true)
2026.04.04 22:15:01 INFO  Downloading from central: https://repo.maven.apache.org/maven2/io/micrometer/micrometer-observation/1.16.4/micrometer-observation-1.16.4-sources.jar
2026.04.04 22:15:01 INFO  Progress (1): 7.7/59 kB
2026.04.04 22:15:01 INFO  Progress (1): 8.2/59 kB
2026.04.04 22:15:01 INFO  Progress (1): 25/59 kB 
2026.04.04 22:15:01 INFO  Progress (1): 41/59 kB
2026.04.04 22:15:01 INFO  Progress (1): 57/59 kB
2026.04.04 22:15:01 INFO  Progress (1): 59 kB   
2026.04.04 22:15:01 INFO                     
2026.04.04 22:15:01 INFO  Downloaded from central: https://repo.maven.apache.org/maven2/io/micrometer/micrometer-observation/1.16.4/micrometer-observation-1.16.4-sources.jar (59 kB at 324 kB/s)
2026.04.04 22:15:01 INFO  [INFO] SUCCESS: io.micrometer:micrometer-observation:jar:1.16.4:compile (sources = true)
2026.04.04 22:15:01 INFO  [INFO] Resolving artifact: org.opentest4j:opentest4j:jar:1.3.0:test (sources = false)
2026.04.04 22:15:01 INFO  [INFO] SUCCESS: org.opentest4j:opentest4j:jar:1.3.0:test (sources = false)
2026.04.04 22:15:01 INFO  [INFO] Resolving artifact: org.opentest4j:opentest4j:jar:1.3.0:test (sources = true)
2026.04.04 22:15:01 INFO  Downloading from central: https://repo.maven.apache.org/maven2/org/opentest4j/opentest4j/1.3.0/opentest4j-1.3.0-sources.jar
2026.04.04 22:15:01 INFO  Progress (1): 7.7/10 kB
2026.04.04 22:15:01 INFO  Progress (1): 10 kB    
2026.04.04 22:15:01 INFO                     
2026.04.04 22:15:01 INFO  Downloaded from central: https://repo.maven.apache.org/maven2/org/opentest4j/opentest4j/1.3.0/opentest4j-1.3.0-sources.jar (10 kB at 37 kB/s)
2026.04.04 22:15:01 INFO  [INFO] SUCCESS: org.opentest4j:opentest4j:jar:1.3.0:test (sources = true)
2026.04.04 22:15:01 INFO  [INFO] Resolving artifact: org.springframework.boot:spring-boot-starter-webmvc:jar:4.0.5:compile (sources = false)
2026.04.04 22:15:01 INFO  [INFO] SUCCESS: org.springframework.boot:spring-boot-starter-webmvc:jar:4.0.5:compile (sources = false)
2026.04.04 22:15:01 INFO  [INFO] Resolving artifact: org.springframework.boot:spring-boot-starter-webmvc:jar:4.0.5:compile (sources = true)
2026.04.04 22:15:01 INFO  Downloading from central: https://repo.maven.apache.org/maven2/org/springframework/boot/spring-boot-starter-webmvc/4.0.5/spring-boot-starter-webmvc-4.0.5-sources.jar
2026.04.04 22:15:01 INFO  Progress (1): 4.7 kB
2026.04.04 22:15:01 INFO                      
2026.04.04 22:15:01 INFO  Downloaded from central: https://repo.maven.apache.org/maven2/org/springframework/boot/spring-boot-starter-webmvc/4.0.5/spring-boot-starter-webmvc-4.0.5-sources.jar (4.7 kB at 53 kB/s)
2026.04.04 22:15:01 INFO  [INFO] SUCCESS: org.springframework.boot:spring-boot-starter-webmvc:jar:4.0.5:compile (sources = true)
2026.04.04 22:15:01 INFO  [INFO] Resolving artifact: org.springframework.boot:spring-boot-starter-test:jar:4.0.5:test (sources = false)
2026.04.04 22:15:01 INFO  [INFO] SUCCESS: org.springframework.boot:spring-boot-starter-test:jar:4.0.5:test (sources = false)
2026.04.04 22:15:01 INFO  [INFO] Resolving artifact: org.springframework.boot:spring-boot-starter-test:jar:4.0.5:test (sources = true)
2026.04.04 22:15:01 INFO  Downloading from central: https://repo.maven.apache.org/maven2/org/springframework/boot/spring-boot-starter-test/4.0.5/spring-boot-starter-test-4.0.5-sources.jar
2026.04.04 22:15:01 INFO  Progress (1): 4.8 kB
2026.04.04 22:15:01 INFO                      
2026.04.04 22:15:01 INFO  Downloaded from central: https://repo.maven.apache.org/maven2/org/springframework/boot/spring-boot-starter-test/4.0.5/spring-boot-starter-test-4.0.5-sources.jar (4.8 kB at 29 kB/s)
2026.04.04 22:15:01 INFO  [INFO] SUCCESS: org.springframework.boot:spring-boot-starter-test:jar:4.0.5:test (sources = true)
2026.04.04 22:15:01 INFO  [INFO] Resolving artifact: org.springframework.boot:spring-boot-test:jar:4.0.5:test (sources = false)
2026.04.04 22:15:01 INFO  [INFO] SUCCESS: org.springframework.boot:spring-boot-test:jar:4.0.5:test (sources = false)
2026.04.04 22:15:01 INFO  [INFO] Resolving artifact: org.springframework.boot:spring-boot-test:jar:4.0.5:test (sources = true)
2026.04.04 22:15:01 INFO  Downloading from central: https://repo.maven.apache.org/maven2/org/springframework/boot/spring-boot-test/4.0.5/spring-boot-test-4.0.5-sources.jar
2026.04.04 22:15:01 INFO  Progress (1): 7.7/135 kB
2026.04.04 22:15:01 INFO  Progress (1): 16/135 kB 
2026.04.04 22:15:01 INFO  Progress (1): 16/135 kB
2026.04.04 22:15:01 INFO  Progress (1): 25/135 kB
2026.04.04 22:15:01 INFO  Progress (1): 41/135 kB
2026.04.04 22:15:01 INFO  Progress (1): 57/135 kB
2026.04.04 22:15:01 INFO  Progress (1): 74/135 kB
2026.04.04 22:15:01 INFO  Progress (1): 90/135 kB
2026.04.04 22:15:01 INFO  Progress (1): 106/135 kB
2026.04.04 22:15:01 INFO  Progress (1): 123/135 kB
2026.04.04 22:15:01 INFO  Progress (1): 135 kB    
2026.04.04 22:15:02 INFO                      
2026.04.04 22:15:02 INFO  Downloaded from central: https://repo.maven.apache.org/maven2/org/springframework/boot/spring-boot-test/4.0.5/spring-boot-test-4.0.5-sources.jar (135 kB at 586 kB/s)
2026.04.04 22:15:02 INFO  [INFO] SUCCESS: org.springframework.boot:spring-boot-test:jar:4.0.5:test (sources = true)
2026.04.04 22:15:02 INFO  [INFO] Resolving artifact: org.apache.logging.log4j:log4j-to-slf4j:jar:2.25.3:compile (sources = false)
2026.04.04 22:15:02 INFO  [INFO] SUCCESS: org.apache.logging.log4j:log4j-to-slf4j:jar:2.25.3:compile (sources = false)
2026.04.04 22:15:02 INFO  [INFO] Resolving artifact: org.apache.logging.log4j:log4j-to-slf4j:jar:2.25.3:compile (sources = true)
2026.04.04 22:15:02 INFO  Downloading from central: https://repo.maven.apache.org/maven2/org/apache/logging/log4j/log4j-to-slf4j/2.25.3/log4j-to-slf4j-2.25.3-sources.jar
2026.04.04 22:15:02 INFO  Progress (1): 7.7/19 kB
2026.04.04 22:15:02 INFO  Progress (1): 16/19 kB 
2026.04.04 22:15:02 INFO  Progress (1): 19 kB   
2026.04.04 22:15:02 INFO                     
2026.04.04 22:15:02 INFO  Downloaded from central: https://repo.maven.apache.org/maven2/org/apache/logging/log4j/log4j-to-slf4j/2.25.3/log4j-to-slf4j-2.25.3-sources.jar (19 kB at 34 kB/s)
2026.04.04 22:15:02 INFO  [INFO] SUCCESS: org.apache.logging.log4j:log4j-to-slf4j:jar:2.25.3:compile (sources = true)
2026.04.04 22:15:02 INFO  [INFO] Resolving artifact: org.springframework.boot:spring-boot-starter-tomcat:jar:4.0.5:compile (sources = false)
2026.04.04 22:15:02 INFO  [INFO] SUCCESS: org.springframework.boot:spring-boot-starter-tomcat:jar:4.0.5:compile (sources = false)
2026.04.04 22:15:02 INFO  [INFO] Resolving artifact: org.springframework.boot:spring-boot-starter-tomcat:jar:4.0.5:compile (sources = true)
2026.04.04 22:15:02 INFO  Downloading from central: https://repo.maven.apache.org/maven2/org/springframework/boot/spring-boot-starter-tomcat/4.0.5/spring-boot-starter-tomcat-4.0.5-sources.jar
2026.04.04 22:15:02 INFO  Progress (1): 4.8 kB
2026.04.04 22:15:02 INFO                      
2026.04.04 22:15:02 INFO  Downloaded from central: https://repo.maven.apache.org/maven2/org/springframework/boot/spring-boot-starter-tomcat/4.0.5/spring-boot-starter-tomcat-4.0.5-sources.jar (4.8 kB at 54 kB/s)
2026.04.04 22:15:02 INFO  [INFO] SUCCESS: org.springframework.boot:spring-boot-starter-tomcat:jar:4.0.5:compile (sources = true)
2026.04.04 22:15:02 INFO  [INFO] Resolving artifact: org.junit.jupiter:junit-jupiter:jar:6.0.3:test (sources = false)
2026.04.04 22:15:02 INFO  [INFO] SUCCESS: org.junit.jupiter:junit-jupiter:jar:6.0.3:test (sources = false)
2026.04.04 22:15:02 INFO  [INFO] Resolving artifact: org.junit.jupiter:junit-jupiter:jar:6.0.3:test (sources = true)
2026.04.04 22:15:02 INFO  Downloading from central: https://repo.maven.apache.org/maven2/org/junit/jupiter/junit-jupiter/6.0.3/junit-jupiter-6.0.3-sources.jar
2026.04.04 22:15:02 INFO  Progress (1): 6.1 kB
2026.04.04 22:15:02 INFO                      
2026.04.04 22:15:02 INFO  Downloaded from central: https://repo.maven.apache.org/maven2/org/junit/jupiter/junit-jupiter/6.0.3/junit-jupiter-6.0.3-sources.jar (6.1 kB at 33 kB/s)
2026.04.04 22:15:02 INFO  [INFO] SUCCESS: org.junit.jupiter:junit-jupiter:jar:6.0.3:test (sources = true)
2026.04.04 22:15:02 INFO  [INFO] Resolving artifact: org.springframework.data:spring-data-jpa:jar:4.0.4:compile (sources = false)
2026.04.04 22:15:02 INFO  [INFO] SUCCESS: org.springframework.data:spring-data-jpa:jar:4.0.4:compile (sources = false)
2026.04.04 22:15:02 INFO  [INFO] Resolving artifact: org.springframework.data:spring-data-jpa:jar:4.0.4:compile (sources = true)
2026.04.04 22:15:02 INFO  Downloading from central: https://repo.maven.apache.org/maven2/org/springframework/data/spring-data-jpa/4.0.4/spring-data-jpa-4.0.4-sources.jar
2026.04.04 22:15:02 INFO  Progress (1): 7.7/807 kB
2026.04.04 22:15:02 INFO  Progress (1): 8.2/807 kB
2026.04.04 22:15:02 INFO  Progress (1): 25/807 kB 
2026.04.04 22:15:02 INFO  Progress (1): 41/807 kB
2026.04.04 22:15:02 INFO  Progress (1): 57/807 kB
2026.04.04 22:15:02 INFO  Progress (1): 74/807 kB
2026.04.04 22:15:02 INFO  Progress (1): 90/807 kB
2026.04.04 22:15:02 INFO  Progress (1): 106/807 kB
2026.04.04 22:15:02 INFO  Progress (1): 123/807 kB
2026.04.04 22:15:02 INFO  Progress (1): 139/807 kB
2026.04.04 22:15:02 INFO  Progress (1): 156/807 kB
2026.04.04 22:15:02 INFO  Progress (1): 172/807 kB
2026.04.04 22:15:02 INFO  Progress (1): 188/807 kB
2026.04.04 22:15:02 INFO  Progress (1): 205/807 kB
2026.04.04 22:15:02 INFO  Progress (1): 221/807 kB
2026.04.04 22:15:02 INFO  Progress (1): 238/807 kB
2026.04.04 22:15:02 INFO  Progress (1): 254/807 kB
2026.04.04 22:15:02 INFO  Progress (1): 270/807 kB
2026.04.04 22:15:02 INFO  Progress (1): 287/807 kB
2026.04.04 22:15:02 INFO  Progress (1): 303/807 kB
2026.04.04 22:15:02 INFO  Progress (1): 319/807 kB
2026.04.04 22:15:02 INFO  Progress (1): 336/807 kB
2026.04.04 22:15:02 INFO  Progress (1): 352/807 kB
2026.04.04 22:15:02 INFO  Progress (1): 369/807 kB
2026.04.04 22:15:02 INFO  Progress (1): 385/807 kB
2026.04.04 22:15:02 INFO  Progress (1): 401/807 kB
2026.04.04 22:15:02 INFO  Progress (1): 418/807 kB
2026.04.04 22:15:02 INFO  Progress (1): 434/807 kB
2026.04.04 22:15:02 INFO  Progress (1): 451/807 kB
2026.04.04 22:15:02 INFO  Progress (1): 467/807 kB
2026.04.04 22:15:02 INFO  Progress (1): 483/807 kB
2026.04.04 22:15:02 INFO  Progress (1): 500/807 kB
2026.04.04 22:15:02 INFO  Progress (1): 516/807 kB
2026.04.04 22:15:02 INFO  Progress (1): 532/807 kB
2026.04.04 22:15:02 INFO  Progress (1): 549/807 kB
2026.04.04 22:15:02 INFO  Progress (1): 565/807 kB
2026.04.04 22:15:02 INFO  Progress (1): 582/807 kB
2026.04.04 22:15:02 INFO  Progress (1): 598/807 kB
2026.04.04 22:15:02 INFO  Progress (1): 614/807 kB
2026.04.04 22:15:02 INFO  Progress (1): 631/807 kB
2026.04.04 22:15:02 INFO  Progress (1): 647/807 kB
2026.04.04 22:15:02 INFO  Progress (1): 664/807 kB
2026.04.04 22:15:02 INFO  Progress (1): 680/807 kB
2026.04.04 22:15:02 INFO  Progress (1): 696/807 kB
2026.04.04 22:15:02 INFO  Progress (1): 713/807 kB
2026.04.04 22:15:03 INFO  Progress (1): 729/807 kB
2026.04.04 22:15:03 INFO  Progress (1): 745/807 kB
2026.04.04 22:15:03 INFO  Progress (1): 762/807 kB
2026.04.04 22:15:03 INFO  Progress (1): 778/807 kB
2026.04.04 22:15:03 INFO  Progress (1): 795/807 kB
2026.04.04 22:15:03 INFO  Progress (1): 807 kB    
2026.04.04 22:15:03 INFO                      
2026.04.04 22:15:03 INFO  Downloaded from central: https://repo.maven.apache.org/maven2/org/springframework/data/spring-data-jpa/4.0.4/spring-data-jpa-4.0.4-sources.jar (807 kB at 5.3 MB/s)
2026.04.04 22:15:03 INFO  [INFO] SUCCESS: org.springframework.data:spring-data-jpa:jar:4.0.4:compile (sources = true)
2026.04.04 22:15:03 INFO  [INFO] Resolving artifact: jakarta.transaction:jakarta.transaction-api:jar:2.0.1:compile (sources = false)
2026.04.04 22:15:03 INFO  [INFO] SUCCESS: jakarta.transaction:jakarta.transaction-api:jar:2.0.1:compile (sources = false)
2026.04.04 22:15:03 INFO  [INFO] Resolving artifact: jakarta.transaction:jakarta.transaction-api:jar:2.0.1:compile (sources = true)
2026.04.04 22:15:03 INFO  Downloading from central: https://repo.maven.apache.org/maven2/jakarta/transaction/jakarta.transaction-api/2.0.1/jakarta.transaction-api-2.0.1-sources.jar
2026.04.04 22:15:03 INFO  Progress (1): 7.7/40 kB
2026.04.04 22:15:03 INFO  Progress (1): 8.2/40 kB
2026.04.04 22:15:03 INFO  Progress (1): 25/40 kB 
2026.04.04 22:15:03 INFO  Progress (1): 40 kB   
2026.04.04 22:15:03 INFO                     
2026.04.04 22:15:03 INFO  Downloaded from central: https://repo.maven.apache.org/maven2/jakarta/transaction/jakarta.transaction-api/2.0.1/jakarta.transaction-api-2.0.1-sources.jar (40 kB at 65 kB/s)
2026.04.04 22:15:03 INFO  [INFO] SUCCESS: jakarta.transaction:jakarta.transaction-api:jar:2.0.1:compile (sources = true)
2026.04.04 22:15:03 INFO  [INFO] Resolving artifact: org.springframework.boot:spring-boot-jackson:jar:4.0.5:compile (sources = false)
2026.04.04 22:15:03 INFO  [INFO] SUCCESS: org.springframework.boot:spring-boot-jackson:jar:4.0.5:compile (sources = false)
2026.04.04 22:15:03 INFO  [INFO] Resolving artifact: org.springframework.boot:spring-boot-jackson:jar:4.0.5:compile (sources = true)
2026.04.04 22:15:03 INFO  Downloading from central: https://repo.maven.apache.org/maven2/org/springframework/boot/spring-boot-jackson/4.0.5/spring-boot-jackson-4.0.5-sources.jar
2026.04.04 22:15:03 INFO  Progress (1): 7.7/35 kB
2026.04.04 22:15:03 INFO  Progress (1): 16/35 kB 
2026.04.04 22:15:03 INFO  Progress (1): 32/35 kB
2026.04.04 22:15:05 INFO  Progress (1): 35 kB   
2026.04.04 22:15:05 INFO                     
2026.04.04 22:15:05 INFO  Downloaded from central: https://repo.maven.apache.org/maven2/org/springframework/boot/spring-boot-jackson/4.0.5/spring-boot-jackson-4.0.5-sources.jar (35 kB at 27 kB/s)
2026.04.04 22:15:05 INFO  [INFO] SUCCESS: org.springframework.boot:spring-boot-jackson:jar:4.0.5:compile (sources = true)
2026.04.04 22:15:05 INFO  [INFO] Resolving artifact: tools.jackson.core:jackson-core:jar:3.1.0:compile (sources = false)
2026.04.04 22:15:05 INFO  [INFO] SUCCESS: tools.jackson.core:jackson-core:jar:3.1.0:compile (sources = false)
2026.04.04 22:15:05 INFO  [INFO] Resolving artifact: tools.jackson.core:jackson-core:jar:3.1.0:compile (sources = true)
2026.04.04 22:15:05 INFO  Downloading from central: https://repo.maven.apache.org/maven2/tools/jackson/core/jackson-core/3.1.0/jackson-core-3.1.0-sources.jar
2026.04.04 22:15:05 INFO  Progress (1): 8.2/486 kB
2026.04.04 22:15:05 INFO  Progress (1): 16/486 kB 
2026.04.04 22:15:05 INFO  Progress (1): 33/486 kB
2026.04.04 22:15:05 INFO  Progress (1): 41/486 kB
2026.04.04 22:15:05 INFO  Progress (1): 57/486 kB
2026.04.04 22:15:05 INFO  Progress (1): 74/486 kB
2026.04.04 22:15:05 INFO  Progress (1): 90/486 kB
2026.04.04 22:15:05 INFO  Progress (1): 98/486 kB
2026.04.04 22:15:05 INFO  Progress (1): 106/486 kB
2026.04.04 22:15:05 INFO  Progress (1): 115/486 kB
2026.04.04 22:15:05 INFO  Progress (1): 123/486 kB
2026.04.04 22:15:05 INFO  Progress (1): 139/486 kB
2026.04.04 22:15:05 INFO  Progress (1): 147/486 kB
2026.04.04 22:15:05 INFO  Progress (1): 156/486 kB
2026.04.04 22:15:05 INFO  Progress (1): 172/486 kB
2026.04.04 22:15:05 INFO  Progress (1): 188/486 kB
2026.04.04 22:15:05 INFO  Progress (1): 205/486 kB
2026.04.04 22:15:05 INFO  Progress (1): 221/486 kB
2026.04.04 22:15:05 INFO  Progress (1): 238/486 kB
2026.04.04 22:15:05 INFO  Progress (1): 254/486 kB
2026.04.04 22:15:05 INFO  Progress (1): 270/486 kB
2026.04.04 22:15:05 INFO  Progress (1): 287/486 kB
2026.04.04 22:15:05 INFO  Progress (1): 303/486 kB
2026.04.04 22:15:05 INFO  Progress (1): 319/486 kB
2026.04.04 22:15:05 INFO  Progress (1): 336/486 kB
2026.04.04 22:15:05 INFO  Progress (1): 352/486 kB
2026.04.04 22:15:05 INFO  Progress (1): 369/486 kB
2026.04.04 22:15:05 INFO  Progress (1): 385/486 kB
2026.04.04 22:15:05 INFO  Progress (1): 401/486 kB
2026.04.04 22:15:05 INFO  Progress (1): 418/486 kB
2026.04.04 22:15:05 INFO  Progress (1): 434/486 kB
2026.04.04 22:15:05 INFO  Progress (1): 451/486 kB
2026.04.04 22:15:05 INFO  Progress (1): 467/486 kB
2026.04.04 22:15:05 INFO  Progress (1): 483/486 kB
2026.04.04 22:15:05 INFO  Progress (1): 486 kB    
2026.04.04 22:15:06 INFO                      
2026.04.04 22:15:06 INFO  Downloaded from central: https://repo.maven.apache.org/maven2/tools/jackson/core/jackson-core/3.1.0/jackson-core-3.1.0-sources.jar (486 kB at 2.9 MB/s)
2026.04.04 22:15:06 INFO  [INFO] SUCCESS: tools.jackson.core:jackson-core:jar:3.1.0:compile (sources = true)
2026.04.04 22:15:06 INFO  [INFO] Resolving artifact: jakarta.persistence:jakarta.persistence-api:jar:3.2.0:compile (sources = false)
2026.04.04 22:15:06 INFO  [INFO] SUCCESS: jakarta.persistence:jakarta.persistence-api:jar:3.2.0:compile (sources = false)
2026.04.04 22:15:06 INFO  [INFO] Resolving artifact: jakarta.persistence:jakarta.persistence-api:jar:3.2.0:compile (sources = true)
2026.04.04 22:15:06 INFO  Downloading from central: https://repo.maven.apache.org/maven2/jakarta/persistence/jakarta.persistence-api/3.2.0/jakarta.persistence-api-3.2.0-sources.jar
2026.04.04 22:15:06 INFO  Progress (1): 8.2/311 kB
2026.04.04 22:15:06 INFO  Progress (1): 16/311 kB 
2026.04.04 22:15:06 INFO  Progress (1): 25/311 kB
2026.04.04 22:15:06 INFO  Progress (1): 41/311 kB
2026.04.04 22:15:06 INFO  Progress (1): 57/311 kB
2026.04.04 22:15:06 INFO  Progress (1): 66/311 kB
2026.04.04 22:15:06 INFO  Progress (1): 82/311 kB
2026.04.04 22:15:06 INFO  Progress (1): 98/311 kB
2026.04.04 22:15:06 INFO  Progress (1): 115/311 kB
2026.04.04 22:15:06 INFO  Progress (1): 123/311 kB
2026.04.04 22:15:06 INFO  Progress (1): 139/311 kB
2026.04.04 22:15:06 INFO  Progress (1): 147/311 kB
2026.04.04 22:15:06 INFO  Progress (1): 164/311 kB
2026.04.04 22:15:06 INFO  Progress (1): 180/311 kB
2026.04.04 22:15:06 INFO  Progress (1): 184/311 kB
2026.04.04 22:15:06 INFO  Progress (1): 197/311 kB
2026.04.04 22:15:06 INFO  Progress (1): 200/311 kB
2026.04.04 22:15:06 INFO  Progress (1): 217/311 kB
2026.04.04 22:15:06 INFO  Progress (1): 233/311 kB
2026.04.04 22:15:06 INFO  Progress (1): 250/311 kB
2026.04.04 22:15:06 INFO  Progress (1): 266/311 kB
2026.04.04 22:15:06 INFO  Progress (1): 282/311 kB
2026.04.04 22:15:06 INFO  Progress (1): 299/311 kB
2026.04.04 22:15:06 INFO  Progress (1): 311 kB    
2026.04.04 22:15:06 INFO                      
2026.04.04 22:15:06 INFO  Downloaded from central: https://repo.maven.apache.org/maven2/jakarta/persistence/jakarta.persistence-api/3.2.0/jakarta.persistence-api-3.2.0-sources.jar (311 kB at 705 kB/s)
2026.04.04 22:15:06 INFO  [INFO] SUCCESS: jakarta.persistence:jakarta.persistence-api:jar:3.2.0:compile (sources = true)
2026.04.04 22:15:06 INFO  [INFO] Resolving artifact: org.awaitility:awaitility:jar:4.3.0:test (sources = false)
2026.04.04 22:15:06 INFO  [INFO] SUCCESS: org.awaitility:awaitility:jar:4.3.0:test (sources = false)
2026.04.04 22:15:06 INFO  [INFO] Resolving artifact: org.awaitility:awaitility:jar:4.3.0:test (sources = true)
2026.04.04 22:15:06 INFO  Downloading from central: https://repo.maven.apache.org/maven2/org/awaitility/awaitility/4.3.0/awaitility-4.3.0-sources.jar
2026.04.04 22:15:06 INFO  Progress (1): 7.7/80 kB
2026.04.04 22:15:06 INFO  Progress (1): 8.2/80 kB
2026.04.04 22:15:06 INFO  Progress (1): 25/80 kB 
2026.04.04 22:15:06 INFO  Progress (1): 41/80 kB
2026.04.04 22:15:06 INFO  Progress (1): 49/80 kB
2026.04.04 22:15:06 INFO  Progress (1): 66/80 kB
2026.04.04 22:15:06 INFO  Progress (1): 80 kB   
2026.04.04 22:15:06 INFO                     
2026.04.04 22:15:06 INFO  Downloaded from central: https://repo.maven.apache.org/maven2/org/awaitility/awaitility/4.3.0/awaitility-4.3.0-sources.jar (80 kB at 331 kB/s)
2026.04.04 22:15:06 INFO  [INFO] SUCCESS: org.awaitility:awaitility:jar:4.3.0:test (sources = true)
2026.04.04 22:15:06 INFO  [INFO] Resolving artifact: org.springframework.boot:spring-boot-starter-jackson-test:jar:4.0.5:test (sources = false)
2026.04.04 22:15:06 INFO  [INFO] SUCCESS: org.springframework.boot:spring-boot-starter-jackson-test:jar:4.0.5:test (sources = false)
2026.04.04 22:15:06 INFO  [INFO] Resolving artifact: org.springframework.boot:spring-boot-starter-jackson-test:jar:4.0.5:test (sources = true)
2026.04.04 22:15:06 INFO  Downloading from central: https://repo.maven.apache.org/maven2/org/springframework/boot/spring-boot-starter-jackson-test/4.0.5/spring-boot-starter-jackson-test-4.0.5-sources.jar
2026.04.04 22:15:06 INFO  Progress (1): 4.7 kB
2026.04.04 22:15:06 INFO                      
2026.04.04 22:15:06 INFO  Downloaded from central: https://repo.maven.apache.org/maven2/org/springframework/boot/spring-boot-starter-jackson-test/4.0.5/spring-boot-starter-jackson-test-4.0.5-sources.jar (4.7 kB at 99 kB/s)
2026.04.04 22:15:06 INFO  [INFO] SUCCESS: org.springframework.boot:spring-boot-starter-jackson-test:jar:4.0.5:test (sources = true)
2026.04.04 22:15:06 INFO  [INFO] Resolving artifact: org.aspectj:aspectjweaver:jar:1.9.25.1:compile (sources = false)
2026.04.04 22:15:07 INFO  [INFO] SUCCESS: org.aspectj:aspectjweaver:jar:1.9.25.1:compile (sources = false)
2026.04.04 22:15:07 INFO  [INFO] Resolving artifact: org.aspectj:aspectjweaver:jar:1.9.25.1:compile (sources = true)
2026.04.04 22:15:07 INFO  Downloading from central: https://repo.maven.apache.org/maven2/org/aspectj/aspectjweaver/1.9.25.1/aspectjweaver-1.9.25.1-sources.jar
2026.04.04 22:15:07 INFO  Progress (1): 0/1.8 MB
2026.04.04 22:15:07 INFO  Progress (1): 0/1.8 MB
2026.04.04 22:15:07 INFO  Progress (1): 0/1.8 MB
2026.04.04 22:15:07 INFO  Progress (1): 0/1.8 MB
2026.04.04 22:15:07 INFO  Progress (1): 0.1/1.8 MB
2026.04.04 22:15:07 INFO  Progress (1): 0.1/1.8 MB
2026.04.04 22:15:07 INFO  Progress (1): 0.1/1.8 MB
2026.04.04 22:15:07 INFO  Progress (1): 0.1/1.8 MB
2026.04.04 22:15:07 INFO  Progress (1): 0.1/1.8 MB
2026.04.04 22:15:07 INFO  Progress (1): 0.1/1.8 MB
2026.04.04 22:15:07 INFO  Progress (1): 0.2/1.8 MB
2026.04.04 22:15:07 INFO  Progress (1): 0.2/1.8 MB
2026.04.04 22:15:07 INFO  Progress (1): 0.2/1.8 MB
2026.04.04 22:15:07 INFO  Progress (1): 0.2/1.8 MB
2026.04.04 22:15:07 INFO  Progress (1): 0.2/1.8 MB
2026.04.04 22:15:07 INFO  Progress (1): 0.2/1.8 MB
2026.04.04 22:15:07 INFO  Progress (1): 0.3/1.8 MB
2026.04.04 22:15:07 INFO  Progress (1): 0.3/1.8 MB
2026.04.04 22:15:07 INFO  Progress (1): 0.3/1.8 MB
2026.04.04 22:15:07 INFO  Progress (1): 0.3/1.8 MB
2026.04.04 22:15:07 INFO  Progress (1): 0.3/1.8 MB
2026.04.04 22:15:07 INFO  Progress (1): 0.3/1.8 MB
2026.04.04 22:15:07 INFO  Progress (1): 0.4/1.8 MB
2026.04.04 22:15:07 INFO  Progress (1): 0.4/1.8 MB
2026.04.04 22:15:07 INFO  Progress (1): 0.4/1.8 MB
2026.04.04 22:15:07 INFO  Progress (1): 0.4/1.8 MB
2026.04.04 22:15:07 INFO  Progress (1): 0.4/1.8 MB
2026.04.04 22:15:07 INFO  Progress (1): 0.4/1.8 MB
2026.04.04 22:15:07 INFO  Progress (1): 0.5/1.8 MB
2026.04.04 22:15:07 INFO  Progress (1): 0.5/1.8 MB
2026.04.04 22:15:07 INFO  Progress (1): 0.5/1.8 MB
2026.04.04 22:15:07 INFO  Progress (1): 0.5/1.8 MB
2026.04.04 22:15:07 INFO  Progress (1): 0.5/1.8 MB
2026.04.04 22:15:07 INFO  Progress (1): 0.5/1.8 MB
2026.04.04 22:15:07 INFO  Progress (1): 0.5/1.8 MB
2026.04.04 22:15:07 INFO  Progress (1): 0.6/1.8 MB
2026.04.04 22:15:07 INFO  Progress (1): 0.6/1.8 MB
2026.04.04 22:15:07 INFO  Progress (1): 0.6/1.8 MB
2026.04.04 22:15:07 INFO  Progress (1): 0.6/1.8 MB
2026.04.04 22:15:07 INFO  Progress (1): 0.6/1.8 MB
2026.04.04 22:15:07 INFO  Progress (1): 0.6/1.8 MB
2026.04.04 22:15:07 INFO  Progress (1): 0.7/1.8 MB
2026.04.04 22:15:07 INFO  Progress (1): 0.7/1.8 MB
2026.04.04 22:15:07 INFO  Progress (1): 0.7/1.8 MB
2026.04.04 22:15:07 INFO  Progress (1): 0.7/1.8 MB
2026.04.04 22:15:07 INFO  Progress (1): 0.7/1.8 MB
2026.04.04 22:15:07 INFO  Progress (1): 0.7/1.8 MB
2026.04.04 22:15:07 INFO  Progress (1): 0.8/1.8 MB
2026.04.04 22:15:07 INFO  Progress (1): 0.8/1.8 MB
2026.04.04 22:15:07 INFO  Progress (1): 0.8/1.8 MB
2026.04.04 22:15:07 INFO  Progress (1): 0.8/1.8 MB
2026.04.04 22:15:07 INFO  Progress (1): 0.8/1.8 MB
2026.04.04 22:15:07 INFO  Progress (1): 0.8/1.8 MB
2026.04.04 22:15:07 INFO  Progress (1): 0.9/1.8 MB
2026.04.04 22:15:07 INFO  Progress (1): 0.9/1.8 MB
2026.04.04 22:15:07 INFO  Progress (1): 0.9/1.8 MB
2026.04.04 22:15:07 INFO  Progress (1): 0.9/1.8 MB
2026.04.04 22:15:07 INFO  Progress (1): 0.9/1.8 MB
2026.04.04 22:15:07 INFO  Progress (1): 0.9/1.8 MB
2026.04.04 22:15:07 INFO  Progress (1): 1.0/1.8 MB
2026.04.04 22:15:07 INFO  Progress (1): 1.0/1.8 MB
2026.04.04 22:15:07 INFO  Progress (1): 1.0/1.8 MB
2026.04.04 22:15:07 INFO  Progress (1): 1.0/1.8 MB
2026.04.04 22:15:07 INFO  Progress (1): 1.0/1.8 MB
2026.04.04 22:15:07 INFO  Progress (1): 1.0/1.8 MB
2026.04.04 22:15:07 INFO  Progress (1): 1.1/1.8 MB
2026.04.04 22:15:07 INFO  Progress (1): 1.1/1.8 MB
2026.04.04 22:15:07 INFO  Progress (1): 1.1/1.8 MB
2026.04.04 22:15:07 INFO  Progress (1): 1.1/1.8 MB
2026.04.04 22:15:07 INFO  Progress (1): 1.1/1.8 MB
2026.04.04 22:15:07 INFO  Progress (1): 1.1/1.8 MB
2026.04.04 22:15:07 INFO  Progress (1): 1.2/1.8 MB
2026.04.04 22:15:07 INFO  Progress (1): 1.2/1.8 MB
2026.04.04 22:15:07 INFO  Progress (1): 1.2/1.8 MB
2026.04.04 22:15:07 INFO  Progress (1): 1.2/1.8 MB
2026.04.04 22:15:07 INFO  Progress (1): 1.2/1.8 MB
2026.04.04 22:15:07 INFO  Progress (1): 1.2/1.8 MB
2026.04.04 22:15:07 INFO  Progress (1): 1.3/1.8 MB
2026.04.04 22:15:07 INFO  Progress (1): 1.3/1.8 MB
2026.04.04 22:15:07 INFO  Progress (1): 1.3/1.8 MB
2026.04.04 22:15:07 INFO  Progress (1): 1.3/1.8 MB
2026.04.04 22:15:07 INFO  Progress (1): 1.3/1.8 MB
2026.04.04 22:15:07 INFO  Progress (1): 1.3/1.8 MB
2026.04.04 22:15:07 INFO  Progress (1): 1.4/1.8 MB
2026.04.04 22:15:07 INFO  Progress (1): 1.4/1.8 MB
2026.04.04 22:15:07 INFO  Progress (1): 1.4/1.8 MB
2026.04.04 22:15:07 INFO  Progress (1): 1.4/1.8 MB
2026.04.04 22:15:07 INFO  Progress (1): 1.4/1.8 MB
2026.04.04 22:15:07 INFO  Progress (1): 1.4/1.8 MB
2026.04.04 22:15:07 INFO  Progress (1): 1.4/1.8 MB
2026.04.04 22:15:07 INFO  Progress (1): 1.5/1.8 MB
2026.04.04 22:15:07 INFO  Progress (1): 1.5/1.8 MB
2026.04.04 22:15:07 INFO  Progress (1): 1.5/1.8 MB
2026.04.04 22:15:07 INFO  Progress (1): 1.5/1.8 MB
2026.04.04 22:15:07 INFO  Progress (1): 1.5/1.8 MB
2026.04.04 22:15:07 INFO  Progress (1): 1.5/1.8 MB
2026.04.04 22:15:07 INFO  Progress (1): 1.6/1.8 MB
2026.04.04 22:15:07 INFO  Progress (1): 1.6/1.8 MB
2026.04.04 22:15:07 INFO  Progress (1): 1.6/1.8 MB
2026.04.04 22:15:07 INFO  Progress (1): 1.6/1.8 MB
2026.04.04 22:15:07 INFO  Progress (1): 1.6/1.8 MB
2026.04.04 22:15:07 INFO  Progress (1): 1.6/1.8 MB
2026.04.04 22:15:07 INFO  Progress (1): 1.7/1.8 MB
2026.04.04 22:15:07 INFO  Progress (1): 1.7/1.8 MB
2026.04.04 22:15:07 INFO  Progress (1): 1.7/1.8 MB
2026.04.04 22:15:07 INFO  Progress (1): 1.7/1.8 MB
2026.04.04 22:15:07 INFO  Progress (1): 1.7/1.8 MB
2026.04.04 22:15:07 INFO  Progress (1): 1.7/1.8 MB
2026.04.04 22:15:07 INFO  Progress (1): 1.8/1.8 MB
2026.04.04 22:15:07 INFO  Progress (1): 1.8 MB    
2026.04.04 22:15:07 INFO                      
2026.04.04 22:15:07 INFO  Downloaded from central: https://repo.maven.apache.org/maven2/org/aspectj/aspectjweaver/1.9.25.1/aspectjweaver-1.9.25.1-sources.jar (1.8 MB at 2.8 MB/s)
2026.04.04 22:15:07 INFO  [INFO] SUCCESS: org.aspectj:aspectjweaver:jar:1.9.25.1:compile (sources = true)
2026.04.04 22:15:07 INFO  [INFO] Resolving artifact: net.minidev:json-smart:jar:2.6.0:test (sources = false)
2026.04.04 22:15:07 INFO  [INFO] SUCCESS: net.minidev:json-smart:jar:2.6.0:test (sources = false)
2026.04.04 22:15:07 INFO  [INFO] Resolving artifact: net.minidev:json-smart:jar:2.6.0:test (sources = true)
2026.04.04 22:15:07 INFO  Downloading from central: https://repo.maven.apache.org/maven2/net/minidev/json-smart/2.6.0/json-smart-2.6.0-sources.jar
2026.04.04 22:15:07 INFO  Progress (1): 7.7/63 kB
2026.04.04 22:15:07 INFO  Progress (1): 16/63 kB 
2026.04.04 22:15:07 INFO  Progress (1): 25/63 kB
2026.04.04 22:15:07 INFO  Progress (1): 41/63 kB
2026.04.04 22:15:07 INFO  Progress (1): 57/63 kB
2026.04.04 22:15:07 INFO  Progress (1): 63 kB   
2026.04.04 22:15:07 INFO                     
2026.04.04 22:15:07 INFO  Downloaded from central: https://repo.maven.apache.org/maven2/net/minidev/json-smart/2.6.0/json-smart-2.6.0-sources.jar (63 kB at 397 kB/s)
2026.04.04 22:15:07 INFO  [INFO] SUCCESS: net.minidev:json-smart:jar:2.6.0:test (sources = true)
2026.04.04 22:15:07 INFO  [INFO] Resolving artifact: org.springframework.boot:spring-boot-hibernate:jar:4.0.5:compile (sources = false)
2026.04.04 22:15:07 INFO  [INFO] SUCCESS: org.springframework.boot:spring-boot-hibernate:jar:4.0.5:compile (sources = false)
2026.04.04 22:15:07 INFO  [INFO] Resolving artifact: org.springframework.boot:spring-boot-hibernate:jar:4.0.5:compile (sources = true)
2026.04.04 22:15:07 INFO  Downloading from central: https://repo.maven.apache.org/maven2/org/springframework/boot/spring-boot-hibernate/4.0.5/spring-boot-hibernate-4.0.5-sources.jar
2026.04.04 22:15:07 INFO  Progress (1): 7.7/22 kB
2026.04.04 22:15:07 INFO  Progress (1): 8.2/22 kB
2026.04.04 22:15:07 INFO  Progress (1): 22 kB    
2026.04.04 22:15:08 INFO                     
2026.04.04 22:15:08 INFO  Downloaded from central: https://repo.maven.apache.org/maven2/org/springframework/boot/spring-boot-hibernate/4.0.5/spring-boot-hibernate-4.0.5-sources.jar (22 kB at 33 kB/s)
2026.04.04 22:15:08 INFO  [INFO] SUCCESS: org.springframework.boot:spring-boot-hibernate:jar:4.0.5:compile (sources = true)
2026.04.04 22:15:08 INFO  [INFO] Resolving artifact: org.glassfish.jaxb:jaxb-runtime:jar:4.0.6:runtime (sources = false)
2026.04.04 22:15:08 INFO  [INFO] SUCCESS: org.glassfish.jaxb:jaxb-runtime:jar:4.0.6:runtime (sources = false)
2026.04.04 22:15:08 INFO  [INFO] Resolving artifact: org.glassfish.jaxb:jaxb-runtime:jar:4.0.6:runtime (sources = true)
2026.04.04 22:15:08 INFO  Downloading from central: https://repo.maven.apache.org/maven2/org/glassfish/jaxb/jaxb-runtime/4.0.6/jaxb-runtime-4.0.6-sources.jar
2026.04.04 22:15:08 INFO  Progress (1): 7.7/652 kB
2026.04.04 22:15:08 INFO  Progress (1): 8.2/652 kB
2026.04.04 22:15:08 INFO  Progress (1): 25/652 kB 
2026.04.04 22:15:08 INFO  Progress (1): 41/652 kB
2026.04.04 22:15:08 INFO  Progress (1): 57/652 kB
2026.04.04 22:15:08 INFO  Progress (1): 74/652 kB
2026.04.04 22:15:08 INFO  Progress (1): 90/652 kB
2026.04.04 22:15:08 INFO  Progress (1): 106/652 kB
2026.04.04 22:15:08 INFO  Progress (1): 123/652 kB
2026.04.04 22:15:08 INFO  Progress (1): 139/652 kB
2026.04.04 22:15:08 INFO  Progress (1): 147/652 kB
2026.04.04 22:15:08 INFO  Progress (1): 164/652 kB
2026.04.04 22:15:08 INFO  Progress (1): 180/652 kB
2026.04.04 22:15:08 INFO  Progress (1): 197/652 kB
2026.04.04 22:15:08 INFO  Progress (1): 213/652 kB
2026.04.04 22:15:08 INFO  Progress (1): 229/652 kB
2026.04.04 22:15:08 INFO  Progress (1): 238/652 kB
2026.04.04 22:15:08 INFO  Progress (1): 254/652 kB
2026.04.04 22:15:08 INFO  Progress (1): 270/652 kB
2026.04.04 22:15:08 INFO  Progress (1): 287/652 kB
2026.04.04 22:15:08 INFO  Progress (1): 303/652 kB
2026.04.04 22:15:08 INFO  Progress (1): 319/652 kB
2026.04.04 22:15:08 INFO  Progress (1): 336/652 kB
2026.04.04 22:15:08 INFO  Progress (1): 352/652 kB
2026.04.04 22:15:08 INFO  Progress (1): 369/652 kB
2026.04.04 22:15:08 INFO  Progress (1): 385/652 kB
2026.04.04 22:15:08 INFO  Progress (1): 401/652 kB
2026.04.04 22:15:08 INFO  Progress (1): 418/652 kB
2026.04.04 22:15:08 INFO  Progress (1): 434/652 kB
2026.04.04 22:15:08 INFO  Progress (1): 451/652 kB
2026.04.04 22:15:08 INFO  Progress (1): 467/652 kB
2026.04.04 22:15:08 INFO  Progress (1): 483/652 kB
2026.04.04 22:15:08 INFO  Progress (1): 500/652 kB
2026.04.04 22:15:08 INFO  Progress (1): 516/652 kB
2026.04.04 22:15:08 INFO  Progress (1): 532/652 kB
2026.04.04 22:15:08 INFO  Progress (1): 549/652 kB
2026.04.04 22:15:08 INFO  Progress (1): 565/652 kB
2026.04.04 22:15:08 INFO  Progress (1): 582/652 kB
2026.04.04 22:15:08 INFO  Progress (1): 598/652 kB
2026.04.04 22:15:08 INFO  Progress (1): 614/652 kB
2026.04.04 22:15:08 INFO  Progress (1): 631/652 kB
2026.04.04 22:15:08 INFO  Progress (1): 647/652 kB
2026.04.04 22:15:08 INFO  Progress (1): 652 kB    
2026.04.04 22:15:08 INFO                      
2026.04.04 22:15:08 INFO  Downloaded from central: https://repo.maven.apache.org/maven2/org/glassfish/jaxb/jaxb-runtime/4.0.6/jaxb-runtime-4.0.6-sources.jar (652 kB at 2.2 MB/s)
2026.04.04 22:15:08 INFO  [INFO] SUCCESS: org.glassfish.jaxb:jaxb-runtime:jar:4.0.6:runtime (sources = true)
2026.04.04 22:15:08 INFO  [INFO] Resolving artifact: org.springframework.boot:spring-boot-tomcat:jar:4.0.5:compile (sources = false)
2026.04.04 22:15:08 INFO  [INFO] SUCCESS: org.springframework.boot:spring-boot-tomcat:jar:4.0.5:compile (sources = false)
2026.04.04 22:15:08 INFO  [INFO] Resolving artifact: org.springframework.boot:spring-boot-tomcat:jar:4.0.5:compile (sources = true)
2026.04.04 22:15:08 INFO  Downloading from central: https://repo.maven.apache.org/maven2/org/springframework/boot/spring-boot-tomcat/4.0.5/spring-boot-tomcat-4.0.5-sources.jar
2026.04.04 22:15:08 INFO  Progress (1): 7.7/79 kB
2026.04.04 22:15:08 INFO  Progress (1): 8.2/79 kB
2026.04.04 22:15:08 INFO  Progress (1): 25/79 kB 
2026.04.04 22:15:08 INFO  Progress (1): 41/79 kB
2026.04.04 22:15:08 INFO  Progress (1): 57/79 kB
2026.04.04 22:15:08 INFO  Progress (1): 66/79 kB
2026.04.04 22:15:08 INFO  Progress (1): 79 kB   
2026.04.04 22:15:08 INFO                     
2026.04.04 22:15:08 INFO  Downloaded from central: https://repo.maven.apache.org/maven2/org/springframework/boot/spring-boot-tomcat/4.0.5/spring-boot-tomcat-4.0.5-sources.jar (79 kB at 705 kB/s)
2026.04.04 22:15:08 INFO  [INFO] SUCCESS: org.springframework.boot:spring-boot-tomcat:jar:4.0.5:compile (sources = true)
2026.04.04 22:15:08 INFO  [INFO] Resolving artifact: org.springframework.boot:spring-boot-jdbc-test:jar:4.0.5:test (sources = false)
2026.04.04 22:15:08 INFO  [INFO] SUCCESS: org.springframework.boot:spring-boot-jdbc-test:jar:4.0.5:test (sources = false)
2026.04.04 22:15:08 INFO  [INFO] Resolving artifact: org.springframework.boot:spring-boot-jdbc-test:jar:4.0.5:test (sources = true)
2026.04.04 22:15:08 INFO  Downloading from central: https://repo.maven.apache.org/maven2/org/springframework/boot/spring-boot-jdbc-test/4.0.5/spring-boot-jdbc-test-4.0.5-sources.jar
2026.04.04 22:15:08 INFO  Progress (1): 7.7/17 kB
2026.04.04 22:15:08 INFO  Progress (1): 12/17 kB 
2026.04.04 22:15:08 INFO  Progress (1): 17 kB   
2026.04.04 22:15:08 INFO                     
2026.04.04 22:15:08 INFO  Downloaded from central: https://repo.maven.apache.org/maven2/org/springframework/boot/spring-boot-jdbc-test/4.0.5/spring-boot-jdbc-test-4.0.5-sources.jar (17 kB at 44 kB/s)
2026.04.04 22:15:08 INFO  [INFO] SUCCESS: org.springframework.boot:spring-boot-jdbc-test:jar:4.0.5:test (sources = true)
2026.04.04 22:15:08 INFO  [INFO] Resolving artifact: org.springframework.boot:spring-boot-persistence:jar:4.0.5:compile (sources = false)
2026.04.04 22:15:08 INFO  [INFO] SUCCESS: org.springframework.boot:spring-boot-persistence:jar:4.0.5:compile (sources = false)
2026.04.04 22:15:08 INFO  [INFO] Resolving artifact: org.springframework.boot:spring-boot-persistence:jar:4.0.5:compile (sources = true)
2026.04.04 22:15:08 INFO  Downloading from central: https://repo.maven.apache.org/maven2/org/springframework/boot/spring-boot-persistence/4.0.5/spring-boot-persistence-4.0.5-sources.jar
2026.04.04 22:15:09 INFO  Progress (1): 7.7/13 kB
2026.04.04 22:15:09 INFO  Progress (1): 13 kB    
2026.04.04 22:15:09 INFO                     
2026.04.04 22:15:09 INFO  Downloaded from central: https://repo.maven.apache.org/maven2/org/springframework/boot/spring-boot-persistence/4.0.5/spring-boot-persistence-4.0.5-sources.jar (13 kB at 38 kB/s)
2026.04.04 22:15:09 INFO  [INFO] SUCCESS: org.springframework.boot:spring-boot-persistence:jar:4.0.5:compile (sources = true)
2026.04.04 22:15:09 INFO  [INFO] Resolving artifact: org.junit.jupiter:junit-jupiter-engine:jar:6.0.3:test (sources = false)
2026.04.04 22:15:09 INFO  [INFO] SUCCESS: org.junit.jupiter:junit-jupiter-engine:jar:6.0.3:test (sources = false)
2026.04.04 22:15:09 INFO  [INFO] Resolving artifact: org.junit.jupiter:junit-jupiter-engine:jar:6.0.3:test (sources = true)
2026.04.04 22:15:09 INFO  Downloading from central: https://repo.maven.apache.org/maven2/org/junit/jupiter/junit-jupiter-engine/6.0.3/junit-jupiter-engine-6.0.3-sources.jar
2026.04.04 22:15:09 INFO  Progress (1): 7.7/173 kB
2026.04.04 22:15:09 INFO  Progress (1): 16/173 kB 
2026.04.04 22:15:09 INFO  Progress (1): 25/173 kB
2026.04.04 22:15:09 INFO  Progress (1): 41/173 kB
2026.04.04 22:15:09 INFO  Progress (1): 57/173 kB
2026.04.04 22:15:09 INFO  Progress (1): 74/173 kB
2026.04.04 22:15:09 INFO  Progress (1): 90/173 kB
2026.04.04 22:15:09 INFO  Progress (1): 106/173 kB
2026.04.04 22:15:09 INFO  Progress (1): 123/173 kB
2026.04.04 22:15:09 INFO  Progress (1): 139/173 kB
2026.04.04 22:15:09 INFO  Progress (1): 156/173 kB
2026.04.04 22:15:09 INFO  Progress (1): 172/173 kB
2026.04.04 22:15:09 INFO  Progress (1): 173 kB    
2026.04.04 22:15:09 INFO                      
2026.04.04 22:15:09 INFO  Downloaded from central: https://repo.maven.apache.org/maven2/org/junit/jupiter/junit-jupiter-engine/6.0.3/junit-jupiter-engine-6.0.3-sources.jar (173 kB at 1.8 MB/s)
2026.04.04 22:15:09 INFO  [INFO] SUCCESS: org.junit.jupiter:junit-jupiter-engine:jar:6.0.3:test (sources = true)
2026.04.04 22:15:09 INFO  [INFO] Resolving artifact: com.fasterxml:classmate:jar:1.7.3:runtime (sources = false)
2026.04.04 22:15:09 INFO  [INFO] SUCCESS: com.fasterxml:classmate:jar:1.7.3:runtime (sources = false)
2026.04.04 22:15:09 INFO  [INFO] Resolving artifact: com.fasterxml:classmate:jar:1.7.3:runtime (sources = true)
2026.04.04 22:15:09 INFO  Downloading from central: https://repo.maven.apache.org/maven2/com/fasterxml/classmate/1.7.3/classmate-1.7.3-sources.jar
2026.04.04 22:15:09 INFO  Progress (1): 7.7/54 kB
2026.04.04 22:15:09 INFO  Progress (1): 8.2/54 kB
2026.04.04 22:15:09 INFO  Progress (1): 16/54 kB 
2026.04.04 22:15:09 INFO  Progress (1): 33/54 kB
2026.04.04 22:15:09 INFO  Progress (1): 41/54 kB
2026.04.04 22:15:09 INFO  Progress (1): 54 kB   
2026.04.04 22:15:09 INFO                     
2026.04.04 22:15:09 INFO  Downloaded from central: https://repo.maven.apache.org/maven2/com/fasterxml/classmate/1.7.3/classmate-1.7.3-sources.jar (54 kB at 339 kB/s)
2026.04.04 22:15:09 INFO  [INFO] SUCCESS: com.fasterxml:classmate:jar:1.7.3:runtime (sources = true)
2026.04.04 22:15:09 INFO  [INFO] Resolving artifact: org.springframework.boot:spring-boot-jpa-test:jar:4.0.5:test (sources = false)
2026.04.04 22:15:09 INFO  [INFO] SUCCESS: org.springframework.boot:spring-boot-jpa-test:jar:4.0.5:test (sources = false)
2026.04.04 22:15:09 INFO  [INFO] Resolving artifact: org.springframework.boot:spring-boot-jpa-test:jar:4.0.5:test (sources = true)
2026.04.04 22:15:09 INFO  Downloading from central: https://repo.maven.apache.org/maven2/org/springframework/boot/spring-boot-jpa-test/4.0.5/spring-boot-jpa-test-4.0.5-sources.jar
2026.04.04 22:15:09 INFO  Progress (1): 7.7/11 kB
2026.04.04 22:15:09 INFO  Progress (1): 8.2/11 kB
2026.04.04 22:15:09 INFO  Progress (1): 11 kB    
2026.04.04 22:15:09 INFO                     
2026.04.04 22:15:09 INFO  Downloaded from central: https://repo.maven.apache.org/maven2/org/springframework/boot/spring-boot-jpa-test/4.0.5/spring-boot-jpa-test-4.0.5-sources.jar (11 kB at 44 kB/s)
2026.04.04 22:15:09 INFO  [INFO] SUCCESS: org.springframework.boot:spring-boot-jpa-test:jar:4.0.5:test (sources = true)
2026.04.04 22:15:09 INFO  [INFO] Resolving artifact: org.springframework.boot:spring-boot-starter-logging:jar:4.0.5:compile (sources = false)
2026.04.04 22:15:09 INFO  [INFO] SUCCESS: org.springframework.boot:spring-boot-starter-logging:jar:4.0.5:compile (sources = false)
2026.04.04 22:15:09 INFO  [INFO] Resolving artifact: org.springframework.boot:spring-boot-starter-logging:jar:4.0.5:compile (sources = true)
2026.04.04 22:15:09 INFO  Downloading from central: https://repo.maven.apache.org/maven2/org/springframework/boot/spring-boot-starter-logging/4.0.5/spring-boot-starter-logging-4.0.5-sources.jar
2026.04.04 22:15:09 INFO  Progress (1): 4.7 kB
2026.04.04 22:15:09 INFO                      
2026.04.04 22:15:09 INFO  Downloaded from central: https://repo.maven.apache.org/maven2/org/springframework/boot/spring-boot-starter-logging/4.0.5/spring-boot-starter-logging-4.0.5-sources.jar (4.7 kB at 67 kB/s)
2026.04.04 22:15:09 INFO  [INFO] SUCCESS: org.springframework.boot:spring-boot-starter-logging:jar:4.0.5:compile (sources = true)
2026.04.04 22:15:09 INFO  [INFO] Resolving artifact: net.minidev:accessors-smart:jar:2.6.0:test (sources = false)
2026.04.04 22:15:09 INFO  [INFO] SUCCESS: net.minidev:accessors-smart:jar:2.6.0:test (sources = false)
2026.04.04 22:15:09 INFO  [INFO] Resolving artifact: net.minidev:accessors-smart:jar:2.6.0:test (sources = true)
2026.04.04 22:15:09 INFO  Downloading from central: https://repo.maven.apache.org/maven2/net/minidev/accessors-smart/2.6.0/accessors-smart-2.6.0-sources.jar
2026.04.04 22:15:10 INFO  Progress (1): 7.7/23 kB
2026.04.04 22:15:10 INFO  Progress (1): 12/23 kB 
2026.04.04 22:15:10 INFO  Progress (1): 23 kB   
2026.04.04 22:15:10 INFO                     
2026.04.04 22:15:10 INFO  Downloaded from central: https://repo.maven.apache.org/maven2/net/minidev/accessors-smart/2.6.0/accessors-smart-2.6.0-sources.jar (23 kB at 45 kB/s)
2026.04.04 22:15:10 INFO  [INFO] SUCCESS: net.minidev:accessors-smart:jar:2.6.0:test (sources = true)
2026.04.04 22:15:10 INFO  [INFO] Resolving artifact: org.springframework.boot:spring-boot-autoconfigure:jar:4.0.5:compile (sources = false)
2026.04.04 22:15:10 INFO  [INFO] SUCCESS: org.springframework.boot:spring-boot-autoconfigure:jar:4.0.5:compile (sources = false)
2026.04.04 22:15:10 INFO  [INFO] Resolving artifact: org.springframework.boot:spring-boot-autoconfigure:jar:4.0.5:compile (sources = true)
2026.04.04 22:15:10 INFO  Downloading from central: https://repo.maven.apache.org/maven2/org/springframework/boot/spring-boot-autoconfigure/4.0.5/spring-boot-autoconfigure-4.0.5-sources.jar
2026.04.04 22:15:10 INFO  Progress (1): 7.7/233 kB
2026.04.04 22:15:10 INFO  Progress (1): 16/233 kB 
2026.04.04 22:15:10 INFO  Progress (1): 25/233 kB
2026.04.04 22:15:10 INFO  Progress (1): 41/233 kB
2026.04.04 22:15:10 INFO  Progress (1): 57/233 kB
2026.04.04 22:15:10 INFO  Progress (1): 74/233 kB
2026.04.04 22:15:10 INFO  Progress (1): 90/233 kB
2026.04.04 22:15:10 INFO  Progress (1): 98/233 kB
2026.04.04 22:15:10 INFO  Progress (1): 115/233 kB
2026.04.04 22:15:10 INFO  Progress (1): 131/233 kB
2026.04.04 22:15:10 INFO  Progress (1): 147/233 kB
2026.04.04 22:15:10 INFO  Progress (1): 164/233 kB
2026.04.04 22:15:10 INFO  Progress (1): 180/233 kB
2026.04.04 22:15:10 INFO  Progress (1): 188/233 kB
2026.04.04 22:15:10 INFO  Progress (1): 205/233 kB
2026.04.04 22:15:10 INFO  Progress (1): 221/233 kB
2026.04.04 22:15:10 INFO  Progress (1): 233 kB    
2026.04.04 22:15:10 INFO                      
2026.04.04 22:15:10 INFO  Downloaded from central: https://repo.maven.apache.org/maven2/org/springframework/boot/spring-boot-autoconfigure/4.0.5/spring-boot-autoconfigure-4.0.5-sources.jar (233 kB at 1.4 MB/s)
2026.04.04 22:15:10 INFO  [INFO] SUCCESS: org.springframework.boot:spring-boot-autoconfigure:jar:4.0.5:compile (sources = true)
2026.04.04 22:15:10 INFO  [INFO] Resolving artifact: org.springframework.boot:spring-boot-servlet:jar:4.0.5:compile (sources = false)
2026.04.04 22:15:10 INFO  [INFO] SUCCESS: org.springframework.boot:spring-boot-servlet:jar:4.0.5:compile (sources = false)
2026.04.04 22:15:10 INFO  [INFO] Resolving artifact: org.springframework.boot:spring-boot-servlet:jar:4.0.5:compile (sources = true)
2026.04.04 22:15:10 INFO  Downloading from central: https://repo.maven.apache.org/maven2/org/springframework/boot/spring-boot-servlet/4.0.5/spring-boot-servlet-4.0.5-sources.jar
2026.04.04 22:15:10 INFO  Progress (1): 7.7/44 kB
2026.04.04 22:15:10 INFO  Progress (1): 12/44 kB 
2026.04.04 22:15:10 INFO  Progress (1): 28/44 kB
2026.04.04 22:15:10 INFO  Progress (1): 44/44 kB
2026.04.04 22:15:10 INFO  Progress (1): 44 kB   
2026.04.04 22:15:12 INFO  no build target found for C:\Users\Lenovo\kiwi\Dashboard\src\main\java\com\kiwi\demo\DemoApplication.java. Using fallback presentation compiler.
2026.04.04 22:15:13 INFO                     
2026.04.04 22:15:13 INFO  Downloaded from central: https://repo.maven.apache.org/maven2/org/springframework/boot/spring-boot-servlet/4.0.5/spring-boot-servlet-4.0.5-sources.jar (44 kB at 21 kB/s)
2026.04.04 22:15:13 INFO  [INFO] SUCCESS: org.springframework.boot:spring-boot-servlet:jar:4.0.5:compile (sources = true)
2026.04.04 22:15:13 INFO  [INFO] Resolving artifact: org.junit.jupiter:junit-jupiter-params:jar:6.0.3:test (sources = false)
2026.04.04 22:15:13 INFO  [INFO] SUCCESS: org.junit.jupiter:junit-jupiter-params:jar:6.0.3:test (sources = false)
2026.04.04 22:15:13 INFO  [INFO] Resolving artifact: org.junit.jupiter:junit-jupiter-params:jar:6.0.3:test (sources = true)
2026.04.04 22:15:13 INFO  Downloading from central: https://repo.maven.apache.org/maven2/org/junit/jupiter/junit-jupiter-params/6.0.3/junit-jupiter-params-6.0.3-sources.jar
2026.04.04 22:15:13 INFO  Progress (1): 7.7/140 kB
2026.04.04 22:15:13 INFO  Progress (1): 16/140 kB 
2026.04.04 22:15:13 INFO  Progress (1): 25/140 kB
2026.04.04 22:15:13 INFO  Progress (1): 41/140 kB
2026.04.04 22:15:13 INFO  Progress (1): 57/140 kB
2026.04.04 22:15:13 INFO  Progress (1): 74/140 kB
2026.04.04 22:15:13 INFO  Progress (1): 90/140 kB
2026.04.04 22:15:13 INFO  Progress (1): 106/140 kB
2026.04.04 22:15:13 INFO  Progress (1): 123/140 kB
2026.04.04 22:15:13 INFO  Progress (1): 139/140 kB
2026.04.04 22:15:13 INFO  Progress (1): 140 kB    
2026.04.04 22:15:13 INFO                      
2026.04.04 22:15:13 INFO  Downloaded from central: https://repo.maven.apache.org/maven2/org/junit/jupiter/junit-jupiter-params/6.0.3/junit-jupiter-params-6.0.3-sources.jar (140 kB at 287 kB/s)
2026.04.04 22:15:13 INFO  [INFO] SUCCESS: org.junit.jupiter:junit-jupiter-params:jar:6.0.3:test (sources = true)
2026.04.04 22:15:13 INFO  [INFO] Resolving artifact: org.springframework.data:spring-data-commons:jar:4.0.4:compile (sources = false)
2026.04.04 22:15:13 INFO  [INFO] SUCCESS: org.springframework.data:spring-data-commons:jar:4.0.4:compile (sources = false)
2026.04.04 22:15:13 INFO  [INFO] Resolving artifact: org.springframework.data:spring-data-commons:jar:4.0.4:compile (sources = true)
2026.04.04 22:15:13 INFO  Downloading from central: https://repo.maven.apache.org/maven2/org/springframework/data/spring-data-commons/4.0.4/spring-data-commons-4.0.4-sources.jar
2026.04.04 22:15:13 INFO  Progress (1): 0/1.1 MB
2026.04.04 22:15:13 INFO  Progress (1): 0/1.1 MB
2026.04.04 22:15:13 INFO  Progress (1): 0/1.1 MB
2026.04.04 22:15:13 INFO  Progress (1): 0/1.1 MB
2026.04.04 22:15:13 INFO  Progress (1): 0.1/1.1 MB
2026.04.04 22:15:13 INFO  Progress (1): 0.1/1.1 MB
2026.04.04 22:15:13 INFO  Progress (1): 0.1/1.1 MB
2026.04.04 22:15:13 INFO  Progress (1): 0.1/1.1 MB
2026.04.04 22:15:13 INFO  Progress (1): 0.1/1.1 MB
2026.04.04 22:15:13 INFO  Progress (1): 0.1/1.1 MB
2026.04.04 22:15:13 INFO  Progress (1): 0.2/1.1 MB
2026.04.04 22:15:13 INFO  Progress (1): 0.2/1.1 MB
2026.04.04 22:15:13 INFO  Progress (1): 0.2/1.1 MB
2026.04.04 22:15:13 INFO  Progress (1): 0.2/1.1 MB
2026.04.04 22:15:13 INFO  Progress (1): 0.2/1.1 MB
2026.04.04 22:15:13 INFO  Progress (1): 0.2/1.1 MB
2026.04.04 22:15:13 INFO  Progress (1): 0.3/1.1 MB
2026.04.04 22:15:13 INFO  Progress (1): 0.3/1.1 MB
2026.04.04 22:15:13 INFO  Progress (1): 0.3/1.1 MB
2026.04.04 22:15:13 INFO  Progress (1): 0.3/1.1 MB
2026.04.04 22:15:13 INFO  Progress (1): 0.3/1.1 MB
2026.04.04 22:15:13 INFO  Progress (1): 0.3/1.1 MB
2026.04.04 22:15:13 INFO  Progress (1): 0.4/1.1 MB
2026.04.04 22:15:13 INFO  Progress (1): 0.4/1.1 MB
2026.04.04 22:15:13 INFO  Progress (1): 0.4/1.1 MB
2026.04.04 22:15:13 INFO  Progress (1): 0.4/1.1 MB
2026.04.04 22:15:13 INFO  Progress (1): 0.4/1.1 MB
2026.04.04 22:15:13 INFO  Progress (1): 0.4/1.1 MB
2026.04.04 22:15:13 INFO  Progress (1): 0.5/1.1 MB
2026.04.04 22:15:13 INFO  Progress (1): 0.5/1.1 MB
2026.04.04 22:15:13 INFO  Progress (1): 0.5/1.1 MB
2026.04.04 22:15:13 INFO  Progress (1): 0.5/1.1 MB
2026.04.04 22:15:13 INFO  Progress (1): 0.5/1.1 MB
2026.04.04 22:15:13 INFO  Progress (1): 0.5/1.1 MB
2026.04.04 22:15:13 INFO  Progress (1): 0.5/1.1 MB
2026.04.04 22:15:13 INFO  Progress (1): 0.6/1.1 MB
2026.04.04 22:15:13 INFO  Progress (1): 0.6/1.1 MB
2026.04.04 22:15:13 INFO  Progress (1): 0.6/1.1 MB
2026.04.04 22:15:13 INFO  Progress (1): 0.6/1.1 MB
2026.04.04 22:15:13 INFO  Progress (1): 0.6/1.1 MB
2026.04.04 22:15:13 INFO  Progress (1): 0.6/1.1 MB
2026.04.04 22:15:13 INFO  Progress (1): 0.7/1.1 MB
2026.04.04 22:15:13 INFO  Progress (1): 0.7/1.1 MB
2026.04.04 22:15:13 INFO  Progress (1): 0.7/1.1 MB
2026.04.04 22:15:13 INFO  Progress (1): 0.7/1.1 MB
2026.04.04 22:15:13 INFO  Progress (1): 0.7/1.1 MB
2026.04.04 22:15:13 INFO  Progress (1): 0.7/1.1 MB
2026.04.04 22:15:13 INFO  Progress (1): 0.8/1.1 MB
2026.04.04 22:15:13 INFO  Progress (1): 0.8/1.1 MB
2026.04.04 22:15:13 INFO  Progress (1): 0.8/1.1 MB
2026.04.04 22:15:13 INFO  Progress (1): 0.8/1.1 MB
2026.04.04 22:15:13 INFO  Progress (1): 0.8/1.1 MB
2026.04.04 22:15:13 INFO  Progress (1): 0.8/1.1 MB
2026.04.04 22:15:13 INFO  Progress (1): 0.9/1.1 MB
2026.04.04 22:15:13 INFO  Progress (1): 0.9/1.1 MB
2026.04.04 22:15:13 INFO  Progress (1): 0.9/1.1 MB
2026.04.04 22:15:13 INFO  Progress (1): 0.9/1.1 MB
2026.04.04 22:15:13 INFO  Progress (1): 0.9/1.1 MB
2026.04.04 22:15:13 INFO  Progress (1): 0.9/1.1 MB
2026.04.04 22:15:13 INFO  Progress (1): 1.0/1.1 MB
2026.04.04 22:15:13 INFO  Progress (1): 1.0/1.1 MB
2026.04.04 22:15:13 INFO  Progress (1): 1.0/1.1 MB
2026.04.04 22:15:13 INFO  Progress (1): 1.0/1.1 MB
2026.04.04 22:15:13 INFO  Progress (1): 1.0/1.1 MB
2026.04.04 22:15:13 INFO  Progress (1): 1.0/1.1 MB
2026.04.04 22:15:13 INFO  Progress (1): 1.1/1.1 MB
2026.04.04 22:15:13 INFO  Progress (1): 1.1/1.1 MB
2026.04.04 22:15:13 INFO  Progress (1): 1.1 MB    
2026.04.04 22:15:13 INFO                      
2026.04.04 22:15:13 INFO  Downloaded from central: https://repo.maven.apache.org/maven2/org/springframework/data/spring-data-commons/4.0.4/spring-data-commons-4.0.4-sources.jar (1.1 MB at 4.4 MB/s)
2026.04.04 22:15:14 INFO  [INFO] SUCCESS: org.springframework.data:spring-data-commons:jar:4.0.4:compile (sources = true)
2026.04.04 22:15:14 INFO  [INFO] Resolving artifact: org.springframework:spring-aop:jar:7.0.6:compile (sources = false)
2026.04.04 22:15:14 INFO  [INFO] SUCCESS: org.springframework:spring-aop:jar:7.0.6:compile (sources = false)
2026.04.04 22:15:14 INFO  [INFO] Resolving artifact: org.springframework:spring-aop:jar:7.0.6:compile (sources = true)
2026.04.04 22:15:14 INFO  Downloading from central: https://repo.maven.apache.org/maven2/org/springframework/spring-aop/7.0.6/spring-aop-7.0.6-sources.jar
2026.04.04 22:15:14 INFO  Progress (1): 7.7/375 kB
2026.04.04 22:15:14 INFO  Progress (1): 16/375 kB 
2026.04.04 22:15:14 INFO  Progress (1): 32/375 kB
2026.04.04 22:15:14 INFO  Progress (1): 49/375 kB
2026.04.04 22:15:14 INFO  Progress (1): 65/375 kB
2026.04.04 22:15:14 INFO  Progress (1): 81/375 kB
2026.04.04 22:15:14 INFO  Progress (1): 98/375 kB
2026.04.04 22:15:14 INFO  Progress (1): 114/375 kB
2026.04.04 22:15:14 INFO  Progress (1): 131/375 kB
2026.04.04 22:15:14 INFO  Progress (1): 147/375 kB
2026.04.04 22:15:14 INFO  Progress (1): 163/375 kB
2026.04.04 22:15:14 INFO  Progress (1): 180/375 kB
2026.04.04 22:15:14 INFO  Progress (1): 196/375 kB
2026.04.04 22:15:14 INFO  Progress (1): 212/375 kB
2026.04.04 22:15:14 INFO  Progress (1): 229/375 kB
2026.04.04 22:15:14 INFO  Progress (1): 245/375 kB
2026.04.04 22:15:14 INFO  Progress (1): 262/375 kB
2026.04.04 22:15:14 INFO  Progress (1): 278/375 kB
2026.04.04 22:15:14 INFO  Progress (1): 294/375 kB
2026.04.04 22:15:14 INFO  Progress (1): 311/375 kB
2026.04.04 22:15:14 INFO  Progress (1): 327/375 kB
2026.04.04 22:15:14 INFO  Progress (1): 344/375 kB
2026.04.04 22:15:14 INFO  Progress (1): 360/375 kB
2026.04.04 22:15:14 INFO  Progress (1): 375 kB    
2026.04.04 22:15:14 INFO                      
2026.04.04 22:15:14 INFO  Downloaded from central: https://repo.maven.apache.org/maven2/org/springframework/spring-aop/7.0.6/spring-aop-7.0.6-sources.jar (375 kB at 1.2 MB/s)
2026.04.04 22:15:14 INFO  [INFO] SUCCESS: org.springframework:spring-aop:jar:7.0.6:compile (sources = true)
2026.04.04 22:15:14 INFO  [INFO] Resolving artifact: jakarta.xml.bind:jakarta.xml.bind-api:jar:4.0.4:runtime (sources = false)
2026.04.04 22:15:14 INFO  [INFO] SUCCESS: jakarta.xml.bind:jakarta.xml.bind-api:jar:4.0.4:runtime (sources = false)
2026.04.04 22:15:14 INFO  [INFO] Resolving artifact: jakarta.xml.bind:jakarta.xml.bind-api:jar:4.0.4:runtime (sources = true)
2026.04.04 22:15:14 INFO  Downloading from central: https://repo.maven.apache.org/maven2/jakarta/xml/bind/jakarta.xml.bind-api/4.0.4/jakarta.xml.bind-api-4.0.4-sources.jar
2026.04.04 22:15:14 INFO  Progress (1): 7.7/198 kB
2026.04.04 22:15:14 INFO  Progress (1): 16/198 kB 
2026.04.04 22:15:14 INFO  Progress (1): 25/198 kB
2026.04.04 22:15:14 INFO  Progress (1): 41/198 kB
2026.04.04 22:15:14 INFO  Progress (1): 57/198 kB
2026.04.04 22:15:14 INFO  Progress (1): 66/198 kB
2026.04.04 22:15:14 INFO  Progress (1): 82/198 kB
2026.04.04 22:15:14 INFO  Progress (1): 90/198 kB
2026.04.04 22:15:14 INFO  Progress (1): 98/198 kB
2026.04.04 22:15:14 INFO  Progress (1): 115/198 kB
2026.04.04 22:15:14 INFO  Progress (1): 123/198 kB
2026.04.04 22:15:14 INFO  Progress (1): 139/198 kB
2026.04.04 22:15:14 INFO  Progress (1): 156/198 kB
2026.04.04 22:15:14 INFO  Progress (1): 164/198 kB
2026.04.04 22:15:14 INFO  Progress (1): 180/198 kB
2026.04.04 22:15:14 INFO  Progress (1): 188/198 kB
2026.04.04 22:15:14 INFO  Progress (1): 197/198 kB
2026.04.04 22:15:14 INFO  Progress (1): 198 kB    
2026.04.04 22:15:14 INFO                      
2026.04.04 22:15:14 INFO  Downloaded from central: https://repo.maven.apache.org/maven2/jakarta/xml/bind/jakarta.xml.bind-api/4.0.4/jakarta.xml.bind-api-4.0.4-sources.jar (198 kB at 850 kB/s)
2026.04.04 22:15:14 INFO  [INFO] SUCCESS: jakarta.xml.bind:jakarta.xml.bind-api:jar:4.0.4:runtime (sources = true)
2026.04.04 22:15:14 INFO  [INFO] Resolving artifact: org.springframework.boot:spring-boot-jpa:jar:4.0.5:compile (sources = false)
2026.04.04 22:15:14 INFO  [INFO] SUCCESS: org.springframework.boot:spring-boot-jpa:jar:4.0.5:compile (sources = false)
2026.04.04 22:15:14 INFO  [INFO] Resolving artifact: org.springframework.boot:spring-boot-jpa:jar:4.0.5:compile (sources = true)
2026.04.04 22:15:14 INFO  Downloading from central: https://repo.maven.apache.org/maven2/org/springframework/boot/spring-boot-jpa/4.0.5/spring-boot-jpa-4.0.5-sources.jar
2026.04.04 22:15:14 INFO  Progress (1): 7.7/19 kB
2026.04.04 22:15:14 INFO  Progress (1): 16/19 kB 
2026.04.04 22:15:14 INFO  Progress (1): 19 kB   
2026.04.04 22:15:15 INFO  no build target found for C:\Users\Lenovo\kiwi\Dashboard\src\main\java\com\kiwi\demo\DemoApplication.java. Using fallback presentation compiler.
2026.04.04 22:15:17 INFO                     
2026.04.04 22:15:17 INFO  Downloaded from central: https://repo.maven.apache.org/maven2/org/springframework/boot/spring-boot-jpa/4.0.5/spring-boot-jpa-4.0.5-sources.jar (19 kB at 9.7 kB/s)
2026.04.04 22:15:17 INFO  [INFO] SUCCESS: org.springframework.boot:spring-boot-jpa:jar:4.0.5:compile (sources = true)
2026.04.04 22:15:17 INFO  [INFO] Resolving artifact: org.mockito:mockito-core:jar:5.20.0:test (sources = false)
2026.04.04 22:15:17 INFO  [INFO] SUCCESS: org.mockito:mockito-core:jar:5.20.0:test (sources = false)
2026.04.04 22:15:17 INFO  [INFO] Resolving artifact: org.mockito:mockito-core:jar:5.20.0:test (sources = true)
2026.04.04 22:15:17 INFO  Downloading from central: https://repo.maven.apache.org/maven2/org/mockito/mockito-core/5.20.0/mockito-core-5.20.0-sources.jar
2026.04.04 22:15:17 INFO  Progress (1): 7.7/543 kB
2026.04.04 22:15:17 INFO  Progress (1): 16/543 kB 
2026.04.04 22:15:17 INFO  Progress (1): 25/543 kB
2026.04.04 22:15:17 INFO  Progress (1): 41/543 kB
2026.04.04 22:15:17 INFO  Progress (1): 57/543 kB
2026.04.04 22:15:17 INFO  Progress (1): 74/543 kB
2026.04.04 22:15:17 INFO  Progress (1): 90/543 kB
2026.04.04 22:15:17 INFO  Progress (1): 106/543 kB
2026.04.04 22:15:17 INFO  Progress (1): 123/543 kB
2026.04.04 22:15:17 INFO  Progress (1): 139/543 kB
2026.04.04 22:15:17 INFO  Progress (1): 147/543 kB
2026.04.04 22:15:17 INFO  Progress (1): 156/543 kB
2026.04.04 22:15:17 INFO  Progress (1): 172/543 kB
2026.04.04 22:15:17 INFO  Progress (1): 188/543 kB
2026.04.04 22:15:17 INFO  Progress (1): 205/543 kB
2026.04.04 22:15:17 INFO  Progress (1): 221/543 kB
2026.04.04 22:15:17 INFO  Progress (1): 238/543 kB
2026.04.04 22:15:17 INFO  Progress (1): 254/543 kB
2026.04.04 22:15:17 INFO  Progress (1): 270/543 kB
2026.04.04 22:15:17 INFO  Progress (1): 287/543 kB
2026.04.04 22:15:17 INFO  Progress (1): 303/543 kB
2026.04.04 22:15:17 INFO  Progress (1): 319/543 kB
2026.04.04 22:15:17 INFO  Progress (1): 336/543 kB
2026.04.04 22:15:17 INFO  Progress (1): 352/543 kB
2026.04.04 22:15:17 INFO  Progress (1): 369/543 kB
2026.04.04 22:15:17 INFO  Progress (1): 385/543 kB
2026.04.04 22:15:17 INFO  Progress (1): 401/543 kB
2026.04.04 22:15:17 INFO  Progress (1): 418/543 kB
2026.04.04 22:15:17 INFO  Progress (1): 434/543 kB
2026.04.04 22:15:17 INFO  Progress (1): 451/543 kB
2026.04.04 22:15:17 INFO  Progress (1): 467/543 kB
2026.04.04 22:15:17 INFO  Progress (1): 483/543 kB
2026.04.04 22:15:17 INFO  Progress (1): 500/543 kB
2026.04.04 22:15:17 INFO  Progress (1): 516/543 kB
2026.04.04 22:15:17 INFO  Progress (1): 532/543 kB
2026.04.04 22:15:17 INFO  Progress (1): 543 kB    
2026.04.04 22:15:17 INFO                      
2026.04.04 22:15:17 INFO  Downloaded from central: https://repo.maven.apache.org/maven2/org/mockito/mockito-core/5.20.0/mockito-core-5.20.0-sources.jar (543 kB at 935 kB/s)
2026.04.04 22:15:17 INFO  [INFO] SUCCESS: org.mockito:mockito-core:jar:5.20.0:test (sources = true)
2026.04.04 22:15:17 INFO  [INFO] Resolving artifact: org.objenesis:objenesis:jar:3.3:test (sources = false)
2026.04.04 22:15:17 INFO  [INFO] SUCCESS: org.objenesis:objenesis:jar:3.3:test (sources = false)
2026.04.04 22:15:17 INFO  [INFO] Resolving artifact: org.objenesis:objenesis:jar:3.3:test (sources = true)
2026.04.04 22:15:17 INFO  Downloading from central: https://repo.maven.apache.org/maven2/org/objenesis/objenesis/3.3/objenesis-3.3-sources.jar
2026.04.04 22:15:17 INFO  Progress (1): 7.7/53 kB
2026.04.04 22:15:17 INFO  Progress (1): 16/53 kB 
2026.04.04 22:15:17 INFO  Progress (1): 25/53 kB
2026.04.04 22:15:17 INFO  Progress (1): 41/53 kB
2026.04.04 22:15:17 INFO  Progress (1): 53 kB   
2026.04.04 22:15:17 INFO                     
2026.04.04 22:15:17 INFO  Downloaded from central: https://repo.maven.apache.org/maven2/org/objenesis/objenesis/3.3/objenesis-3.3-sources.jar (53 kB at 374 kB/s)
2026.04.04 22:15:17 INFO  [INFO] SUCCESS: org.objenesis:objenesis:jar:3.3:test (sources = true)
2026.04.04 22:15:17 INFO  [INFO] Resolving artifact: org.springframework.boot:spring-boot-starter-jdbc:jar:4.0.5:compile (sources = false)
2026.04.04 22:15:17 INFO  [INFO] SUCCESS: org.springframework.boot:spring-boot-starter-jdbc:jar:4.0.5:compile (sources = false)
2026.04.04 22:15:17 INFO  [INFO] Resolving artifact: org.springframework.boot:spring-boot-starter-jdbc:jar:4.0.5:compile (sources = true)
2026.04.04 22:15:17 INFO  Downloading from central: https://repo.maven.apache.org/maven2/org/springframework/boot/spring-boot-starter-jdbc/4.0.5/spring-boot-starter-jdbc-4.0.5-sources.jar
2026.04.04 22:15:18 INFO  Progress (1): 4.8 kB
2026.04.04 22:15:18 INFO                      
2026.04.04 22:15:18 INFO  Downloaded from central: https://repo.maven.apache.org/maven2/org/springframework/boot/spring-boot-starter-jdbc/4.0.5/spring-boot-starter-jdbc-4.0.5-sources.jar (4.8 kB at 23 kB/s)
2026.04.04 22:15:18 INFO  [INFO] SUCCESS: org.springframework.boot:spring-boot-starter-jdbc:jar:4.0.5:compile (sources = true)
2026.04.04 22:15:18 INFO  [INFO] Resolving artifact: org.apache.logging.log4j:log4j-api:jar:2.25.3:compile (sources = false)
2026.04.04 22:15:18 INFO  [INFO] SUCCESS: org.apache.logging.log4j:log4j-api:jar:2.25.3:compile (sources = false)
2026.04.04 22:15:18 INFO  [INFO] Resolving artifact: org.apache.logging.log4j:log4j-api:jar:2.25.3:compile (sources = true)
2026.04.04 22:15:18 INFO  Downloading from central: https://repo.maven.apache.org/maven2/org/apache/logging/log4j/log4j-api/2.25.3/log4j-api-2.25.3-sources.jar
2026.04.04 22:15:18 INFO  Progress (1): 7.7/295 kB
2026.04.04 22:15:18 INFO  Progress (1): 8.2/295 kB
2026.04.04 22:15:18 INFO  Progress (1): 25/295 kB 
2026.04.04 22:15:18 INFO  Progress (1): 41/295 kB
2026.04.04 22:15:18 INFO  Progress (1): 57/295 kB
2026.04.04 22:15:18 INFO  Progress (1): 74/295 kB
2026.04.04 22:15:18 INFO  Progress (1): 90/295 kB
2026.04.04 22:15:18 INFO  Progress (1): 106/295 kB
2026.04.04 22:15:18 INFO  Progress (1): 123/295 kB
2026.04.04 22:15:18 INFO  Progress (1): 131/295 kB
2026.04.04 22:15:18 INFO  Progress (1): 147/295 kB
2026.04.04 22:15:18 INFO  Progress (1): 164/295 kB
2026.04.04 22:15:18 INFO  Progress (1): 180/295 kB
2026.04.04 22:15:18 INFO  Progress (1): 197/295 kB
2026.04.04 22:15:18 INFO  Progress (1): 213/295 kB
2026.04.04 22:15:18 INFO  Progress (1): 229/295 kB
2026.04.04 22:15:18 INFO  Progress (1): 246/295 kB
2026.04.04 22:15:18 INFO  Progress (1): 262/295 kB
2026.04.04 22:15:18 INFO  Progress (1): 279/295 kB
2026.04.04 22:15:18 INFO  Progress (1): 295/295 kB
2026.04.04 22:15:18 INFO  Progress (1): 295 kB    
2026.04.04 22:15:18 INFO                      
2026.04.04 22:15:18 INFO  Downloaded from central: https://repo.maven.apache.org/maven2/org/apache/logging/log4j/log4j-api/2.25.3/log4j-api-2.25.3-sources.jar (295 kB at 981 kB/s)
2026.04.04 22:15:18 INFO  [INFO] SUCCESS: org.apache.logging.log4j:log4j-api:jar:2.25.3:compile (sources = true)
2026.04.04 22:15:18 INFO  [INFO] Resolving artifact: org.springframework:spring-expression:jar:7.0.6:compile (sources = false)
2026.04.04 22:15:18 INFO  [INFO] SUCCESS: org.springframework:spring-expression:jar:7.0.6:compile (sources = false)
2026.04.04 22:15:18 INFO  [INFO] Resolving artifact: org.springframework:spring-expression:jar:7.0.6:compile (sources = true)
2026.04.04 22:15:18 INFO  Downloading from central: https://repo.maven.apache.org/maven2/org/springframework/spring-expression/7.0.6/spring-expression-7.0.6-sources.jar
2026.04.04 22:15:18 INFO  Progress (1): 8.2/242 kB
2026.04.04 22:15:18 INFO  Progress (1): 16/242 kB 
2026.04.04 22:15:18 INFO  Progress (1): 33/242 kB
2026.04.04 22:15:18 INFO  Progress (1): 41/242 kB
2026.04.04 22:15:18 INFO  Progress (1): 57/242 kB
2026.04.04 22:15:18 INFO  Progress (1): 74/242 kB
2026.04.04 22:15:18 INFO  Progress (1): 90/242 kB
2026.04.04 22:15:18 INFO  Progress (1): 102/242 kB
2026.04.04 22:15:18 INFO  Progress (1): 118/242 kB
2026.04.04 22:15:18 INFO  Progress (1): 135/242 kB
2026.04.04 22:15:18 INFO  Progress (1): 147/242 kB
2026.04.04 22:15:18 INFO  Progress (1): 156/242 kB
2026.04.04 22:15:18 INFO  Progress (1): 164/242 kB
2026.04.04 22:15:18 INFO  Progress (1): 180/242 kB
2026.04.04 22:15:18 INFO  Progress (1): 197/242 kB
2026.04.04 22:15:18 INFO  Progress (1): 213/242 kB
2026.04.04 22:15:18 INFO  Progress (1): 229/242 kB
2026.04.04 22:15:18 INFO  Progress (1): 242 kB    
2026.04.04 22:15:18 INFO                      
2026.04.04 22:15:18 INFO  Downloaded from central: https://repo.maven.apache.org/maven2/org/springframework/spring-expression/7.0.6/spring-expression-7.0.6-sources.jar (242 kB at 789 kB/s)
2026.04.04 22:15:18 INFO  [INFO] SUCCESS: org.springframework:spring-expression:jar:7.0.6:compile (sources = true)
2026.04.04 22:15:18 INFO  [INFO] Resolving artifact: ch.qos.logback:logback-core:jar:1.5.32:compile (sources = false)
2026.04.04 22:15:18 INFO  [INFO] SUCCESS: ch.qos.logback:logback-core:jar:1.5.32:compile (sources = false)
2026.04.04 22:15:18 INFO  [INFO] Resolving artifact: ch.qos.logback:logback-core:jar:1.5.32:compile (sources = true)
2026.04.04 22:15:18 INFO  Downloading from central: https://repo.maven.apache.org/maven2/ch/qos/logback/logback-core/1.5.32/logback-core-1.5.32-sources.jar
2026.04.04 22:15:18 INFO  Progress (1): 3.3/532 kB
2026.04.04 22:15:18 INFO  Progress (1): 12/532 kB 
2026.04.04 22:15:18 INFO  Progress (1): 28/532 kB
2026.04.04 22:15:18 INFO  Progress (1): 44/532 kB
2026.04.04 22:15:18 INFO  Progress (1): 61/532 kB
2026.04.04 22:15:18 INFO  Progress (1): 77/532 kB
2026.04.04 22:15:18 INFO  Progress (1): 93/532 kB
2026.04.04 22:15:18 INFO  Progress (1): 110/532 kB
2026.04.04 22:15:18 INFO  Progress (1): 126/532 kB
2026.04.04 22:15:18 INFO  Progress (1): 143/532 kB
2026.04.04 22:15:18 INFO  Progress (1): 159/532 kB
2026.04.04 22:15:18 INFO  Progress (1): 175/532 kB
2026.04.04 22:15:18 INFO  Progress (1): 192/532 kB
2026.04.04 22:15:18 INFO  Progress (1): 208/532 kB
2026.04.04 22:15:18 INFO  Progress (1): 225/532 kB
2026.04.04 22:15:18 INFO  Progress (1): 241/532 kB
2026.04.04 22:15:18 INFO  Progress (1): 257/532 kB
2026.04.04 22:15:18 INFO  Progress (1): 274/532 kB
2026.04.04 22:15:18 INFO  Progress (1): 290/532 kB
2026.04.04 22:15:18 INFO  Progress (1): 306/532 kB
2026.04.04 22:15:18 INFO  Progress (1): 323/532 kB
2026.04.04 22:15:18 INFO  Progress (1): 339/532 kB
2026.04.04 22:15:18 INFO  Progress (1): 356/532 kB
2026.04.04 22:15:18 INFO  Progress (1): 372/532 kB
2026.04.04 22:15:18 INFO  Progress (1): 388/532 kB
2026.04.04 22:15:18 INFO  Progress (1): 405/532 kB
2026.04.04 22:15:18 INFO  Progress (1): 421/532 kB
2026.04.04 22:15:18 INFO  Progress (1): 438/532 kB
2026.04.04 22:15:18 INFO  Progress (1): 454/532 kB
2026.04.04 22:15:18 INFO  Progress (1): 470/532 kB
2026.04.04 22:15:18 INFO  Progress (1): 487/532 kB
2026.04.04 22:15:18 INFO  Progress (1): 503/532 kB
2026.04.04 22:15:18 INFO  Progress (1): 519/532 kB
2026.04.04 22:15:18 INFO  Progress (1): 532 kB    
2026.04.04 22:15:19 INFO                      
2026.04.04 22:15:19 INFO  Downloaded from central: https://repo.maven.apache.org/maven2/ch/qos/logback/logback-core/1.5.32/logback-core-1.5.32-sources.jar (532 kB at 1.7 MB/s)
2026.04.04 22:15:19 INFO  [INFO] SUCCESS: ch.qos.logback:logback-core:jar:1.5.32:compile (sources = true)
2026.04.04 22:15:19 INFO  [INFO] Resolving artifact: org.springframework:spring-web:jar:7.0.6:compile (sources = false)
2026.04.04 22:15:19 INFO  [INFO] SUCCESS: org.springframework:spring-web:jar:7.0.6:compile (sources = false)
2026.04.04 22:15:19 INFO  [INFO] Resolving artifact: org.springframework:spring-web:jar:7.0.6:compile (sources = true)
2026.04.04 22:15:19 INFO  Downloading from central: https://repo.maven.apache.org/maven2/org/springframework/spring-web/7.0.6/spring-web-7.0.6-sources.jar
2026.04.04 22:15:19 INFO  Progress (1): 0/1.5 MB
2026.04.04 22:15:19 INFO  Progress (1): 0/1.5 MB
2026.04.04 22:15:19 INFO  Progress (1): 0/1.5 MB
2026.04.04 22:15:19 INFO  Progress (1): 0/1.5 MB
2026.04.04 22:15:19 INFO  Progress (1): 0/1.5 MB
2026.04.04 22:15:19 INFO  Progress (1): 0.1/1.5 MB
2026.04.04 22:15:19 INFO  Progress (1): 0.1/1.5 MB
2026.04.04 22:15:19 INFO  Progress (1): 0.1/1.5 MB
2026.04.04 22:15:19 INFO  Progress (1): 0.1/1.5 MB
2026.04.04 22:15:19 INFO  Progress (1): 0.1/1.5 MB
2026.04.04 22:15:19 INFO  Progress (1): 0.1/1.5 MB
2026.04.04 22:15:19 INFO  Progress (1): 0.2/1.5 MB
2026.04.04 22:15:19 INFO  Progress (1): 0.2/1.5 MB
2026.04.04 22:15:19 INFO  Progress (1): 0.2/1.5 MB
2026.04.04 22:15:19 INFO  Progress (1): 0.2/1.5 MB
2026.04.04 22:15:19 INFO  Progress (1): 0.2/1.5 MB
2026.04.04 22:15:19 INFO  Progress (1): 0.2/1.5 MB
2026.04.04 22:15:19 INFO  Progress (1): 0.3/1.5 MB
2026.04.04 22:15:19 INFO  Progress (1): 0.3/1.5 MB
2026.04.04 22:15:19 INFO  Progress (1): 0.3/1.5 MB
2026.04.04 22:15:19 INFO  Progress (1): 0.3/1.5 MB
2026.04.04 22:15:19 INFO  Progress (1): 0.3/1.5 MB
2026.04.04 22:15:19 INFO  Progress (1): 0.3/1.5 MB
2026.04.04 22:15:19 INFO  Progress (1): 0.4/1.5 MB
2026.04.04 22:15:19 INFO  Progress (1): 0.4/1.5 MB
2026.04.04 22:15:19 INFO  Progress (1): 0.4/1.5 MB
2026.04.04 22:15:19 INFO  Progress (1): 0.4/1.5 MB
2026.04.04 22:15:19 INFO  Progress (1): 0.4/1.5 MB
2026.04.04 22:15:19 INFO  Progress (1): 0.4/1.5 MB
2026.04.04 22:15:19 INFO  Progress (1): 0.5/1.5 MB
2026.04.04 22:15:19 INFO  Progress (1): 0.5/1.5 MB
2026.04.04 22:15:19 INFO  Progress (1): 0.5/1.5 MB
2026.04.04 22:15:19 INFO  Progress (1): 0.5/1.5 MB
2026.04.04 22:15:19 INFO  Progress (1): 0.5/1.5 MB
2026.04.04 22:15:19 INFO  Progress (1): 0.5/1.5 MB
2026.04.04 22:15:19 INFO  Progress (1): 0.6/1.5 MB
2026.04.04 22:15:19 INFO  Progress (1): 0.6/1.5 MB
2026.04.04 22:15:19 INFO  Progress (1): 0.6/1.5 MB
2026.04.04 22:15:19 INFO  Progress (1): 0.6/1.5 MB
2026.04.04 22:15:19 INFO  Progress (1): 0.6/1.5 MB
2026.04.04 22:15:19 INFO  Progress (1): 0.6/1.5 MB
2026.04.04 22:15:19 INFO  Progress (1): 0.7/1.5 MB
2026.04.04 22:15:19 INFO  Progress (1): 0.7/1.5 MB
2026.04.04 22:15:19 INFO  Progress (1): 0.7/1.5 MB
2026.04.04 22:15:19 INFO  Progress (1): 0.7/1.5 MB
2026.04.04 22:15:19 INFO  Progress (1): 0.7/1.5 MB
2026.04.04 22:15:19 INFO  Progress (1): 0.7/1.5 MB
2026.04.04 22:15:19 INFO  Progress (1): 0.8/1.5 MB
2026.04.04 22:15:19 INFO  Progress (1): 0.8/1.5 MB
2026.04.04 22:15:19 INFO  Progress (1): 0.8/1.5 MB
2026.04.04 22:15:19 INFO  Progress (1): 0.8/1.5 MB
2026.04.04 22:15:19 INFO  Progress (1): 0.8/1.5 MB
2026.04.04 22:15:19 INFO  Progress (1): 0.8/1.5 MB
2026.04.04 22:15:19 INFO  Progress (1): 0.9/1.5 MB
2026.04.04 22:15:19 INFO  Progress (1): 0.9/1.5 MB
2026.04.04 22:15:19 INFO  Progress (1): 0.9/1.5 MB
2026.04.04 22:15:19 INFO  Progress (1): 0.9/1.5 MB
2026.04.04 22:15:19 INFO  Progress (1): 0.9/1.5 MB
2026.04.04 22:15:19 INFO  Progress (1): 0.9/1.5 MB
2026.04.04 22:15:19 INFO  Progress (1): 1.0/1.5 MB
2026.04.04 22:15:19 INFO  Progress (1): 1.0/1.5 MB
2026.04.04 22:15:19 INFO  Progress (1): 1.0/1.5 MB
2026.04.04 22:15:19 INFO  Progress (1): 1.0/1.5 MB
2026.04.04 22:15:19 INFO  Progress (1): 1.0/1.5 MB
2026.04.04 22:15:19 INFO  Progress (1): 1.0/1.5 MB
2026.04.04 22:15:19 INFO  Progress (1): 1.0/1.5 MB
2026.04.04 22:15:19 INFO  Progress (1): 1.1/1.5 MB
2026.04.04 22:15:19 INFO  Progress (1): 1.1/1.5 MB
2026.04.04 22:15:19 INFO  Progress (1): 1.1/1.5 MB
2026.04.04 22:15:19 INFO  Progress (1): 1.1/1.5 MB
2026.04.04 22:15:19 INFO  Progress (1): 1.1/1.5 MB
2026.04.04 22:15:19 INFO  Progress (1): 1.1/1.5 MB
2026.04.04 22:15:19 INFO  Progress (1): 1.2/1.5 MB
2026.04.04 22:15:19 INFO  Progress (1): 1.2/1.5 MB
2026.04.04 22:15:19 INFO  Progress (1): 1.2/1.5 MB
2026.04.04 22:15:19 INFO  Progress (1): 1.2/1.5 MB
2026.04.04 22:15:19 INFO  Progress (1): 1.2/1.5 MB
2026.04.04 22:15:19 INFO  Progress (1): 1.2/1.5 MB
2026.04.04 22:15:19 INFO  Progress (1): 1.3/1.5 MB
2026.04.04 22:15:19 INFO  Progress (1): 1.3/1.5 MB
2026.04.04 22:15:19 INFO  Progress (1): 1.3/1.5 MB
2026.04.04 22:15:19 INFO  Progress (1): 1.3/1.5 MB
2026.04.04 22:15:19 INFO  Progress (1): 1.3/1.5 MB
2026.04.04 22:15:19 INFO  Progress (1): 1.3/1.5 MB
2026.04.04 22:15:19 INFO  Progress (1): 1.4/1.5 MB
2026.04.04 22:15:19 INFO  Progress (1): 1.4/1.5 MB
2026.04.04 22:15:19 INFO  Progress (1): 1.4/1.5 MB
2026.04.04 22:15:19 INFO  Progress (1): 1.4/1.5 MB
2026.04.04 22:15:19 INFO  Progress (1): 1.4/1.5 MB
2026.04.04 22:15:19 INFO  Progress (1): 1.4/1.5 MB
2026.04.04 22:15:19 INFO  Progress (1): 1.5/1.5 MB
2026.04.04 22:15:19 INFO  Progress (1): 1.5/1.5 MB
2026.04.04 22:15:19 INFO  Progress (1): 1.5/1.5 MB
2026.04.04 22:15:19 INFO  Progress (1): 1.5 MB    
2026.04.04 22:15:19 INFO                      
2026.04.04 22:15:19 INFO  Downloaded from central: https://repo.maven.apache.org/maven2/org/springframework/spring-web/7.0.6/spring-web-7.0.6-sources.jar (1.5 MB at 2.6 MB/s)
2026.04.04 22:15:19 INFO  [INFO] SUCCESS: org.springframework:spring-web:jar:7.0.6:compile (sources = true)
2026.04.04 22:15:19 INFO  [INFO] Resolving artifact: org.springframework:spring-beans:jar:7.0.6:compile (sources = false)
2026.04.04 22:15:19 INFO  [INFO] SUCCESS: org.springframework:spring-beans:jar:7.0.6:compile (sources = false)
2026.04.04 22:15:19 INFO  [INFO] Resolving artifact: org.springframework:spring-beans:jar:7.0.6:compile (sources = true)
2026.04.04 22:15:19 INFO  Downloading from central: https://repo.maven.apache.org/maven2/org/springframework/spring-beans/7.0.6/spring-beans-7.0.6-sources.jar
2026.04.04 22:15:19 INFO  Progress (1): 7.7/755 kB
2026.04.04 22:15:19 INFO  Progress (1): 16/755 kB 
2026.04.04 22:15:19 INFO  Progress (1): 32/755 kB
2026.04.04 22:15:19 INFO  Progress (1): 49/755 kB
2026.04.04 22:15:19 INFO  Progress (1): 65/755 kB
2026.04.04 22:15:19 INFO  Progress (1): 81/755 kB
2026.04.04 22:15:19 INFO  Progress (1): 98/755 kB
2026.04.04 22:15:19 INFO  Progress (1): 114/755 kB
2026.04.04 22:15:19 INFO  Progress (1): 131/755 kB
2026.04.04 22:15:19 INFO  Progress (1): 147/755 kB
2026.04.04 22:15:19 INFO  Progress (1): 163/755 kB
2026.04.04 22:15:19 INFO  Progress (1): 180/755 kB
2026.04.04 22:15:19 INFO  Progress (1): 196/755 kB
2026.04.04 22:15:19 INFO  Progress (1): 212/755 kB
2026.04.04 22:15:19 INFO  Progress (1): 229/755 kB
2026.04.04 22:15:19 INFO  Progress (1): 245/755 kB
2026.04.04 22:15:19 INFO  Progress (1): 262/755 kB
2026.04.04 22:15:19 INFO  Progress (1): 278/755 kB
2026.04.04 22:15:19 INFO  Progress (1): 294/755 kB
2026.04.04 22:15:19 INFO  Progress (1): 311/755 kB
2026.04.04 22:15:19 INFO  Progress (1): 327/755 kB
2026.04.04 22:15:19 INFO  Progress (1): 344/755 kB
2026.04.04 22:15:19 INFO  Progress (1): 360/755 kB
2026.04.04 22:15:19 INFO  Progress (1): 376/755 kB
2026.04.04 22:15:19 INFO  Progress (1): 393/755 kB
2026.04.04 22:15:19 INFO  Progress (1): 409/755 kB
2026.04.04 22:15:19 INFO  Progress (1): 425/755 kB
2026.04.04 22:15:19 INFO  Progress (1): 432/755 kB
2026.04.04 22:15:19 INFO  Progress (1): 442/755 kB
2026.04.04 22:15:19 INFO  Progress (1): 458/755 kB
2026.04.04 22:15:19 INFO  Progress (1): 475/755 kB
2026.04.04 22:15:19 INFO  Progress (1): 491/755 kB
2026.04.04 22:15:19 INFO  Progress (1): 507/755 kB
2026.04.04 22:15:19 INFO  Progress (1): 524/755 kB
2026.04.04 22:15:19 INFO  Progress (1): 540/755 kB
2026.04.04 22:15:19 INFO  Progress (1): 557/755 kB
2026.04.04 22:15:19 INFO  Progress (1): 563/755 kB
2026.04.04 22:15:19 INFO  Progress (1): 580/755 kB
2026.04.04 22:15:19 INFO  Progress (1): 596/755 kB
2026.04.04 22:15:19 INFO  Progress (1): 612/755 kB
2026.04.04 22:15:19 INFO  Progress (1): 629/755 kB
2026.04.04 22:15:19 INFO  Progress (1): 645/755 kB
2026.04.04 22:15:19 INFO  Progress (1): 662/755 kB
2026.04.04 22:15:19 INFO  Progress (1): 678/755 kB
2026.04.04 22:15:19 INFO  Progress (1): 694/755 kB
2026.04.04 22:15:19 INFO  Progress (1): 711/755 kB
2026.04.04 22:15:19 INFO  Progress (1): 727/755 kB
2026.04.04 22:15:19 INFO  Progress (1): 744/755 kB
2026.04.04 22:15:19 INFO  Progress (1): 755 kB    
2026.04.04 22:15:20 INFO                      
2026.04.04 22:15:20 INFO  Downloaded from central: https://repo.maven.apache.org/maven2/org/springframework/spring-beans/7.0.6/spring-beans-7.0.6-sources.jar (755 kB at 1.7 MB/s)
2026.04.04 22:15:20 INFO  [INFO] SUCCESS: org.springframework:spring-beans:jar:7.0.6:compile (sources = true)
2026.04.04 22:15:20 INFO  [INFO] Resolving artifact: org.springframework:spring-aspects:jar:7.0.6:compile (sources = false)
2026.04.04 22:15:20 INFO  [INFO] SUCCESS: org.springframework:spring-aspects:jar:7.0.6:compile (sources = false)
2026.04.04 22:15:20 INFO  [INFO] Resolving artifact: org.springframework:spring-aspects:jar:7.0.6:compile (sources = true)
2026.04.04 22:15:20 INFO  Downloading from central: https://repo.maven.apache.org/maven2/org/springframework/spring-aspects/7.0.6/spring-aspects-7.0.6-sources.jar
2026.04.04 22:15:20 INFO  Progress (1): 7.7/33 kB
2026.04.04 22:15:20 INFO  Progress (1): 8.2/33 kB
2026.04.04 22:15:20 INFO  Progress (1): 25/33 kB 
2026.04.04 22:15:20 INFO  Progress (1): 33 kB   
2026.04.04 22:15:22 INFO                     
2026.04.04 22:15:22 INFO  Downloaded from central: https://repo.maven.apache.org/maven2/org/springframework/spring-aspects/7.0.6/spring-aspects-7.0.6-sources.jar (33 kB at 18 kB/s)
2026.04.04 22:15:22 INFO  [INFO] SUCCESS: org.springframework:spring-aspects:jar:7.0.6:compile (sources = true)
2026.04.04 22:15:22 INFO  [INFO] Resolving artifact: org.springframework:spring-core:jar:7.0.6:compile (sources = false)
2026.04.04 22:15:22 INFO  [INFO] SUCCESS: org.springframework:spring-core:jar:7.0.6:compile (sources = false)
2026.04.04 22:15:22 INFO  [INFO] Resolving artifact: org.springframework:spring-core:jar:7.0.6:compile (sources = true)
2026.04.04 22:15:22 INFO  Downloading from central: https://repo.maven.apache.org/maven2/org/springframework/spring-core/7.0.6/spring-core-7.0.6-sources.jar
2026.04.04 22:15:22 INFO  Progress (1): 0/1.5 MB
2026.04.04 22:15:22 INFO  Progress (1): 0/1.5 MB
2026.04.04 22:15:22 INFO  Progress (1): 0/1.5 MB
2026.04.04 22:15:22 INFO  Progress (1): 0.1/1.5 MB
2026.04.04 22:15:22 INFO  Progress (1): 0.1/1.5 MB
2026.04.04 22:15:22 INFO  Progress (1): 0.1/1.5 MB
2026.04.04 22:15:22 INFO  Progress (1): 0.1/1.5 MB
2026.04.04 22:15:22 INFO  Progress (1): 0.1/1.5 MB
2026.04.04 22:15:22 INFO  Progress (1): 0.1/1.5 MB
2026.04.04 22:15:22 INFO  Progress (1): 0.1/1.5 MB
2026.04.04 22:15:22 INFO  Progress (1): 0.2/1.5 MB
2026.04.04 22:15:22 INFO  Progress (1): 0.2/1.5 MB
2026.04.04 22:15:22 INFO  Progress (1): 0.2/1.5 MB
2026.04.04 22:15:22 INFO  Progress (1): 0.2/1.5 MB
2026.04.04 22:15:22 INFO  Progress (1): 0.2/1.5 MB
2026.04.04 22:15:22 INFO  Progress (1): 0.2/1.5 MB
2026.04.04 22:15:22 INFO  Progress (1): 0.2/1.5 MB
2026.04.04 22:15:22 INFO  Progress (1): 0.3/1.5 MB
2026.04.04 22:15:22 INFO  Progress (1): 0.3/1.5 MB
2026.04.04 22:15:22 INFO  Progress (1): 0.3/1.5 MB
2026.04.04 22:15:22 INFO  Progress (1): 0.3/1.5 MB
2026.04.04 22:15:22 INFO  Progress (1): 0.3/1.5 MB
2026.04.04 22:15:22 INFO  Progress (1): 0.3/1.5 MB
2026.04.04 22:15:22 INFO  Progress (1): 0.4/1.5 MB
2026.04.04 22:15:22 INFO  Progress (1): 0.4/1.5 MB
2026.04.04 22:15:22 INFO  Progress (1): 0.4/1.5 MB
2026.04.04 22:15:22 INFO  Progress (1): 0.4/1.5 MB
2026.04.04 22:15:22 INFO  Progress (1): 0.4/1.5 MB
2026.04.04 22:15:22 INFO  Progress (1): 0.4/1.5 MB
2026.04.04 22:15:22 INFO  Progress (1): 0.5/1.5 MB
2026.04.04 22:15:22 INFO  Progress (1): 0.5/1.5 MB
2026.04.04 22:15:22 INFO  Progress (1): 0.5/1.5 MB
2026.04.04 22:15:22 INFO  Progress (1): 0.5/1.5 MB
2026.04.04 22:15:22 INFO  Progress (1): 0.5/1.5 MB
2026.04.04 22:15:22 INFO  Progress (1): 0.5/1.5 MB
2026.04.04 22:15:22 INFO  Progress (1): 0.5/1.5 MB
2026.04.04 22:15:22 INFO  Progress (1): 0.6/1.5 MB
2026.04.04 22:15:22 INFO  Progress (1): 0.6/1.5 MB
2026.04.04 22:15:22 INFO  Progress (1): 0.6/1.5 MB
2026.04.04 22:15:22 INFO  Progress (1): 0.6/1.5 MB
2026.04.04 22:15:22 INFO  Progress (1): 0.6/1.5 MB
2026.04.04 22:15:22 INFO  Progress (1): 0.6/1.5 MB
2026.04.04 22:15:22 INFO  Progress (1): 0.7/1.5 MB
2026.04.04 22:15:22 INFO  Progress (1): 0.7/1.5 MB
2026.04.04 22:15:22 INFO  Progress (1): 0.7/1.5 MB
2026.04.04 22:15:22 INFO  Progress (1): 0.7/1.5 MB
2026.04.04 22:15:22 INFO  Progress (1): 0.7/1.5 MB
2026.04.04 22:15:22 INFO  Progress (1): 0.7/1.5 MB
2026.04.04 22:15:22 INFO  Progress (1): 0.8/1.5 MB
2026.04.04 22:15:22 INFO  Progress (1): 0.8/1.5 MB
2026.04.04 22:15:22 INFO  Progress (1): 0.8/1.5 MB
2026.04.04 22:15:22 INFO  Progress (1): 0.8/1.5 MB
2026.04.04 22:15:22 INFO  Progress (1): 0.8/1.5 MB
2026.04.04 22:15:22 INFO  Progress (1): 0.8/1.5 MB
2026.04.04 22:15:22 INFO  Progress (1): 0.9/1.5 MB
2026.04.04 22:15:22 INFO  Progress (1): 0.9/1.5 MB
2026.04.04 22:15:22 INFO  Progress (1): 0.9/1.5 MB
2026.04.04 22:15:22 INFO  Progress (1): 0.9/1.5 MB
2026.04.04 22:15:22 INFO  Progress (1): 0.9/1.5 MB
2026.04.04 22:15:22 INFO  Progress (1): 0.9/1.5 MB
2026.04.04 22:15:22 INFO  Progress (1): 1.0/1.5 MB
2026.04.04 22:15:22 INFO  Progress (1): 1.0/1.5 MB
2026.04.04 22:15:22 INFO  Progress (1): 1.0/1.5 MB
2026.04.04 22:15:22 INFO  Progress (1): 1.0/1.5 MB
2026.04.04 22:15:22 INFO  Progress (1): 1.0/1.5 MB
2026.04.04 22:15:22 INFO  Progress (1): 1.0/1.5 MB
2026.04.04 22:15:22 INFO  Progress (1): 1.1/1.5 MB
2026.04.04 22:15:22 INFO  Progress (1): 1.1/1.5 MB
2026.04.04 22:15:22 INFO  Progress (1): 1.1/1.5 MB
2026.04.04 22:15:22 INFO  Progress (1): 1.1/1.5 MB
2026.04.04 22:15:22 INFO  Progress (1): 1.1/1.5 MB
2026.04.04 22:15:22 INFO  Progress (1): 1.1/1.5 MB
2026.04.04 22:15:22 INFO  Progress (1): 1.2/1.5 MB
2026.04.04 22:15:22 INFO  Progress (1): 1.2/1.5 MB
2026.04.04 22:15:22 INFO  Progress (1): 1.2/1.5 MB
2026.04.04 22:15:22 INFO  Progress (1): 1.2/1.5 MB
2026.04.04 22:15:22 INFO  Progress (1): 1.2/1.5 MB
2026.04.04 22:15:22 INFO  Progress (1): 1.2/1.5 MB
2026.04.04 22:15:22 INFO  Progress (1): 1.3/1.5 MB
2026.04.04 22:15:22 INFO  Progress (1): 1.3/1.5 MB
2026.04.04 22:15:22 INFO  Progress (1): 1.3/1.5 MB
2026.04.04 22:15:22 INFO  Progress (1): 1.3/1.5 MB
2026.04.04 22:15:22 INFO  Progress (1): 1.3/1.5 MB
2026.04.04 22:15:22 INFO  Progress (1): 1.3/1.5 MB
2026.04.04 22:15:22 INFO  Progress (1): 1.4/1.5 MB
2026.04.04 22:15:22 INFO  Progress (1): 1.4/1.5 MB
2026.04.04 22:15:22 INFO  Progress (1): 1.4/1.5 MB
2026.04.04 22:15:22 INFO  Progress (1): 1.4/1.5 MB
2026.04.04 22:15:22 INFO  Progress (1): 1.4/1.5 MB
2026.04.04 22:15:22 INFO  Progress (1): 1.4/1.5 MB
2026.04.04 22:15:22 INFO  Progress (1): 1.4/1.5 MB
2026.04.04 22:15:22 INFO  Progress (1): 1.5/1.5 MB
2026.04.04 22:15:22 INFO  Progress (1): 1.5/1.5 MB
2026.04.04 22:15:22 INFO  Progress (1): 1.5 MB    
2026.04.04 22:15:22 INFO                      
2026.04.04 22:15:22 INFO  Downloaded from central: https://repo.maven.apache.org/maven2/org/springframework/spring-core/7.0.6/spring-core-7.0.6-sources.jar (1.5 MB at 3.8 MB/s)
2026.04.04 22:15:22 INFO  [INFO] SUCCESS: org.springframework:spring-core:jar:7.0.6:compile (sources = true)
2026.04.04 22:15:22 INFO  [INFO] Resolving artifact: org.hibernate.models:hibernate-models:jar:1.0.1:runtime (sources = false)
2026.04.04 22:15:22 INFO  [INFO] SUCCESS: org.hibernate.models:hibernate-models:jar:1.0.1:runtime (sources = false)
2026.04.04 22:15:22 INFO  [INFO] Resolving artifact: org.hibernate.models:hibernate-models:jar:1.0.1:runtime (sources = true)
2026.04.04 22:15:22 INFO  Downloading from central: https://repo.maven.apache.org/maven2/org/hibernate/models/hibernate-models/1.0.1/hibernate-models-1.0.1-sources.jar
2026.04.04 22:15:22 INFO  Progress (1): 8.2/134 kB
2026.04.04 22:15:22 INFO  Progress (1): 25/134 kB 
2026.04.04 22:15:22 INFO  Progress (1): 41/134 kB
2026.04.04 22:15:22 INFO  Progress (1): 57/134 kB
2026.04.04 22:15:22 INFO  Progress (1): 74/134 kB
2026.04.04 22:15:22 INFO  Progress (1): 82/134 kB
2026.04.04 22:15:22 INFO  Progress (1): 98/134 kB
2026.04.04 22:15:22 INFO  Progress (1): 115/134 kB
2026.04.04 22:15:22 INFO  Progress (1): 131/134 kB
2026.04.04 22:15:22 INFO  Progress (1): 134 kB    
2026.04.04 22:15:22 INFO                      
2026.04.04 22:15:22 INFO  Downloaded from central: https://repo.maven.apache.org/maven2/org/hibernate/models/hibernate-models/1.0.1/hibernate-models-1.0.1-sources.jar (134 kB at 405 kB/s)
2026.04.04 22:15:22 INFO  [INFO] SUCCESS: org.hibernate.models:hibernate-models:jar:1.0.1:runtime (sources = true)
2026.04.04 22:15:22 INFO  [INFO] Resolving artifact: org.ow2.asm:asm:jar:9.7.1:test (sources = false)
2026.04.04 22:15:22 INFO  [INFO] SUCCESS: org.ow2.asm:asm:jar:9.7.1:test (sources = false)
2026.04.04 22:15:22 INFO  [INFO] Resolving artifact: org.ow2.asm:asm:jar:9.7.1:test (sources = true)
2026.04.04 22:15:22 INFO  Downloading from central: https://repo.maven.apache.org/maven2/org/ow2/asm/asm/9.7.1/asm-9.7.1-sources.jar
2026.04.04 22:15:22 INFO  Progress (1): 7.7/185 kB
2026.04.04 22:15:22 INFO  Progress (1): 16/185 kB 
2026.04.04 22:15:22 INFO  Progress (1): 25/185 kB
2026.04.04 22:15:22 INFO  Progress (1): 33/185 kB
2026.04.04 22:15:22 INFO  Progress (1): 49/185 kB
2026.04.04 22:15:22 INFO  Progress (1): 66/185 kB
2026.04.04 22:15:22 INFO  Progress (1): 82/185 kB
2026.04.04 22:15:22 INFO  Progress (1): 98/185 kB
2026.04.04 22:15:22 INFO  Progress (1): 115/185 kB
2026.04.04 22:15:22 INFO  Progress (1): 131/185 kB
2026.04.04 22:15:22 INFO  Progress (1): 147/185 kB
2026.04.04 22:15:22 INFO  Progress (1): 164/185 kB
2026.04.04 22:15:22 INFO  Progress (1): 180/185 kB
2026.04.04 22:15:22 INFO  Progress (1): 185 kB    
2026.04.04 22:15:23 INFO                      
2026.04.04 22:15:23 INFO  Downloaded from central: https://repo.maven.apache.org/maven2/org/ow2/asm/asm/9.7.1/asm-9.7.1-sources.jar (185 kB at 408 kB/s)
2026.04.04 22:15:23 INFO  [INFO] SUCCESS: org.ow2.asm:asm:jar:9.7.1:test (sources = true)
2026.04.04 22:15:23 INFO  [INFO] Resolving artifact: org.springframework.boot:spring-boot-test-autoconfigure:jar:4.0.5:test (sources = false)
2026.04.04 22:15:23 INFO  [INFO] SUCCESS: org.springframework.boot:spring-boot-test-autoconfigure:jar:4.0.5:test (sources = false)
2026.04.04 22:15:23 INFO  [INFO] Resolving artifact: org.springframework.boot:spring-boot-test-autoconfigure:jar:4.0.5:test (sources = true)
2026.04.04 22:15:23 INFO  Downloading from central: https://repo.maven.apache.org/maven2/org/springframework/boot/spring-boot-test-autoconfigure/4.0.5/spring-boot-test-autoconfigure-4.0.5-sources.jar
2026.04.04 22:15:23 INFO  Progress (1): 7.7/25 kB
2026.04.04 22:15:23 INFO  Progress (1): 8.2/25 kB
2026.04.04 22:15:23 INFO  Progress (1): 25/25 kB 
2026.04.04 22:15:23 INFO  Progress (1): 25 kB   
2026.04.04 22:15:25 INFO                     
2026.04.04 22:15:25 INFO  Downloaded from central: https://repo.maven.apache.org/maven2/org/springframework/boot/spring-boot-test-autoconfigure/4.0.5/spring-boot-test-autoconfigure-4.0.5-sources.jar (25 kB at 25 kB/s)
2026.04.04 22:15:25 INFO  [INFO] SUCCESS: org.springframework.boot:spring-boot-test-autoconfigure:jar:4.0.5:test (sources = true)
2026.04.04 22:15:25 INFO  [INFO] Resolving artifact: org.springframework:spring-jdbc:jar:7.0.6:compile (sources = false)
2026.04.04 22:15:25 INFO  [INFO] SUCCESS: org.springframework:spring-jdbc:jar:7.0.6:compile (sources = false)
2026.04.04 22:15:25 INFO  [INFO] Resolving artifact: org.springframework:spring-jdbc:jar:7.0.6:compile (sources = true)
2026.04.04 22:15:25 INFO  Downloading from central: https://repo.maven.apache.org/maven2/org/springframework/spring-jdbc/7.0.6/spring-jdbc-7.0.6-sources.jar
2026.04.04 22:15:25 INFO  Progress (1): 8.2/464 kB
2026.04.04 22:15:25 INFO  Progress (1): 25/464 kB 
2026.04.04 22:15:25 INFO  Progress (1): 41/464 kB
2026.04.04 22:15:25 INFO  Progress (1): 57/464 kB
2026.04.04 22:15:25 INFO  Progress (1): 66/464 kB
2026.04.04 22:15:25 INFO  Progress (1): 82/464 kB
2026.04.04 22:15:25 INFO  Progress (1): 98/464 kB
2026.04.04 22:15:25 INFO  Progress (1): 115/464 kB
2026.04.04 22:15:25 INFO  Progress (1): 131/464 kB
2026.04.04 22:15:25 INFO  Progress (1): 139/464 kB
2026.04.04 22:15:25 INFO  Progress (1): 156/464 kB
2026.04.04 22:15:25 INFO  Progress (1): 172/464 kB
2026.04.04 22:15:25 INFO  Progress (1): 188/464 kB
2026.04.04 22:15:25 INFO  Progress (1): 205/464 kB
2026.04.04 22:15:25 INFO  Progress (1): 221/464 kB
2026.04.04 22:15:25 INFO  Progress (1): 238/464 kB
2026.04.04 22:15:25 INFO  Progress (1): 254/464 kB
2026.04.04 22:15:25 INFO  Progress (1): 270/464 kB
2026.04.04 22:15:25 INFO  Progress (1): 287/464 kB
2026.04.04 22:15:25 INFO  Progress (1): 303/464 kB
2026.04.04 22:15:25 INFO  Progress (1): 319/464 kB
2026.04.04 22:15:25 INFO  Progress (1): 336/464 kB
2026.04.04 22:15:25 INFO  Progress (1): 352/464 kB
2026.04.04 22:15:25 INFO  Progress (1): 369/464 kB
2026.04.04 22:15:25 INFO  Progress (1): 385/464 kB
2026.04.04 22:15:25 INFO  Progress (1): 401/464 kB
2026.04.04 22:15:25 INFO  Progress (1): 418/464 kB
2026.04.04 22:15:25 INFO  Progress (1): 434/464 kB
2026.04.04 22:15:25 INFO  Progress (1): 451/464 kB
2026.04.04 22:15:25 INFO  Progress (1): 464 kB    
2026.04.04 22:15:25 INFO                      
2026.04.04 22:15:25 INFO  Downloaded from central: https://repo.maven.apache.org/maven2/org/springframework/spring-jdbc/7.0.6/spring-jdbc-7.0.6-sources.jar (464 kB at 691 kB/s)
2026.04.04 22:15:25 INFO  [INFO] SUCCESS: org.springframework:spring-jdbc:jar:7.0.6:compile (sources = true)
2026.04.04 22:15:25 INFO  [INFO] Resolving artifact: org.springframework.boot:spring-boot-resttestclient:jar:4.0.5:test (sources = false)
2026.04.04 22:15:25 INFO  [INFO] SUCCESS: org.springframework.boot:spring-boot-resttestclient:jar:4.0.5:test (sources = false)
2026.04.04 22:15:25 INFO  [INFO] Resolving artifact: org.springframework.boot:spring-boot-resttestclient:jar:4.0.5:test (sources = true)
2026.04.04 22:15:25 INFO  Downloading from central: https://repo.maven.apache.org/maven2/org/springframework/boot/spring-boot-resttestclient/4.0.5/spring-boot-resttestclient-4.0.5-sources.jar
2026.04.04 22:15:25 INFO  Progress (1): 7.7/22 kB
2026.04.04 22:15:25 INFO  Progress (1): 12/22 kB 
2026.04.04 22:15:25 INFO  Progress (1): 22 kB   
2026.04.04 22:15:26 INFO                     
2026.04.04 22:15:26 INFO  Downloaded from central: https://repo.maven.apache.org/maven2/org/springframework/boot/spring-boot-resttestclient/4.0.5/spring-boot-resttestclient-4.0.5-sources.jar (22 kB at 19 kB/s)
2026.04.04 22:15:26 INFO  [INFO] SUCCESS: org.springframework.boot:spring-boot-resttestclient:jar:4.0.5:test (sources = true)
2026.04.04 22:15:26 INFO  [INFO] Resolving artifact: org.apache.tomcat.embed:tomcat-embed-websocket:jar:11.0.20:compile (sources = false)
2026.04.04 22:15:26 INFO  [INFO] SUCCESS: org.apache.tomcat.embed:tomcat-embed-websocket:jar:11.0.20:compile (sources = false)
2026.04.04 22:15:26 INFO  [INFO] Resolving artifact: org.apache.tomcat.embed:tomcat-embed-websocket:jar:11.0.20:compile (sources = true)
2026.04.04 22:15:26 INFO  Downloading from central: https://repo.maven.apache.org/maven2/org/apache/tomcat/embed/tomcat-embed-websocket/11.0.20/tomcat-embed-websocket-11.0.20-sources.jar
2026.04.04 22:15:26 INFO  Progress (1): 7.7/250 kB
2026.04.04 22:15:26 INFO  Progress (1): 8.2/250 kB
2026.04.04 22:15:26 INFO  Progress (1): 25/250 kB 
2026.04.04 22:15:26 INFO  Progress (1): 41/250 kB
2026.04.04 22:15:26 INFO  Progress (1): 57/250 kB
2026.04.04 22:15:26 INFO  Progress (1): 74/250 kB
2026.04.04 22:15:26 INFO  Progress (1): 90/250 kB
2026.04.04 22:15:26 INFO  Progress (1): 98/250 kB
2026.04.04 22:15:26 INFO  Progress (1): 115/250 kB
2026.04.04 22:15:26 INFO  Progress (1): 131/250 kB
2026.04.04 22:15:26 INFO  Progress (1): 139/250 kB
2026.04.04 22:15:26 INFO  Progress (1): 156/250 kB
2026.04.04 22:15:26 INFO  Progress (1): 172/250 kB
2026.04.04 22:15:26 INFO  Progress (1): 188/250 kB
2026.04.04 22:15:26 INFO  Progress (1): 205/250 kB
2026.04.04 22:15:26 INFO  Progress (1): 221/250 kB
2026.04.04 22:15:26 INFO  Progress (1): 238/250 kB
2026.04.04 22:15:26 INFO  Progress (1): 250 kB    
2026.04.04 22:15:26 INFO                      
2026.04.04 22:15:26 INFO  Downloaded from central: https://repo.maven.apache.org/maven2/org/apache/tomcat/embed/tomcat-embed-websocket/11.0.20/tomcat-embed-websocket-11.0.20-sources.jar (250 kB at 468 kB/s)
2026.04.04 22:15:26 INFO  [INFO] SUCCESS: org.apache.tomcat.embed:tomcat-embed-websocket:jar:11.0.20:compile (sources = true)
2026.04.04 22:15:26 INFO  [INFO] Resolving artifact: commons-logging:commons-logging:jar:1.3.6:compile (sources = false)
2026.04.04 22:15:26 INFO  [INFO] SUCCESS: commons-logging:commons-logging:jar:1.3.6:compile (sources = false)
2026.04.04 22:15:26 INFO  [INFO] Resolving artifact: commons-logging:commons-logging:jar:1.3.6:compile (sources = true)
2026.04.04 22:15:26 INFO  Downloading from central: https://repo.maven.apache.org/maven2/commons-logging/commons-logging/1.3.6/commons-logging-1.3.6-sources.jar
2026.04.04 22:15:26 INFO  Progress (1): 7.7/83 kB
2026.04.04 22:15:26 INFO  Progress (1): 8.2/83 kB
2026.04.04 22:15:26 INFO  Progress (1): 25/83 kB 
2026.04.04 22:15:26 INFO  Progress (1): 33/83 kB
2026.04.04 22:15:26 INFO  Progress (1): 41/83 kB
2026.04.04 22:15:26 INFO  Progress (1): 49/83 kB
2026.04.04 22:15:26 INFO  Progress (1): 57/83 kB
2026.04.04 22:15:26 INFO  Progress (1): 66/83 kB
2026.04.04 22:15:26 INFO  Progress (1): 82/83 kB
2026.04.04 22:15:26 INFO  Progress (1): 83 kB   
2026.04.04 22:15:26 INFO                     
2026.04.04 22:15:26 INFO  Downloaded from central: https://repo.maven.apache.org/maven2/commons-logging/commons-logging/1.3.6/commons-logging-1.3.6-sources.jar (83 kB at 611 kB/s)
2026.04.04 22:15:26 INFO  [INFO] SUCCESS: commons-logging:commons-logging:jar:1.3.6:compile (sources = true)
2026.04.04 22:15:26 INFO  [INFO] Resolving artifact: org.springframework.boot:spring-boot-starter-webmvc-test:jar:4.0.5:test (sources = false)
2026.04.04 22:15:27 INFO  [INFO] SUCCESS: org.springframework.boot:spring-boot-starter-webmvc-test:jar:4.0.5:test (sources = false)
2026.04.04 22:15:27 INFO  [INFO] Resolving artifact: org.springframework.boot:spring-boot-starter-webmvc-test:jar:4.0.5:test (sources = true)
2026.04.04 22:15:27 INFO  Downloading from central: https://repo.maven.apache.org/maven2/org/springframework/boot/spring-boot-starter-webmvc-test/4.0.5/spring-boot-starter-webmvc-test-4.0.5-sources.jar
2026.04.04 22:15:27 INFO  Progress (1): 4.8 kB
2026.04.04 22:15:27 INFO                      
2026.04.04 22:15:27 INFO  Downloaded from central: https://repo.maven.apache.org/maven2/org/springframework/boot/spring-boot-starter-webmvc-test/4.0.5/spring-boot-starter-webmvc-test-4.0.5-sources.jar (4.8 kB at 24 kB/s)
2026.04.04 22:15:27 INFO  [INFO] SUCCESS: org.springframework.boot:spring-boot-starter-webmvc-test:jar:4.0.5:test (sources = true)
2026.04.04 22:15:27 INFO  [INFO] Resolving artifact: org.springframework.boot:spring-boot-http-converter:jar:4.0.5:compile (sources = false)
2026.04.04 22:15:27 INFO  [INFO] SUCCESS: org.springframework.boot:spring-boot-http-converter:jar:4.0.5:compile (sources = false)
2026.04.04 22:15:27 INFO  [INFO] Resolving artifact: org.springframework.boot:spring-boot-http-converter:jar:4.0.5:compile (sources = true)
2026.04.04 22:15:27 INFO  Downloading from central: https://repo.maven.apache.org/maven2/org/springframework/boot/spring-boot-http-converter/4.0.5/spring-boot-http-converter-4.0.5-sources.jar
2026.04.04 22:15:27 INFO  Progress (1): 7.7/25 kB
2026.04.04 22:15:27 INFO  Progress (1): 8.2/25 kB
2026.04.04 22:15:27 INFO  Progress (1): 25/25 kB 
2026.04.04 22:15:27 INFO  Progress (1): 25 kB   
2026.04.04 22:15:30 INFO                     
2026.04.04 22:15:30 INFO  Downloaded from central: https://repo.maven.apache.org/maven2/org/springframework/boot/spring-boot-http-converter/4.0.5/spring-boot-http-converter-4.0.5-sources.jar (25 kB at 14 kB/s)
2026.04.04 22:15:30 INFO  [INFO] SUCCESS: org.springframework.boot:spring-boot-http-converter:jar:4.0.5:compile (sources = true)
2026.04.04 22:15:30 INFO  [INFO] Resolving artifact: org.springframework.boot:spring-boot-data-commons:jar:4.0.5:compile (sources = false)
2026.04.04 22:15:30 INFO  [INFO] SUCCESS: org.springframework.boot:spring-boot-data-commons:jar:4.0.5:compile (sources = false)
2026.04.04 22:15:30 INFO  [INFO] Resolving artifact: org.springframework.boot:spring-boot-data-commons:jar:4.0.5:compile (sources = true)
2026.04.04 22:15:30 INFO  Downloading from central: https://repo.maven.apache.org/maven2/org/springframework/boot/spring-boot-data-commons/4.0.5/spring-boot-data-commons-4.0.5-sources.jar
2026.04.04 22:15:30 INFO  Progress (1): 7.7/23 kB
2026.04.04 22:15:30 INFO  Progress (1): 12/23 kB 
2026.04.04 22:15:30 INFO  Progress (1): 23 kB   
2026.04.04 22:15:30 INFO                     
2026.04.04 22:15:30 INFO  Downloaded from central: https://repo.maven.apache.org/maven2/org/springframework/boot/spring-boot-data-commons/4.0.5/spring-boot-data-commons-4.0.5-sources.jar (23 kB at 31 kB/s)
2026.04.04 22:15:30 INFO  [INFO] SUCCESS: org.springframework.boot:spring-boot-data-commons:jar:4.0.5:compile (sources = true)
2026.04.04 22:15:30 INFO  [INFO] Resolving artifact: org.apache.tomcat.embed:tomcat-embed-core:jar:11.0.20:compile (sources = false)
2026.04.04 22:15:30 INFO  [INFO] SUCCESS: org.apache.tomcat.embed:tomcat-embed-core:jar:11.0.20:compile (sources = false)
2026.04.04 22:15:30 INFO  [INFO] Resolving artifact: org.apache.tomcat.embed:tomcat-embed-core:jar:11.0.20:compile (sources = true)
2026.04.04 22:15:30 INFO  Downloading from central: https://repo.maven.apache.org/maven2/org/apache/tomcat/embed/tomcat-embed-core/11.0.20/tomcat-embed-core-11.0.20-sources.jar
2026.04.04 22:15:30 INFO  Progress (1): 0/3.7 MB
2026.04.04 22:15:30 INFO  Progress (1): 0/3.7 MB
2026.04.04 22:15:30 INFO  Progress (1): 0/3.7 MB
2026.04.04 22:15:30 INFO  Progress (1): 0/3.7 MB
2026.04.04 22:15:30 INFO  Progress (1): 0.1/3.7 MB
2026.04.04 22:15:30 INFO  Progress (1): 0.1/3.7 MB
2026.04.04 22:15:30 INFO  Progress (1): 0.1/3.7 MB
2026.04.04 22:15:30 INFO  Progress (1): 0.1/3.7 MB
2026.04.04 22:15:30 INFO  Progress (1): 0.1/3.7 MB
2026.04.04 22:15:30 INFO  Progress (1): 0.1/3.7 MB
2026.04.04 22:15:30 INFO  Progress (1): 0.1/3.7 MB
2026.04.04 22:15:30 INFO  Progress (1): 0.2/3.7 MB
2026.04.04 22:15:30 INFO  Progress (1): 0.2/3.7 MB
2026.04.04 22:15:30 INFO  Progress (1): 0.2/3.7 MB
2026.04.04 22:15:30 INFO  Progress (1): 0.2/3.7 MB
2026.04.04 22:15:30 INFO  Progress (1): 0.2/3.7 MB
2026.04.04 22:15:30 INFO  Progress (1): 0.2/3.7 MB
2026.04.04 22:15:30 INFO  Progress (1): 0.2/3.7 MB
2026.04.04 22:15:30 INFO  Progress (1): 0.3/3.7 MB
2026.04.04 22:15:30 INFO  Progress (1): 0.3/3.7 MB
2026.04.04 22:15:30 INFO  Progress (1): 0.3/3.7 MB
2026.04.04 22:15:30 INFO  Progress (1): 0.3/3.7 MB
2026.04.04 22:15:30 INFO  Progress (1): 0.3/3.7 MB
2026.04.04 22:15:30 INFO  Progress (1): 0.3/3.7 MB
2026.04.04 22:15:30 INFO  Progress (1): 0.4/3.7 MB
2026.04.04 22:15:30 INFO  Progress (1): 0.4/3.7 MB
2026.04.04 22:15:30 INFO  Progress (1): 0.4/3.7 MB
2026.04.04 22:15:30 INFO  Progress (1): 0.4/3.7 MB
2026.04.04 22:15:31 INFO  Progress (1): 0.4/3.7 MB
2026.04.04 22:15:31 INFO  Progress (1): 0.4/3.7 MB
2026.04.04 22:15:31 INFO  Progress (1): 0.5/3.7 MB
2026.04.04 22:15:31 INFO  Progress (1): 0.5/3.7 MB
2026.04.04 22:15:31 INFO  Progress (1): 0.5/3.7 MB
2026.04.04 22:15:31 INFO  Progress (1): 0.5/3.7 MB
2026.04.04 22:15:31 INFO  Progress (1): 0.5/3.7 MB
2026.04.04 22:15:31 INFO  Progress (1): 0.5/3.7 MB
2026.04.04 22:15:31 INFO  Progress (1): 0.6/3.7 MB
2026.04.04 22:15:31 INFO  Progress (1): 0.6/3.7 MB
2026.04.04 22:15:31 INFO  Progress (1): 0.6/3.7 MB
2026.04.04 22:15:31 INFO  Progress (1): 0.6/3.7 MB
2026.04.04 22:15:31 INFO  Progress (1): 0.6/3.7 MB
2026.04.04 22:15:31 INFO  Progress (1): 0.6/3.7 MB
2026.04.04 22:15:31 INFO  Progress (1): 0.7/3.7 MB
2026.04.04 22:15:31 INFO  Progress (1): 0.7/3.7 MB
2026.04.04 22:15:31 INFO  Progress (1): 0.7/3.7 MB
2026.04.04 22:15:31 INFO  Progress (1): 0.7/3.7 MB
2026.04.04 22:15:31 INFO  Progress (1): 0.7/3.7 MB
2026.04.04 22:15:31 INFO  Progress (1): 0.7/3.7 MB
2026.04.04 22:15:31 INFO  Progress (1): 0.8/3.7 MB
2026.04.04 22:15:31 INFO  Progress (1): 0.8/3.7 MB
2026.04.04 22:15:31 INFO  Progress (1): 0.8/3.7 MB
2026.04.04 22:15:31 INFO  Progress (1): 0.8/3.7 MB
2026.04.04 22:15:31 INFO  Progress (1): 0.8/3.7 MB
2026.04.04 22:15:31 INFO  Progress (1): 0.8/3.7 MB
2026.04.04 22:15:31 INFO  Progress (1): 0.9/3.7 MB
2026.04.04 22:15:31 INFO  Progress (1): 0.9/3.7 MB
2026.04.04 22:15:31 INFO  Progress (1): 0.9/3.7 MB
2026.04.04 22:15:31 INFO  Progress (1): 0.9/3.7 MB
2026.04.04 22:15:31 INFO  Progress (1): 0.9/3.7 MB
2026.04.04 22:15:31 INFO  Progress (1): 0.9/3.7 MB
2026.04.04 22:15:31 INFO  Progress (1): 1.0/3.7 MB
2026.04.04 22:15:31 INFO  Progress (1): 1.0/3.7 MB
2026.04.04 22:15:31 INFO  Progress (1): 1.0/3.7 MB
2026.04.04 22:15:31 INFO  Progress (1): 1.0/3.7 MB
2026.04.04 22:15:31 INFO  Progress (1): 1.0/3.7 MB
2026.04.04 22:15:31 INFO  Progress (1): 1.0/3.7 MB
2026.04.04 22:15:31 INFO  Progress (1): 1.0/3.7 MB
2026.04.04 22:15:31 INFO  Progress (1): 1.1/3.7 MB
2026.04.04 22:15:31 INFO  Progress (1): 1.1/3.7 MB
2026.04.04 22:15:31 INFO  Progress (1): 1.1/3.7 MB
2026.04.04 22:15:31 INFO  Progress (1): 1.1/3.7 MB
2026.04.04 22:15:31 INFO  Progress (1): 1.1/3.7 MB
2026.04.04 22:15:31 INFO  Progress (1): 1.1/3.7 MB
2026.04.04 22:15:31 INFO  Progress (1): 1.2/3.7 MB
2026.04.04 22:15:31 INFO  Progress (1): 1.2/3.7 MB
2026.04.04 22:15:31 INFO  Progress (1): 1.2/3.7 MB
2026.04.04 22:15:31 INFO  Progress (1): 1.2/3.7 MB
2026.04.04 22:15:31 INFO  Progress (1): 1.2/3.7 MB
2026.04.04 22:15:31 INFO  Progress (1): 1.2/3.7 MB
2026.04.04 22:15:31 INFO  Progress (1): 1.3/3.7 MB
2026.04.04 22:15:31 INFO  Progress (1): 1.3/3.7 MB
2026.04.04 22:15:31 INFO  Progress (1): 1.3/3.7 MB
2026.04.04 22:15:31 INFO  Progress (1): 1.3/3.7 MB
2026.04.04 22:15:31 INFO  Progress (1): 1.3/3.7 MB
2026.04.04 22:15:31 INFO  Progress (1): 1.3/3.7 MB
2026.04.04 22:15:31 INFO  Progress (1): 1.4/3.7 MB
2026.04.04 22:15:31 INFO  Progress (1): 1.4/3.7 MB
2026.04.04 22:15:31 INFO  Progress (1): 1.4/3.7 MB
2026.04.04 22:15:31 INFO  Progress (1): 1.4/3.7 MB
2026.04.04 22:15:31 INFO  Progress (1): 1.4/3.7 MB
2026.04.04 22:15:31 INFO  Progress (1): 1.4/3.7 MB
2026.04.04 22:15:31 INFO  Progress (1): 1.5/3.7 MB
2026.04.04 22:15:31 INFO  Progress (1): 1.5/3.7 MB
2026.04.04 22:15:31 INFO  Progress (1): 1.5/3.7 MB
2026.04.04 22:15:31 INFO  Progress (1): 1.5/3.7 MB
2026.04.04 22:15:31 INFO  Progress (1): 1.5/3.7 MB
2026.04.04 22:15:31 INFO  Progress (1): 1.5/3.7 MB
2026.04.04 22:15:31 INFO  Progress (1): 1.6/3.7 MB
2026.04.04 22:15:31 INFO  Progress (1): 1.6/3.7 MB
2026.04.04 22:15:31 INFO  Progress (1): 1.6/3.7 MB
2026.04.04 22:15:31 INFO  Progress (1): 1.6/3.7 MB
2026.04.04 22:15:31 INFO  Progress (1): 1.6/3.7 MB
2026.04.04 22:15:31 INFO  Progress (1): 1.6/3.7 MB
2026.04.04 22:15:31 INFO  Progress (1): 1.7/3.7 MB
2026.04.04 22:15:31 INFO  Progress (1): 1.7/3.7 MB
2026.04.04 22:15:31 INFO  Progress (1): 1.7/3.7 MB
2026.04.04 22:15:31 INFO  Progress (1): 1.7/3.7 MB
2026.04.04 22:15:31 INFO  Progress (1): 1.7/3.7 MB
2026.04.04 22:15:31 INFO  Progress (1): 1.7/3.7 MB
2026.04.04 22:15:31 INFO  Progress (1): 1.8/3.7 MB
2026.04.04 22:15:31 INFO  Progress (1): 1.8/3.7 MB
2026.04.04 22:15:31 INFO  Progress (1): 1.8/3.7 MB
2026.04.04 22:15:31 INFO  Progress (1): 1.8/3.7 MB
2026.04.04 22:15:31 INFO  Progress (1): 1.8/3.7 MB
2026.04.04 22:15:31 INFO  Progress (1): 1.8/3.7 MB
2026.04.04 22:15:31 INFO  Progress (1): 1.9/3.7 MB
2026.04.04 22:15:31 INFO  Progress (1): 1.9/3.7 MB
2026.04.04 22:15:31 INFO  Progress (1): 1.9/3.7 MB
2026.04.04 22:15:31 INFO  Progress (1): 1.9/3.7 MB
2026.04.04 22:15:31 INFO  Progress (1): 1.9/3.7 MB
2026.04.04 22:15:31 INFO  Progress (1): 1.9/3.7 MB
2026.04.04 22:15:31 INFO  Progress (1): 1.9/3.7 MB
2026.04.04 22:15:31 INFO  Progress (1): 2.0/3.7 MB
2026.04.04 22:15:31 INFO  Progress (1): 2.0/3.7 MB
2026.04.04 22:15:31 INFO  Progress (1): 2.0/3.7 MB
2026.04.04 22:15:31 INFO  Progress (1): 2.0/3.7 MB
2026.04.04 22:15:31 INFO  Progress (1): 2.0/3.7 MB
2026.04.04 22:15:31 INFO  Progress (1): 2.0/3.7 MB
2026.04.04 22:15:31 INFO  Progress (1): 2.1/3.7 MB
2026.04.04 22:15:31 INFO  Progress (1): 2.1/3.7 MB
2026.04.04 22:15:31 INFO  Progress (1): 2.1/3.7 MB
2026.04.04 22:15:31 INFO  Progress (1): 2.1/3.7 MB
2026.04.04 22:15:31 INFO  Progress (1): 2.1/3.7 MB
2026.04.04 22:15:31 INFO  Progress (1): 2.1/3.7 MB
2026.04.04 22:15:31 INFO  Progress (1): 2.2/3.7 MB
2026.04.04 22:15:31 INFO  Progress (1): 2.2/3.7 MB
2026.04.04 22:15:31 INFO  Progress (1): 2.2/3.7 MB
2026.04.04 22:15:31 INFO  Progress (1): 2.2/3.7 MB
2026.04.04 22:15:31 INFO  Progress (1): 2.2/3.7 MB
2026.04.04 22:15:31 INFO  Progress (1): 2.2/3.7 MB
2026.04.04 22:15:31 INFO  Progress (1): 2.3/3.7 MB
2026.04.04 22:15:31 INFO  Progress (1): 2.3/3.7 MB
2026.04.04 22:15:31 INFO  Progress (1): 2.3/3.7 MB
2026.04.04 22:15:31 INFO  Progress (1): 2.3/3.7 MB
2026.04.04 22:15:31 INFO  Progress (1): 2.3/3.7 MB
2026.04.04 22:15:31 INFO  Progress (1): 2.3/3.7 MB
2026.04.04 22:15:31 INFO  Progress (1): 2.4/3.7 MB
2026.04.04 22:15:31 INFO  Progress (1): 2.4/3.7 MB
2026.04.04 22:15:31 INFO  Progress (1): 2.4/3.7 MB
2026.04.04 22:15:31 INFO  Progress (1): 2.4/3.7 MB
2026.04.04 22:15:31 INFO  Progress (1): 2.4/3.7 MB
2026.04.04 22:15:31 INFO  Progress (1): 2.4/3.7 MB
2026.04.04 22:15:31 INFO  Progress (1): 2.5/3.7 MB
2026.04.04 22:15:31 INFO  Progress (1): 2.5/3.7 MB
2026.04.04 22:15:31 INFO  Progress (1): 2.5/3.7 MB
2026.04.04 22:15:31 INFO  Progress (1): 2.5/3.7 MB
2026.04.04 22:15:31 INFO  Progress (1): 2.5/3.7 MB
2026.04.04 22:15:31 INFO  Progress (1): 2.5/3.7 MB
2026.04.04 22:15:31 INFO  Progress (1): 2.6/3.7 MB
2026.04.04 22:15:31 INFO  Progress (1): 2.6/3.7 MB
2026.04.04 22:15:31 INFO  Progress (1): 2.6/3.7 MB
2026.04.04 22:15:31 INFO  Progress (1): 2.6/3.7 MB
2026.04.04 22:15:31 INFO  Progress (1): 2.6/3.7 MB
2026.04.04 22:15:31 INFO  Progress (1): 2.6/3.7 MB
2026.04.04 22:15:31 INFO  Progress (1): 2.7/3.7 MB
2026.04.04 22:15:31 INFO  Progress (1): 2.7/3.7 MB
2026.04.04 22:15:31 INFO  Progress (1): 2.7/3.7 MB
2026.04.04 22:15:31 INFO  Progress (1): 2.7/3.7 MB
2026.04.04 22:15:31 INFO  Progress (1): 2.7/3.7 MB
2026.04.04 22:15:31 INFO  Progress (1): 2.7/3.7 MB
2026.04.04 22:15:31 INFO  Progress (1): 2.8/3.7 MB
2026.04.04 22:15:31 INFO  Progress (1): 2.8/3.7 MB
2026.04.04 22:15:31 INFO  Progress (1): 2.8/3.7 MB
2026.04.04 22:15:31 INFO  Progress (1): 2.8/3.7 MB
2026.04.04 22:15:31 INFO  Progress (1): 2.8/3.7 MB
2026.04.04 22:15:31 INFO  Progress (1): 2.8/3.7 MB
2026.04.04 22:15:31 INFO  Progress (1): 2.8/3.7 MB
2026.04.04 22:15:31 INFO  Progress (1): 2.9/3.7 MB
2026.04.04 22:15:31 INFO  Progress (1): 2.9/3.7 MB
2026.04.04 22:15:31 INFO  Progress (1): 2.9/3.7 MB
2026.04.04 22:15:31 INFO  Progress (1): 2.9/3.7 MB
2026.04.04 22:15:31 INFO  Progress (1): 2.9/3.7 MB
2026.04.04 22:15:31 INFO  Progress (1): 2.9/3.7 MB
2026.04.04 22:15:31 INFO  Progress (1): 3.0/3.7 MB
2026.04.04 22:15:31 INFO  Progress (1): 3.0/3.7 MB
2026.04.04 22:15:31 INFO  Progress (1): 3.0/3.7 MB
2026.04.04 22:15:31 INFO  Progress (1): 3.0/3.7 MB
2026.04.04 22:15:31 INFO  Progress (1): 3.0/3.7 MB
2026.04.04 22:15:31 INFO  Progress (1): 3.0/3.7 MB
2026.04.04 22:15:31 INFO  Progress (1): 3.1/3.7 MB
2026.04.04 22:15:31 INFO  Progress (1): 3.1/3.7 MB
2026.04.04 22:15:31 INFO  Progress (1): 3.1/3.7 MB
2026.04.04 22:15:31 INFO  Progress (1): 3.1/3.7 MB
2026.04.04 22:15:31 INFO  Progress (1): 3.1/3.7 MB
2026.04.04 22:15:31 INFO  Progress (1): 3.1/3.7 MB
2026.04.04 22:15:31 INFO  Progress (1): 3.2/3.7 MB
2026.04.04 22:15:31 INFO  Progress (1): 3.2/3.7 MB
2026.04.04 22:15:31 INFO  Progress (1): 3.2/3.7 MB
2026.04.04 22:15:31 INFO  Progress (1): 3.2/3.7 MB
2026.04.04 22:15:31 INFO  Progress (1): 3.2/3.7 MB
2026.04.04 22:15:31 INFO  Progress (1): 3.2/3.7 MB
2026.04.04 22:15:31 INFO  Progress (1): 3.3/3.7 MB
2026.04.04 22:15:31 INFO  Progress (1): 3.3/3.7 MB
2026.04.04 22:15:31 INFO  Progress (1): 3.3/3.7 MB
2026.04.04 22:15:31 INFO  Progress (1): 3.3/3.7 MB
2026.04.04 22:15:31 INFO  Progress (1): 3.3/3.7 MB
2026.04.04 22:15:31 INFO  Progress (1): 3.3/3.7 MB
2026.04.04 22:15:31 INFO  Progress (1): 3.4/3.7 MB
2026.04.04 22:15:31 INFO  Progress (1): 3.4/3.7 MB
2026.04.04 22:15:31 INFO  Progress (1): 3.4/3.7 MB
2026.04.04 22:15:31 INFO  Progress (1): 3.4/3.7 MB
2026.04.04 22:15:31 INFO  Progress (1): 3.4/3.7 MB
2026.04.04 22:15:31 INFO  Progress (1): 3.4/3.7 MB
2026.04.04 22:15:31 INFO  Progress (1): 3.5/3.7 MB
2026.04.04 22:15:31 INFO  Progress (1): 3.5/3.7 MB
2026.04.04 22:15:31 INFO  Progress (1): 3.5/3.7 MB
2026.04.04 22:15:31 INFO  Progress (1): 3.5/3.7 MB
2026.04.04 22:15:31 INFO  Progress (1): 3.5/3.7 MB
2026.04.04 22:15:31 INFO  Progress (1): 3.5/3.7 MB
2026.04.04 22:15:31 INFO  Progress (1): 3.6/3.7 MB
2026.04.04 22:15:31 INFO  Progress (1): 3.6/3.7 MB
2026.04.04 22:15:31 INFO  Progress (1): 3.6/3.7 MB
2026.04.04 22:15:31 INFO  Progress (1): 3.6/3.7 MB
2026.04.04 22:15:31 INFO  Progress (1): 3.6/3.7 MB
2026.04.04 22:15:31 INFO  Progress (1): 3.6/3.7 MB
2026.04.04 22:15:31 INFO  Progress (1): 3.7/3.7 MB
2026.04.04 22:15:31 INFO  Progress (1): 3.7/3.7 MB
2026.04.04 22:15:31 INFO  Progress (1): 3.7/3.7 MB
2026.04.04 22:15:31 INFO  Progress (1): 3.7/3.7 MB
2026.04.04 22:15:31 INFO  Progress (1): 3.7/3.7 MB
2026.04.04 22:15:31 INFO  Progress (1): 3.7/3.7 MB
2026.04.04 22:15:31 INFO  Progress (1): 3.7 MB    
2026.04.04 22:15:31 INFO                      
2026.04.04 22:15:31 INFO  Downloaded from central: https://repo.maven.apache.org/maven2/org/apache/tomcat/embed/tomcat-embed-core/11.0.20/tomcat-embed-core-11.0.20-sources.jar (3.7 MB at 3.6 MB/s)
2026.04.04 22:15:31 INFO  [INFO] SUCCESS: org.apache.tomcat.embed:tomcat-embed-core:jar:11.0.20:compile (sources = true)
2026.04.04 22:15:31 INFO  [INFO] Resolving artifact: ch.qos.logback:logback-classic:jar:1.5.32:compile (sources = false)
2026.04.04 22:15:31 INFO  [INFO] SUCCESS: ch.qos.logback:logback-classic:jar:1.5.32:compile (sources = false)
2026.04.04 22:15:31 INFO  [INFO] Resolving artifact: ch.qos.logback:logback-classic:jar:1.5.32:compile (sources = true)
2026.04.04 22:15:31 INFO  Downloading from central: https://repo.maven.apache.org/maven2/ch/qos/logback/logback-classic/1.5.32/logback-classic-1.5.32-sources.jar
2026.04.04 22:15:31 INFO  Progress (1): 7.7/251 kB
2026.04.04 22:15:31 INFO  Progress (1): 16/251 kB 
2026.04.04 22:15:31 INFO  Progress (1): 32/251 kB
2026.04.04 22:15:31 INFO  Progress (1): 49/251 kB
2026.04.04 22:15:31 INFO  Progress (1): 65/251 kB
2026.04.04 22:15:31 INFO  Progress (1): 81/251 kB
2026.04.04 22:15:31 INFO  Progress (1): 98/251 kB
2026.04.04 22:15:31 INFO  Progress (1): 114/251 kB
2026.04.04 22:15:31 INFO  Progress (1): 131/251 kB
2026.04.04 22:15:31 INFO  Progress (1): 147/251 kB
2026.04.04 22:15:31 INFO  Progress (1): 163/251 kB
2026.04.04 22:15:31 INFO  Progress (1): 180/251 kB
2026.04.04 22:15:31 INFO  Progress (1): 196/251 kB
2026.04.04 22:15:31 INFO  Progress (1): 212/251 kB
2026.04.04 22:15:31 INFO  Progress (1): 229/251 kB
2026.04.04 22:15:31 INFO  Progress (1): 245/251 kB
2026.04.04 22:15:31 INFO  Progress (1): 251 kB    
2026.04.04 22:15:32 INFO                      
2026.04.04 22:15:32 INFO  Downloaded from central: https://repo.maven.apache.org/maven2/ch/qos/logback/logback-classic/1.5.32/logback-classic-1.5.32-sources.jar (251 kB at 1.2 MB/s)
2026.04.04 22:15:32 INFO  [INFO] SUCCESS: ch.qos.logback:logback-classic:jar:1.5.32:compile (sources = true)
2026.04.04 22:15:32 INFO  [INFO] Resolving artifact: org.junit.jupiter:junit-jupiter-api:jar:6.0.3:test (sources = false)
2026.04.04 22:15:32 INFO  [INFO] SUCCESS: org.junit.jupiter:junit-jupiter-api:jar:6.0.3:test (sources = false)
2026.04.04 22:15:32 INFO  [INFO] Resolving artifact: org.junit.jupiter:junit-jupiter-api:jar:6.0.3:test (sources = true)
2026.04.04 22:15:32 INFO  Downloading from central: https://repo.maven.apache.org/maven2/org/junit/jupiter/junit-jupiter-api/6.0.3/junit-jupiter-api-6.0.3-sources.jar
2026.04.04 22:15:32 INFO  Progress (1): 7.7/251 kB
2026.04.04 22:15:32 INFO  Progress (1): 8.2/251 kB
2026.04.04 22:15:32 INFO  Progress (1): 25/251 kB 
2026.04.04 22:15:32 INFO  Progress (1): 41/251 kB
2026.04.04 22:15:32 INFO  Progress (1): 57/251 kB
2026.04.04 22:15:32 INFO  Progress (1): 66/251 kB
2026.04.04 22:15:32 INFO  Progress (1): 74/251 kB
2026.04.04 22:15:32 INFO  Progress (1): 90/251 kB
2026.04.04 22:15:32 INFO  Progress (1): 106/251 kB
2026.04.04 22:15:32 INFO  Progress (1): 115/251 kB
2026.04.04 22:15:32 INFO  Progress (1): 131/251 kB
2026.04.04 22:15:32 INFO  Progress (1): 147/251 kB
2026.04.04 22:15:32 INFO  Progress (1): 164/251 kB
2026.04.04 22:15:32 INFO  Progress (1): 172/251 kB
2026.04.04 22:15:32 INFO  Progress (1): 180/251 kB
2026.04.04 22:15:32 INFO  Progress (1): 197/251 kB
2026.04.04 22:15:32 INFO  Progress (1): 213/251 kB
2026.04.04 22:15:32 INFO  Progress (1): 229/251 kB
2026.04.04 22:15:32 INFO  Progress (1): 246/251 kB
2026.04.04 22:15:32 INFO  Progress (1): 251 kB    
2026.04.04 22:15:32 INFO                      
2026.04.04 22:15:32 INFO  Downloaded from central: https://repo.maven.apache.org/maven2/org/junit/jupiter/junit-jupiter-api/6.0.3/junit-jupiter-api-6.0.3-sources.jar (251 kB at 1.7 MB/s)
2026.04.04 22:15:32 INFO  [INFO] SUCCESS: org.junit.jupiter:junit-jupiter-api:jar:6.0.3:test (sources = true)
2026.04.04 22:15:32 INFO  [INFO] Resolving artifact: org.skyscreamer:jsonassert:jar:1.5.3:test (sources = false)
2026.04.04 22:15:32 INFO  [INFO] SUCCESS: org.skyscreamer:jsonassert:jar:1.5.3:test (sources = false)
2026.04.04 22:15:32 INFO  [INFO] Resolving artifact: org.skyscreamer:jsonassert:jar:1.5.3:test (sources = true)
2026.04.04 22:15:32 INFO  Downloading from central: https://repo.maven.apache.org/maven2/org/skyscreamer/jsonassert/1.5.3/jsonassert-1.5.3-sources.jar
2026.04.04 22:15:32 INFO  Progress (1): 7.7/30 kB
2026.04.04 22:15:32 INFO  Progress (1): 8.2/30 kB
2026.04.04 22:15:32 INFO  Progress (1): 25/30 kB 
2026.04.04 22:15:32 INFO  Progress (1): 30 kB   
2026.04.04 22:15:33 INFO                     
2026.04.04 22:15:33 INFO  Downloaded from central: https://repo.maven.apache.org/maven2/org/skyscreamer/jsonassert/1.5.3/jsonassert-1.5.3-sources.jar (30 kB at 34 kB/s)
2026.04.04 22:15:33 INFO  [INFO] SUCCESS: org.skyscreamer:jsonassert:jar:1.5.3:test (sources = true)
2026.04.04 22:15:33 INFO  [INFO] Resolving artifact: org.glassfish.jaxb:jaxb-core:jar:4.0.6:runtime (sources = false)
2026.04.04 22:15:33 INFO  [INFO] SUCCESS: org.glassfish.jaxb:jaxb-core:jar:4.0.6:runtime (sources = false)
2026.04.04 22:15:33 INFO  [INFO] Resolving artifact: org.glassfish.jaxb:jaxb-core:jar:4.0.6:runtime (sources = true)
2026.04.04 22:15:33 INFO  Downloading from central: https://repo.maven.apache.org/maven2/org/glassfish/jaxb/jaxb-core/4.0.6/jaxb-core-4.0.6-sources.jar
2026.04.04 22:15:33 INFO  Progress (1): 7.7/132 kB
2026.04.04 22:15:33 INFO  Progress (1): 8.2/132 kB
2026.04.04 22:15:33 INFO  Progress (1): 25/132 kB 
2026.04.04 22:15:33 INFO  Progress (1): 41/132 kB
2026.04.04 22:15:33 INFO  Progress (1): 57/132 kB
2026.04.04 22:15:33 INFO  Progress (1): 74/132 kB
2026.04.04 22:15:33 INFO  Progress (1): 82/132 kB
2026.04.04 22:15:33 INFO  Progress (1): 98/132 kB
2026.04.04 22:15:33 INFO  Progress (1): 115/132 kB
2026.04.04 22:15:33 INFO  Progress (1): 123/132 kB
2026.04.04 22:15:33 INFO  Progress (1): 132 kB    
2026.04.04 22:15:33 INFO                      
2026.04.04 22:15:33 INFO  Downloaded from central: https://repo.maven.apache.org/maven2/org/glassfish/jaxb/jaxb-core/4.0.6/jaxb-core-4.0.6-sources.jar (132 kB at 1.1 MB/s)
2026.04.04 22:15:33 INFO  [INFO] SUCCESS: org.glassfish.jaxb:jaxb-core:jar:4.0.6:runtime (sources = true)
2026.04.04 22:15:33 INFO  [INFO] Resolving artifact: org.springframework.boot:spring-boot:jar:4.0.5:compile (sources = false)
2026.04.04 22:15:33 INFO  [INFO] SUCCESS: org.springframework.boot:spring-boot:jar:4.0.5:compile (sources = false)
2026.04.04 22:15:33 INFO  [INFO] Resolving artifact: org.springframework.boot:spring-boot:jar:4.0.5:compile (sources = true)
2026.04.04 22:15:33 INFO  Downloading from central: https://repo.maven.apache.org/maven2/org/springframework/boot/spring-boot/4.0.5/spring-boot-4.0.5-sources.jar
2026.04.04 22:15:33 INFO  Progress (1): 7.7/851 kB
2026.04.04 22:15:33 INFO  Progress (1): 8.2/851 kB
2026.04.04 22:15:33 INFO  Progress (1): 25/851 kB 
2026.04.04 22:15:33 INFO  Progress (1): 41/851 kB
2026.04.04 22:15:33 INFO  Progress (1): 57/851 kB
2026.04.04 22:15:33 INFO  Progress (1): 74/851 kB
2026.04.04 22:15:33 INFO  Progress (1): 90/851 kB
2026.04.04 22:15:33 INFO  Progress (1): 106/851 kB
2026.04.04 22:15:33 INFO  Progress (1): 123/851 kB
2026.04.04 22:15:33 INFO  Progress (1): 139/851 kB
2026.04.04 22:15:33 INFO  Progress (1): 156/851 kB
2026.04.04 22:15:33 INFO  Progress (1): 172/851 kB
2026.04.04 22:15:33 INFO  Progress (1): 188/851 kB
2026.04.04 22:15:33 INFO  Progress (1): 205/851 kB
2026.04.04 22:15:33 INFO  Progress (1): 221/851 kB
2026.04.04 22:15:33 INFO  Progress (1): 238/851 kB
2026.04.04 22:15:33 INFO  Progress (1): 254/851 kB
2026.04.04 22:15:33 INFO  Progress (1): 270/851 kB
2026.04.04 22:15:33 INFO  Progress (1): 287/851 kB
2026.04.04 22:15:33 INFO  Progress (1): 303/851 kB
2026.04.04 22:15:33 INFO  Progress (1): 319/851 kB
2026.04.04 22:15:33 INFO  Progress (1): 336/851 kB
2026.04.04 22:15:33 INFO  Progress (1): 352/851 kB
2026.04.04 22:15:33 INFO  Progress (1): 369/851 kB
2026.04.04 22:15:33 INFO  Progress (1): 385/851 kB
2026.04.04 22:15:33 INFO  Progress (1): 401/851 kB
2026.04.04 22:15:33 INFO  Progress (1): 418/851 kB
2026.04.04 22:15:33 INFO  Progress (1): 434/851 kB
2026.04.04 22:15:33 INFO  Progress (1): 451/851 kB
2026.04.04 22:15:33 INFO  Progress (1): 467/851 kB
2026.04.04 22:15:33 INFO  Progress (1): 483/851 kB
2026.04.04 22:15:33 INFO  Progress (1): 500/851 kB
2026.04.04 22:15:33 INFO  Progress (1): 516/851 kB
2026.04.04 22:15:33 INFO  Progress (1): 532/851 kB
2026.04.04 22:15:33 INFO  Progress (1): 549/851 kB
2026.04.04 22:15:33 INFO  Progress (1): 565/851 kB
2026.04.04 22:15:33 INFO  Progress (1): 582/851 kB
2026.04.04 22:15:33 INFO  Progress (1): 598/851 kB
2026.04.04 22:15:33 INFO  Progress (1): 614/851 kB
2026.04.04 22:15:33 INFO  Progress (1): 631/851 kB
2026.04.04 22:15:33 INFO  Progress (1): 647/851 kB
2026.04.04 22:15:33 INFO  Progress (1): 664/851 kB
2026.04.04 22:15:33 INFO  Progress (1): 680/851 kB
2026.04.04 22:15:33 INFO  Progress (1): 696/851 kB
2026.04.04 22:15:33 INFO  Progress (1): 713/851 kB
2026.04.04 22:15:33 INFO  Progress (1): 729/851 kB
2026.04.04 22:15:33 INFO  Progress (1): 745/851 kB
2026.04.04 22:15:33 INFO  Progress (1): 762/851 kB
2026.04.04 22:15:33 INFO  Progress (1): 778/851 kB
2026.04.04 22:15:33 INFO  Progress (1): 795/851 kB
2026.04.04 22:15:33 INFO  Progress (1): 811/851 kB
2026.04.04 22:15:33 INFO  Progress (1): 827/851 kB
2026.04.04 22:15:33 INFO  Progress (1): 844/851 kB
2026.04.04 22:15:33 INFO  Progress (1): 851 kB    
2026.04.04 22:15:33 INFO                      
2026.04.04 22:15:33 INFO  Downloaded from central: https://repo.maven.apache.org/maven2/org/springframework/boot/spring-boot/4.0.5/spring-boot-4.0.5-sources.jar (851 kB at 3.9 MB/s)
2026.04.04 22:15:33 INFO  [INFO] SUCCESS: org.springframework.boot:spring-boot:jar:4.0.5:compile (sources = true)
2026.04.04 22:15:33 INFO  [INFO] Resolving artifact: jakarta.annotation:jakarta.annotation-api:jar:3.0.0:compile (sources = false)
2026.04.04 22:15:33 INFO  [INFO] SUCCESS: jakarta.annotation:jakarta.annotation-api:jar:3.0.0:compile (sources = false)
2026.04.04 22:15:33 INFO  [INFO] Resolving artifact: jakarta.annotation:jakarta.annotation-api:jar:3.0.0:compile (sources = true)
2026.04.04 22:15:33 INFO  Downloading from central: https://repo.maven.apache.org/maven2/jakarta/annotation/jakarta.annotation-api/3.0.0/jakarta.annotation-api-3.0.0-sources.jar
2026.04.04 22:15:33 INFO  Progress (1): 7.7/36 kB
2026.04.04 22:15:33 INFO  Progress (1): 16/36 kB 
2026.04.04 22:15:33 INFO  Progress (1): 25/36 kB
2026.04.04 22:15:33 INFO  Progress (1): 36 kB   
2026.04.04 22:15:34 INFO                     
2026.04.04 22:15:34 INFO  Downloaded from central: https://repo.maven.apache.org/maven2/jakarta/annotation/jakarta.annotation-api/3.0.0/jakarta.annotation-api-3.0.0-sources.jar (36 kB at 50 kB/s)
2026.04.04 22:15:34 INFO  [INFO] SUCCESS: jakarta.annotation:jakarta.annotation-api:jar:3.0.0:compile (sources = true)
2026.04.04 22:15:34 INFO  [INFO] Resolving artifact: org.glassfish.jaxb:txw2:jar:4.0.6:runtime (sources = false)
2026.04.04 22:15:34 INFO  [INFO] SUCCESS: org.glassfish.jaxb:txw2:jar:4.0.6:runtime (sources = false)
2026.04.04 22:15:34 INFO  [INFO] Resolving artifact: org.glassfish.jaxb:txw2:jar:4.0.6:runtime (sources = true)
2026.04.04 22:15:34 INFO  Downloading from central: https://repo.maven.apache.org/maven2/org/glassfish/jaxb/txw2/4.0.6/txw2-4.0.6-sources.jar
2026.04.04 22:15:34 INFO  Progress (1): 7.7/70 kB
2026.04.04 22:15:34 INFO  Progress (1): 16/70 kB 
2026.04.04 22:15:34 INFO  Progress (1): 25/70 kB
2026.04.04 22:15:34 INFO  Progress (1): 41/70 kB
2026.04.04 22:15:34 INFO  Progress (1): 57/70 kB
2026.04.04 22:15:34 INFO  Progress (1): 70 kB   
2026.04.04 22:15:34 INFO                     
2026.04.04 22:15:34 INFO  Downloaded from central: https://repo.maven.apache.org/maven2/org/glassfish/jaxb/txw2/4.0.6/txw2-4.0.6-sources.jar (70 kB at 678 kB/s)
2026.04.04 22:15:34 INFO  [INFO] SUCCESS: org.glassfish.jaxb:txw2:jar:4.0.6:runtime (sources = true)
2026.04.04 22:15:34 INFO  [INFO] Resolving artifact: org.xmlunit:xmlunit-core:jar:2.10.4:test (sources = false)
2026.04.04 22:15:34 INFO  [INFO] SUCCESS: org.xmlunit:xmlunit-core:jar:2.10.4:test (sources = false)
2026.04.04 22:15:34 INFO  [INFO] Resolving artifact: org.xmlunit:xmlunit-core:jar:2.10.4:test (sources = true)
2026.04.04 22:15:34 INFO  Downloading from central: https://repo.maven.apache.org/maven2/org/xmlunit/xmlunit-core/2.10.4/xmlunit-core-2.10.4-sources.jar
2026.04.04 22:15:34 INFO  Progress (1): 7.7/111 kB
2026.04.04 22:15:34 INFO  Progress (1): 16/111 kB 
2026.04.04 22:15:34 INFO  Progress (1): 32/111 kB
2026.04.04 22:15:34 INFO  Progress (1): 49/111 kB
2026.04.04 22:15:34 INFO  Progress (1): 65/111 kB
2026.04.04 22:15:34 INFO  Progress (1): 81/111 kB
2026.04.04 22:15:34 INFO  Progress (1): 98/111 kB
2026.04.04 22:15:34 INFO  Progress (1): 111 kB   
2026.04.04 22:15:34 INFO                      
2026.04.04 22:15:34 INFO  Downloaded from central: https://repo.maven.apache.org/maven2/org/xmlunit/xmlunit-core/2.10.4/xmlunit-core-2.10.4-sources.jar (111 kB at 664 kB/s)
2026.04.04 22:15:34 INFO  [INFO] SUCCESS: org.xmlunit:xmlunit-core:jar:2.10.4:test (sources = true)
2026.04.04 22:15:34 INFO  [INFO] Resolving artifact: org.junit.platform:junit-platform-commons:jar:6.0.3:test (sources = false)
2026.04.04 22:15:34 INFO  [INFO] SUCCESS: org.junit.platform:junit-platform-commons:jar:6.0.3:test (sources = false)
2026.04.04 22:15:34 INFO  [INFO] Resolving artifact: org.junit.platform:junit-platform-commons:jar:6.0.3:test (sources = true)
2026.04.04 22:15:34 INFO  Downloading from central: https://repo.maven.apache.org/maven2/org/junit/platform/junit-platform-commons/6.0.3/junit-platform-commons-6.0.3-sources.jar
2026.04.04 22:15:34 INFO  Progress (1): 7.7/115 kB
2026.04.04 22:15:34 INFO  Progress (1): 8.2/115 kB
2026.04.04 22:15:34 INFO  Progress (1): 25/115 kB 
2026.04.04 22:15:34 INFO  Progress (1): 41/115 kB
2026.04.04 22:15:34 INFO  Progress (1): 57/115 kB
2026.04.04 22:15:34 INFO  Progress (1): 74/115 kB
2026.04.04 22:15:34 INFO  Progress (1): 90/115 kB
2026.04.04 22:15:34 INFO  Progress (1): 106/115 kB
2026.04.04 22:15:34 INFO  Progress (1): 115 kB    
2026.04.04 22:15:34 INFO                      
2026.04.04 22:15:34 INFO  Downloaded from central: https://repo.maven.apache.org/maven2/org/junit/platform/junit-platform-commons/6.0.3/junit-platform-commons-6.0.3-sources.jar (115 kB at 1.2 MB/s)
2026.04.04 22:15:34 INFO  [INFO] SUCCESS: org.junit.platform:junit-platform-commons:jar:6.0.3:test (sources = true)
2026.04.04 22:15:34 INFO  [INFO] Resolving artifact: jakarta.inject:jakarta.inject-api:jar:2.0.1:runtime (sources = false)
2026.04.04 22:15:34 INFO  [INFO] SUCCESS: jakarta.inject:jakarta.inject-api:jar:2.0.1:runtime (sources = false)
2026.04.04 22:15:34 INFO  [INFO] Resolving artifact: jakarta.inject:jakarta.inject-api:jar:2.0.1:runtime (sources = true)
2026.04.04 22:15:34 INFO  Downloading from central: https://repo.maven.apache.org/maven2/jakarta/inject/jakarta.inject-api/2.0.1/jakarta.inject-api-2.0.1-sources.jar
2026.04.04 22:15:34 INFO  Progress (1): 7.7/18 kB
2026.04.04 22:15:34 INFO  Progress (1): 8.2/18 kB
2026.04.04 22:15:34 INFO  Progress (1): 18 kB    
2026.04.04 22:15:34 INFO                     
2026.04.04 22:15:34 INFO  Downloaded from central: https://repo.maven.apache.org/maven2/jakarta/inject/jakarta.inject-api/2.0.1/jakarta.inject-api-2.0.1-sources.jar (18 kB at 50 kB/s)
2026.04.04 22:15:34 INFO  [INFO] SUCCESS: jakarta.inject:jakarta.inject-api:jar:2.0.1:runtime (sources = true)
2026.04.04 22:15:34 INFO  [INFO] Resolving artifact: org.springframework.boot:spring-boot-starter-jackson:jar:4.0.5:compile (sources = false)
2026.04.04 22:15:34 INFO  [INFO] SUCCESS: org.springframework.boot:spring-boot-starter-jackson:jar:4.0.5:compile (sources = false)
2026.04.04 22:15:34 INFO  [INFO] Resolving artifact: org.springframework.boot:spring-boot-starter-jackson:jar:4.0.5:compile (sources = true)
2026.04.04 22:15:34 INFO  Downloading from central: https://repo.maven.apache.org/maven2/org/springframework/boot/spring-boot-starter-jackson/4.0.5/spring-boot-starter-jackson-4.0.5-sources.jar
2026.04.04 22:15:34 INFO  Progress (1): 4.7 kB
2026.04.04 22:15:34 INFO                      
2026.04.04 22:15:34 INFO  Downloaded from central: https://repo.maven.apache.org/maven2/org/springframework/boot/spring-boot-starter-jackson/4.0.5/spring-boot-starter-jackson-4.0.5-sources.jar (4.7 kB at 62 kB/s)
2026.04.04 22:15:34 INFO  [INFO] SUCCESS: org.springframework.boot:spring-boot-starter-jackson:jar:4.0.5:compile (sources = true)
2026.04.04 22:15:34 INFO  [INFO] Resolving artifact: org.springframework:spring-tx:jar:7.0.6:compile (sources = false)
2026.04.04 22:15:34 INFO  [INFO] SUCCESS: org.springframework:spring-tx:jar:7.0.6:compile (sources = false)
2026.04.04 22:15:34 INFO  [INFO] Resolving artifact: org.springframework:spring-tx:jar:7.0.6:compile (sources = true)
2026.04.04 22:15:34 INFO  Downloading from central: https://repo.maven.apache.org/maven2/org/springframework/spring-tx/7.0.6/spring-tx-7.0.6-sources.jar
2026.04.04 22:15:35 INFO  Progress (1): 7.7/302 kB
2026.04.04 22:15:35 INFO  Progress (1): 16/302 kB 
2026.04.04 22:15:35 INFO  Progress (1): 32/302 kB
2026.04.04 22:15:35 INFO  Progress (1): 49/302 kB
2026.04.04 22:15:35 INFO  Progress (1): 57/302 kB
2026.04.04 22:15:35 INFO  Progress (1): 74/302 kB
2026.04.04 22:15:35 INFO  Progress (1): 90/302 kB
2026.04.04 22:15:35 INFO  Progress (1): 106/302 kB
2026.04.04 22:15:35 INFO  Progress (1): 123/302 kB
2026.04.04 22:15:35 INFO  Progress (1): 139/302 kB
2026.04.04 22:15:35 INFO  Progress (1): 156/302 kB
2026.04.04 22:15:35 INFO  Progress (1): 172/302 kB
2026.04.04 22:15:35 INFO  Progress (1): 188/302 kB
2026.04.04 22:15:35 INFO  Progress (1): 205/302 kB
2026.04.04 22:15:35 INFO  Progress (1): 221/302 kB
2026.04.04 22:15:35 INFO  Progress (1): 238/302 kB
2026.04.04 22:15:35 INFO  Progress (1): 254/302 kB
2026.04.04 22:15:35 INFO  Progress (1): 270/302 kB
2026.04.04 22:15:35 INFO  Progress (1): 287/302 kB
2026.04.04 22:15:35 INFO  Progress (1): 302 kB    
2026.04.04 22:15:35 INFO                      
2026.04.04 22:15:35 INFO  Downloaded from central: https://repo.maven.apache.org/maven2/org/springframework/spring-tx/7.0.6/spring-tx-7.0.6-sources.jar (302 kB at 2.2 MB/s)
2026.04.04 22:15:35 INFO  [INFO] SUCCESS: org.springframework:spring-tx:jar:7.0.6:compile (sources = true)
2026.04.04 22:15:35 INFO  [INFO] Resolving artifact: org.springframework.boot:spring-boot-starter-tomcat-runtime:jar:4.0.5:compile (sources = false)
2026.04.04 22:15:35 INFO  [INFO] SUCCESS: org.springframework.boot:spring-boot-starter-tomcat-runtime:jar:4.0.5:compile (sources = false)
2026.04.04 22:15:35 INFO  [INFO] Resolving artifact: org.springframework.boot:spring-boot-starter-tomcat-runtime:jar:4.0.5:compile (sources = true)
2026.04.04 22:15:35 INFO  Downloading from central: https://repo.maven.apache.org/maven2/org/springframework/boot/spring-boot-starter-tomcat-runtime/4.0.5/spring-boot-starter-tomcat-runtime-4.0.5-sources.jar
2026.04.04 22:15:35 INFO  Progress (1): 4.7 kB
2026.04.04 22:15:35 INFO                      
2026.04.04 22:15:35 INFO  Downloaded from central: https://repo.maven.apache.org/maven2/org/springframework/boot/spring-boot-starter-tomcat-runtime/4.0.5/spring-boot-starter-tomcat-runtime-4.0.5-sources.jar (4.7 kB at 73 kB/s)
2026.04.04 22:15:35 INFO  [INFO] SUCCESS: org.springframework.boot:spring-boot-starter-tomcat-runtime:jar:4.0.5:compile (sources = true)
2026.04.04 22:15:35 INFO  [INFO] Resolving artifact: net.bytebuddy:byte-buddy:jar:1.17.8:runtime (sources = false)
2026.04.04 22:15:35 INFO  [INFO] SUCCESS: net.bytebuddy:byte-buddy:jar:1.17.8:runtime (sources = false)
2026.04.04 22:15:35 INFO  [INFO] Resolving artifact: net.bytebuddy:byte-buddy:jar:1.17.8:runtime (sources = true)
2026.04.04 22:15:35 INFO  Downloading from central: https://repo.maven.apache.org/maven2/net/bytebuddy/byte-buddy/1.17.8/byte-buddy-1.17.8-sources.jar
2026.04.04 22:15:35 INFO  Progress (1): 0/2.7 MB
2026.04.04 22:15:35 INFO  Progress (1): 0/2.7 MB
2026.04.04 22:15:35 INFO  Progress (1): 0/2.7 MB
2026.04.04 22:15:35 INFO  Progress (1): 0/2.7 MB
2026.04.04 22:15:35 INFO  Progress (1): 0.1/2.7 MB
2026.04.04 22:15:35 INFO  Progress (1): 0.1/2.7 MB
2026.04.04 22:15:35 INFO  Progress (1): 0.1/2.7 MB
2026.04.04 22:15:35 INFO  Progress (1): 0.1/2.7 MB
2026.04.04 22:15:35 INFO  Progress (1): 0.1/2.7 MB
2026.04.04 22:15:35 INFO  Progress (1): 0.1/2.7 MB
2026.04.04 22:15:35 INFO  Progress (1): 0.1/2.7 MB
2026.04.04 22:15:35 INFO  Progress (1): 0.1/2.7 MB
2026.04.04 22:15:35 INFO  Progress (1): 0.2/2.7 MB
2026.04.04 22:15:35 INFO  Progress (1): 0.2/2.7 MB
2026.04.04 22:15:35 INFO  Progress (1): 0.2/2.7 MB
2026.04.04 22:15:35 INFO  Progress (1): 0.2/2.7 MB
2026.04.04 22:15:35 INFO  Progress (1): 0.2/2.7 MB
2026.04.04 22:15:35 INFO  Progress (1): 0.2/2.7 MB
2026.04.04 22:15:35 INFO  Progress (1): 0.2/2.7 MB
2026.04.04 22:15:35 INFO  Progress (1): 0.2/2.7 MB
2026.04.04 22:15:35 INFO  Progress (1): 0.3/2.7 MB
2026.04.04 22:15:35 INFO  Progress (1): 0.3/2.7 MB
2026.04.04 22:15:35 INFO  Progress (1): 0.3/2.7 MB
2026.04.04 22:15:35 INFO  Progress (1): 0.3/2.7 MB
2026.04.04 22:15:35 INFO  Progress (1): 0.3/2.7 MB
2026.04.04 22:15:35 INFO  Progress (1): 0.3/2.7 MB
2026.04.04 22:15:35 INFO  Progress (1): 0.4/2.7 MB
2026.04.04 22:15:35 INFO  Progress (1): 0.4/2.7 MB
2026.04.04 22:15:35 INFO  Progress (1): 0.4/2.7 MB
2026.04.04 22:15:35 INFO  Progress (1): 0.4/2.7 MB
2026.04.04 22:15:35 INFO  Progress (1): 0.4/2.7 MB
2026.04.04 22:15:35 INFO  Progress (1): 0.4/2.7 MB
2026.04.04 22:15:35 INFO  Progress (1): 0.5/2.7 MB
2026.04.04 22:15:35 INFO  Progress (1): 0.5/2.7 MB
2026.04.04 22:15:35 INFO  Progress (1): 0.5/2.7 MB
2026.04.04 22:15:35 INFO  Progress (1): 0.5/2.7 MB
2026.04.04 22:15:35 INFO  Progress (1): 0.5/2.7 MB
2026.04.04 22:15:35 INFO  Progress (1): 0.5/2.7 MB
2026.04.04 22:15:35 INFO  Progress (1): 0.6/2.7 MB
2026.04.04 22:15:35 INFO  Progress (1): 0.6/2.7 MB
2026.04.04 22:15:35 INFO  Progress (1): 0.6/2.7 MB
2026.04.04 22:15:35 INFO  Progress (1): 0.6/2.7 MB
2026.04.04 22:15:35 INFO  Progress (1): 0.6/2.7 MB
2026.04.04 22:15:35 INFO  Progress (1): 0.6/2.7 MB
2026.04.04 22:15:35 INFO  Progress (1): 0.7/2.7 MB
2026.04.04 22:15:35 INFO  Progress (1): 0.7/2.7 MB
2026.04.04 22:15:35 INFO  Progress (1): 0.7/2.7 MB
2026.04.04 22:15:35 INFO  Progress (1): 0.7/2.7 MB
2026.04.04 22:15:35 INFO  Progress (1): 0.7/2.7 MB
2026.04.04 22:15:35 INFO  Progress (1): 0.7/2.7 MB
2026.04.04 22:15:35 INFO  Progress (1): 0.8/2.7 MB
2026.04.04 22:15:35 INFO  Progress (1): 0.8/2.7 MB
2026.04.04 22:15:35 INFO  Progress (1): 0.8/2.7 MB
2026.04.04 22:15:35 INFO  Progress (1): 0.8/2.7 MB
2026.04.04 22:15:35 INFO  Progress (1): 0.8/2.7 MB
2026.04.04 22:15:35 INFO  Progress (1): 0.8/2.7 MB
2026.04.04 22:15:35 INFO  Progress (1): 0.9/2.7 MB
2026.04.04 22:15:35 INFO  Progress (1): 0.9/2.7 MB
2026.04.04 22:15:35 INFO  Progress (1): 0.9/2.7 MB
2026.04.04 22:15:35 INFO  Progress (1): 0.9/2.7 MB
2026.04.04 22:15:35 INFO  Progress (1): 0.9/2.7 MB
2026.04.04 22:15:35 INFO  Progress (1): 0.9/2.7 MB
2026.04.04 22:15:35 INFO  Progress (1): 1.0/2.7 MB
2026.04.04 22:15:35 INFO  Progress (1): 1.0/2.7 MB
2026.04.04 22:15:35 INFO  Progress (1): 1.0/2.7 MB
2026.04.04 22:15:35 INFO  Progress (1): 1.0/2.7 MB
2026.04.04 22:15:35 INFO  Progress (1): 1.0/2.7 MB
2026.04.04 22:15:35 INFO  Progress (1): 1.0/2.7 MB
2026.04.04 22:15:35 INFO  Progress (1): 1.0/2.7 MB
2026.04.04 22:15:35 INFO  Progress (1): 1.1/2.7 MB
2026.04.04 22:15:35 INFO  Progress (1): 1.1/2.7 MB
2026.04.04 22:15:35 INFO  Progress (1): 1.1/2.7 MB
2026.04.04 22:15:35 INFO  Progress (1): 1.1/2.7 MB
2026.04.04 22:15:35 INFO  Progress (1): 1.1/2.7 MB
2026.04.04 22:15:35 INFO  Progress (1): 1.1/2.7 MB
2026.04.04 22:15:35 INFO  Progress (1): 1.2/2.7 MB
2026.04.04 22:15:35 INFO  Progress (1): 1.2/2.7 MB
2026.04.04 22:15:35 INFO  Progress (1): 1.2/2.7 MB
2026.04.04 22:15:35 INFO  Progress (1): 1.2/2.7 MB
2026.04.04 22:15:35 INFO  Progress (1): 1.2/2.7 MB
2026.04.04 22:15:35 INFO  Progress (1): 1.2/2.7 MB
2026.04.04 22:15:35 INFO  Progress (1): 1.3/2.7 MB
2026.04.04 22:15:35 INFO  Progress (1): 1.3/2.7 MB
2026.04.04 22:15:35 INFO  Progress (1): 1.3/2.7 MB
2026.04.04 22:15:35 INFO  Progress (1): 1.3/2.7 MB
2026.04.04 22:15:35 INFO  Progress (1): 1.3/2.7 MB
2026.04.04 22:15:35 INFO  Progress (1): 1.3/2.7 MB
2026.04.04 22:15:35 INFO  Progress (1): 1.4/2.7 MB
2026.04.04 22:15:35 INFO  Progress (1): 1.4/2.7 MB
2026.04.04 22:15:35 INFO  Progress (1): 1.4/2.7 MB
2026.04.04 22:15:35 INFO  Progress (1): 1.4/2.7 MB
2026.04.04 22:15:35 INFO  Progress (1): 1.4/2.7 MB
2026.04.04 22:15:35 INFO  Progress (1): 1.4/2.7 MB
2026.04.04 22:15:35 INFO  Progress (1): 1.5/2.7 MB
2026.04.04 22:15:35 INFO  Progress (1): 1.5/2.7 MB
2026.04.04 22:15:35 INFO  Progress (1): 1.5/2.7 MB
2026.04.04 22:15:35 INFO  Progress (1): 1.5/2.7 MB
2026.04.04 22:15:35 INFO  Progress (1): 1.5/2.7 MB
2026.04.04 22:15:35 INFO  Progress (1): 1.5/2.7 MB
2026.04.04 22:15:35 INFO  Progress (1): 1.6/2.7 MB
2026.04.04 22:15:35 INFO  Progress (1): 1.6/2.7 MB
2026.04.04 22:15:35 INFO  Progress (1): 1.6/2.7 MB
2026.04.04 22:15:35 INFO  Progress (1): 1.6/2.7 MB
2026.04.04 22:15:35 INFO  Progress (1): 1.6/2.7 MB
2026.04.04 22:15:35 INFO  Progress (1): 1.6/2.7 MB
2026.04.04 22:15:35 INFO  Progress (1): 1.7/2.7 MB
2026.04.04 22:15:35 INFO  Progress (1): 1.7/2.7 MB
2026.04.04 22:15:35 INFO  Progress (1): 1.7/2.7 MB
2026.04.04 22:15:35 INFO  Progress (1): 1.7/2.7 MB
2026.04.04 22:15:35 INFO  Progress (1): 1.7/2.7 MB
2026.04.04 22:15:35 INFO  Progress (1): 1.7/2.7 MB
2026.04.04 22:15:35 INFO  Progress (1): 1.8/2.7 MB
2026.04.04 22:15:35 INFO  Progress (1): 1.8/2.7 MB
2026.04.04 22:15:35 INFO  Progress (1): 1.8/2.7 MB
2026.04.04 22:15:35 INFO  Progress (1): 1.8/2.7 MB
2026.04.04 22:15:35 INFO  Progress (1): 1.8/2.7 MB
2026.04.04 22:15:35 INFO  Progress (1): 1.8/2.7 MB
2026.04.04 22:15:35 INFO  Progress (1): 1.9/2.7 MB
2026.04.04 22:15:35 INFO  Progress (1): 1.9/2.7 MB
2026.04.04 22:15:35 INFO  Progress (1): 1.9/2.7 MB
2026.04.04 22:15:35 INFO  Progress (1): 1.9/2.7 MB
2026.04.04 22:15:35 INFO  Progress (1): 1.9/2.7 MB
2026.04.04 22:15:35 INFO  Progress (1): 1.9/2.7 MB
2026.04.04 22:15:35 INFO  Progress (1): 1.9/2.7 MB
2026.04.04 22:15:35 INFO  Progress (1): 2.0/2.7 MB
2026.04.04 22:15:35 INFO  Progress (1): 2.0/2.7 MB
2026.04.04 22:15:35 INFO  Progress (1): 2.0/2.7 MB
2026.04.04 22:15:35 INFO  Progress (1): 2.0/2.7 MB
2026.04.04 22:15:35 INFO  Progress (1): 2.0/2.7 MB
2026.04.04 22:15:35 INFO  Progress (1): 2.0/2.7 MB
2026.04.04 22:15:35 INFO  Progress (1): 2.1/2.7 MB
2026.04.04 22:15:35 INFO  Progress (1): 2.1/2.7 MB
2026.04.04 22:15:35 INFO  Progress (1): 2.1/2.7 MB
2026.04.04 22:15:35 INFO  Progress (1): 2.1/2.7 MB
2026.04.04 22:15:35 INFO  Progress (1): 2.1/2.7 MB
2026.04.04 22:15:35 INFO  Progress (1): 2.1/2.7 MB
2026.04.04 22:15:35 INFO  Progress (1): 2.2/2.7 MB
2026.04.04 22:15:35 INFO  Progress (1): 2.2/2.7 MB
2026.04.04 22:15:35 INFO  Progress (1): 2.2/2.7 MB
2026.04.04 22:15:35 INFO  Progress (1): 2.2/2.7 MB
2026.04.04 22:15:35 INFO  Progress (1): 2.2/2.7 MB
2026.04.04 22:15:35 INFO  Progress (1): 2.2/2.7 MB
2026.04.04 22:15:35 INFO  Progress (1): 2.3/2.7 MB
2026.04.04 22:15:35 INFO  Progress (1): 2.3/2.7 MB
2026.04.04 22:15:35 INFO  Progress (1): 2.3/2.7 MB
2026.04.04 22:15:35 INFO  Progress (1): 2.3/2.7 MB
2026.04.04 22:15:35 INFO  Progress (1): 2.3/2.7 MB
2026.04.04 22:15:35 INFO  Progress (1): 2.3/2.7 MB
2026.04.04 22:15:35 INFO  Progress (1): 2.4/2.7 MB
2026.04.04 22:15:35 INFO  Progress (1): 2.4/2.7 MB
2026.04.04 22:15:35 INFO  Progress (1): 2.4/2.7 MB
2026.04.04 22:15:35 INFO  Progress (1): 2.4/2.7 MB
2026.04.04 22:15:35 INFO  Progress (1): 2.4/2.7 MB
2026.04.04 22:15:35 INFO  Progress (1): 2.4/2.7 MB
2026.04.04 22:15:35 INFO  Progress (1): 2.5/2.7 MB
2026.04.04 22:15:35 INFO  Progress (1): 2.5/2.7 MB
2026.04.04 22:15:35 INFO  Progress (1): 2.5/2.7 MB
2026.04.04 22:15:35 INFO  Progress (1): 2.5/2.7 MB
2026.04.04 22:15:35 INFO  Progress (1): 2.5/2.7 MB
2026.04.04 22:15:35 INFO  Progress (1): 2.5/2.7 MB
2026.04.04 22:15:35 INFO  Progress (1): 2.6/2.7 MB
2026.04.04 22:15:35 INFO  Progress (1): 2.6/2.7 MB
2026.04.04 22:15:35 INFO  Progress (1): 2.6/2.7 MB
2026.04.04 22:15:35 INFO  Progress (1): 2.6/2.7 MB
2026.04.04 22:15:35 INFO  Progress (1): 2.6/2.7 MB
2026.04.04 22:15:35 INFO  Progress (1): 2.6/2.7 MB
2026.04.04 22:15:35 INFO  Progress (1): 2.7/2.7 MB
2026.04.04 22:15:35 INFO  Progress (1): 2.7/2.7 MB
2026.04.04 22:15:35 INFO  Progress (1): 2.7/2.7 MB
2026.04.04 22:15:35 INFO  Progress (1): 2.7/2.7 MB
2026.04.04 22:15:35 INFO  Progress (1): 2.7 MB    
2026.04.04 22:15:35 INFO                      
2026.04.04 22:15:35 INFO  Downloaded from central: https://repo.maven.apache.org/maven2/net/bytebuddy/byte-buddy/1.17.8/byte-buddy-1.17.8-sources.jar (2.7 MB at 8.0 MB/s)
2026.04.04 22:15:35 INFO  [INFO] SUCCESS: net.bytebuddy:byte-buddy:jar:1.17.8:runtime (sources = true)
2026.04.04 22:15:35 INFO  [INFO] Resolving artifact: org.springframework.boot:spring-boot-web-server:jar:4.0.5:compile (sources = false)
2026.04.04 22:15:35 INFO  [INFO] SUCCESS: org.springframework.boot:spring-boot-web-server:jar:4.0.5:compile (sources = false)
2026.04.04 22:15:35 INFO  [INFO] Resolving artifact: org.springframework.boot:spring-boot-web-server:jar:4.0.5:compile (sources = true)
2026.04.04 22:15:35 INFO  Downloading from central: https://repo.maven.apache.org/maven2/org/springframework/boot/spring-boot-web-server/4.0.5/spring-boot-web-server-4.0.5-sources.jar
2026.04.04 22:15:35 INFO  Progress (1): 7.7/129 kB
2026.04.04 22:15:35 INFO  Progress (1): 16/129 kB 
2026.04.04 22:15:35 INFO  Progress (1): 32/129 kB
2026.04.04 22:15:35 INFO  Progress (1): 49/129 kB
2026.04.04 22:15:35 INFO  Progress (1): 57/129 kB
2026.04.04 22:15:35 INFO  Progress (1): 73/129 kB
2026.04.04 22:15:35 INFO  Progress (1): 90/129 kB
2026.04.04 22:15:35 INFO  Progress (1): 106/129 kB
2026.04.04 22:15:35 INFO  Progress (1): 122/129 kB
2026.04.04 22:15:35 INFO  Progress (1): 129 kB    
2026.04.04 22:15:35 INFO                      
2026.04.04 22:15:35 INFO  Downloaded from central: https://repo.maven.apache.org/maven2/org/springframework/boot/spring-boot-web-server/4.0.5/spring-boot-web-server-4.0.5-sources.jar (129 kB at 880 kB/s)
2026.04.04 22:15:35 INFO  [INFO] SUCCESS: org.springframework.boot:spring-boot-web-server:jar:4.0.5:compile (sources = true)
2026.04.04 22:15:35 INFO  [INFO] Resolving artifact: jakarta.activation:jakarta.activation-api:jar:2.1.4:runtime (sources = false)
2026.04.04 22:15:35 INFO  [INFO] SUCCESS: jakarta.activation:jakarta.activation-api:jar:2.1.4:runtime (sources = false)
2026.04.04 22:15:35 INFO  [INFO] Resolving artifact: jakarta.activation:jakarta.activation-api:jar:2.1.4:runtime (sources = true)
2026.04.04 22:15:35 INFO  Downloading from central: https://repo.maven.apache.org/maven2/jakarta/activation/jakarta.activation-api/2.1.4/jakarta.activation-api-2.1.4-sources.jar
2026.04.04 22:15:35 INFO  Progress (1): 7.7/60 kB
2026.04.04 22:15:35 INFO  Progress (1): 16/60 kB 
2026.04.04 22:15:35 INFO  Progress (1): 16/60 kB
2026.04.04 22:15:35 INFO  Progress (1): 25/60 kB
2026.04.04 22:15:35 INFO  Progress (1): 41/60 kB
2026.04.04 22:15:35 INFO  Progress (1): 57/60 kB
2026.04.04 22:15:35 INFO  Progress (1): 60 kB   
2026.04.04 22:15:35 INFO                     
2026.04.04 22:15:35 INFO  Downloaded from central: https://repo.maven.apache.org/maven2/jakarta/activation/jakarta.activation-api/2.1.4/jakarta.activation-api-2.1.4-sources.jar (60 kB at 673 kB/s)
2026.04.04 22:15:35 INFO  [INFO] SUCCESS: jakarta.activation:jakarta.activation-api:jar:2.1.4:runtime (sources = true)
2026.04.04 22:15:35 INFO  [INFO] Resolving artifact: org.springframework:spring-webmvc:jar:7.0.6:compile (sources = false)
2026.04.04 22:15:35 INFO  [INFO] SUCCESS: org.springframework:spring-webmvc:jar:7.0.6:compile (sources = false)
2026.04.04 22:15:35 INFO  [INFO] Resolving artifact: org.springframework:spring-webmvc:jar:7.0.6:compile (sources = true)
2026.04.04 22:15:35 INFO  Downloading from central: https://repo.maven.apache.org/maven2/org/springframework/spring-webmvc/7.0.6/spring-webmvc-7.0.6-sources.jar
2026.04.04 22:15:35 INFO  Progress (1): 7.7/857 kB
2026.04.04 22:15:35 INFO  Progress (1): 16/857 kB 
2026.04.04 22:15:35 INFO  Progress (1): 24/857 kB
2026.04.04 22:15:35 INFO  Progress (1): 40/857 kB
2026.04.04 22:15:35 INFO  Progress (1): 57/857 kB
2026.04.04 22:15:35 INFO  Progress (1): 73/857 kB
2026.04.04 22:15:35 INFO  Progress (1): 90/857 kB
2026.04.04 22:15:35 INFO  Progress (1): 98/857 kB
2026.04.04 22:15:35 INFO  Progress (1): 115/857 kB
2026.04.04 22:15:35 INFO  Progress (1): 131/857 kB
2026.04.04 22:15:35 INFO  Progress (1): 147/857 kB
2026.04.04 22:15:35 INFO  Progress (1): 164/857 kB
2026.04.04 22:15:35 INFO  Progress (1): 180/857 kB
2026.04.04 22:15:35 INFO  Progress (1): 197/857 kB
2026.04.04 22:15:35 INFO  Progress (1): 213/857 kB
2026.04.04 22:15:35 INFO  Progress (1): 229/857 kB
2026.04.04 22:15:35 INFO  Progress (1): 246/857 kB
2026.04.04 22:15:35 INFO  Progress (1): 262/857 kB
2026.04.04 22:15:35 INFO  Progress (1): 279/857 kB
2026.04.04 22:15:35 INFO  Progress (1): 295/857 kB
2026.04.04 22:15:35 INFO  Progress (1): 311/857 kB
2026.04.04 22:15:35 INFO  Progress (1): 328/857 kB
2026.04.04 22:15:35 INFO  Progress (1): 344/857 kB
2026.04.04 22:15:35 INFO  Progress (1): 360/857 kB
2026.04.04 22:15:35 INFO  Progress (1): 377/857 kB
2026.04.04 22:15:35 INFO  Progress (1): 393/857 kB
2026.04.04 22:15:35 INFO  Progress (1): 410/857 kB
2026.04.04 22:15:35 INFO  Progress (1): 426/857 kB
2026.04.04 22:15:35 INFO  Progress (1): 442/857 kB
2026.04.04 22:15:35 INFO  Progress (1): 459/857 kB
2026.04.04 22:15:35 INFO  Progress (1): 475/857 kB
2026.04.04 22:15:35 INFO  Progress (1): 492/857 kB
2026.04.04 22:15:35 INFO  Progress (1): 508/857 kB
2026.04.04 22:15:35 INFO  Progress (1): 524/857 kB
2026.04.04 22:15:35 INFO  Progress (1): 541/857 kB
2026.04.04 22:15:35 INFO  Progress (1): 557/857 kB
2026.04.04 22:15:35 INFO  Progress (1): 573/857 kB
2026.04.04 22:15:35 INFO  Progress (1): 590/857 kB
2026.04.04 22:15:35 INFO  Progress (1): 606/857 kB
2026.04.04 22:15:35 INFO  Progress (1): 623/857 kB
2026.04.04 22:15:35 INFO  Progress (1): 639/857 kB
2026.04.04 22:15:35 INFO  Progress (1): 655/857 kB
2026.04.04 22:15:35 INFO  Progress (1): 672/857 kB
2026.04.04 22:15:35 INFO  Progress (1): 688/857 kB
2026.04.04 22:15:35 INFO  Progress (1): 705/857 kB
2026.04.04 22:15:35 INFO  Progress (1): 721/857 kB
2026.04.04 22:15:35 INFO  Progress (1): 737/857 kB
2026.04.04 22:15:35 INFO  Progress (1): 754/857 kB
2026.04.04 22:15:35 INFO  Progress (1): 770/857 kB
2026.04.04 22:15:35 INFO  Progress (1): 786/857 kB
2026.04.04 22:15:35 INFO  Progress (1): 803/857 kB
2026.04.04 22:15:35 INFO  Progress (1): 819/857 kB
2026.04.04 22:15:35 INFO  Progress (1): 836/857 kB
2026.04.04 22:15:35 INFO  Progress (1): 852/857 kB
2026.04.04 22:15:35 INFO  Progress (1): 857 kB    
2026.04.04 22:15:35 INFO                      
2026.04.04 22:15:35 INFO  Downloaded from central: https://repo.maven.apache.org/maven2/org/springframework/spring-webmvc/7.0.6/spring-webmvc-7.0.6-sources.jar (857 kB at 5.4 MB/s)
2026.04.04 22:15:35 INFO  [INFO] SUCCESS: org.springframework:spring-webmvc:jar:7.0.6:compile (sources = true)
2026.04.04 22:15:35 INFO  [INFO] Resolving artifact: org.springframework.boot:spring-boot-starter-data-jpa-test:jar:4.0.5:test (sources = false)
2026.04.04 22:15:35 INFO  [INFO] SUCCESS: org.springframework.boot:spring-boot-starter-data-jpa-test:jar:4.0.5:test (sources = false)
2026.04.04 22:15:35 INFO  [INFO] Resolving artifact: org.springframework.boot:spring-boot-starter-data-jpa-test:jar:4.0.5:test (sources = true)
2026.04.04 22:15:35 INFO  Downloading from central: https://repo.maven.apache.org/maven2/org/springframework/boot/spring-boot-starter-data-jpa-test/4.0.5/spring-boot-starter-data-jpa-test-4.0.5-sources.jar
2026.04.04 22:15:36 INFO  Progress (1): 3.4/4.8 kB
2026.04.04 22:15:36 INFO  Progress (1): 4.8 kB    
2026.04.04 22:15:36 INFO                      
2026.04.04 22:15:36 INFO  Downloaded from central: https://repo.maven.apache.org/maven2/org/springframework/boot/spring-boot-starter-data-jpa-test/4.0.5/spring-boot-starter-data-jpa-test-4.0.5-sources.jar (4.8 kB at 48 kB/s)
2026.04.04 22:15:36 INFO  [INFO] SUCCESS: org.springframework.boot:spring-boot-starter-data-jpa-test:jar:4.0.5:test (sources = true)
2026.04.04 22:15:36 INFO  [INFO] Resolving artifact: org.springframework.boot:spring-boot-starter-jdbc-test:jar:4.0.5:test (sources = false)
2026.04.04 22:15:36 INFO  [INFO] SUCCESS: org.springframework.boot:spring-boot-starter-jdbc-test:jar:4.0.5:test (sources = false)
2026.04.04 22:15:36 INFO  [INFO] Resolving artifact: org.springframework.boot:spring-boot-starter-jdbc-test:jar:4.0.5:test (sources = true)
2026.04.04 22:15:36 INFO  Downloading from central: https://repo.maven.apache.org/maven2/org/springframework/boot/spring-boot-starter-jdbc-test/4.0.5/spring-boot-starter-jdbc-test-4.0.5-sources.jar
2026.04.04 22:15:36 INFO  Progress (1): 4.8 kB
2026.04.04 22:15:36 INFO                      
2026.04.04 22:15:36 INFO  Downloaded from central: https://repo.maven.apache.org/maven2/org/springframework/boot/spring-boot-starter-jdbc-test/4.0.5/spring-boot-starter-jdbc-test-4.0.5-sources.jar (4.8 kB at 102 kB/s)
2026.04.04 22:15:36 INFO  [INFO] SUCCESS: org.springframework.boot:spring-boot-starter-jdbc-test:jar:4.0.5:test (sources = true)
2026.04.04 22:15:36 INFO  [INFO] Resolving artifact: org.apiguardian:apiguardian-api:jar:1.1.2:test (sources = false)
2026.04.04 22:15:36 INFO  [INFO] SUCCESS: org.apiguardian:apiguardian-api:jar:1.1.2:test (sources = false)
2026.04.04 22:15:36 INFO  [INFO] Resolving artifact: org.apiguardian:apiguardian-api:jar:1.1.2:test (sources = true)
2026.04.04 22:15:36 INFO  Downloading from central: https://repo.maven.apache.org/maven2/org/apiguardian/apiguardian-api/1.1.2/apiguardian-api-1.1.2-sources.jar
2026.04.04 22:15:36 INFO  Progress (1): 6.6 kB
2026.04.04 22:15:36 INFO                      
2026.04.04 22:15:36 INFO  Downloaded from central: https://repo.maven.apache.org/maven2/org/apiguardian/apiguardian-api/1.1.2/apiguardian-api-1.1.2-sources.jar (6.6 kB at 40 kB/s)
2026.04.04 22:15:36 INFO  [INFO] SUCCESS: org.apiguardian:apiguardian-api:jar:1.1.2:test (sources = true)
2026.04.04 22:15:36 INFO  [INFO] Resolving artifact: org.springframework.boot:spring-boot-jdbc:jar:4.0.5:compile (sources = false)
2026.04.04 22:15:36 INFO  [INFO] SUCCESS: org.springframework.boot:spring-boot-jdbc:jar:4.0.5:compile (sources = false)
2026.04.04 22:15:36 INFO  [INFO] Resolving artifact: org.springframework.boot:spring-boot-jdbc:jar:4.0.5:compile (sources = true)
2026.04.04 22:15:36 INFO  Downloading from central: https://repo.maven.apache.org/maven2/org/springframework/boot/spring-boot-jdbc/4.0.5/spring-boot-jdbc-4.0.5-sources.jar
2026.04.04 22:15:36 INFO  Progress (1): 7.7/116 kB
2026.04.04 22:15:36 INFO  Progress (1): 7.7/116 kB
2026.04.04 22:15:36 INFO  Progress (1): 24/116 kB 
2026.04.04 22:15:36 INFO  Progress (1): 40/116 kB
2026.04.04 22:15:36 INFO  Progress (1): 49/116 kB
2026.04.04 22:15:36 INFO  Progress (1): 66/116 kB
2026.04.04 22:15:36 INFO  Progress (1): 82/116 kB
2026.04.04 22:15:36 INFO  Progress (1): 98/116 kB
2026.04.04 22:15:36 INFO  Progress (1): 115/116 kB
2026.04.04 22:15:36 INFO  Progress (1): 116 kB    
2026.04.04 22:15:36 INFO                      
2026.04.04 22:15:36 INFO  Downloaded from central: https://repo.maven.apache.org/maven2/org/springframework/boot/spring-boot-jdbc/4.0.5/spring-boot-jdbc-4.0.5-sources.jar (116 kB at 635 kB/s)
2026.04.04 22:15:36 INFO  [INFO] SUCCESS: org.springframework.boot:spring-boot-jdbc:jar:4.0.5:compile (sources = true)
2026.04.04 22:15:36 INFO  [INFO] Resolving artifact: org.projectlombok:lombok:jar:1.18.44:compile (sources = false)
2026.04.04 22:15:36 INFO  [INFO] SUCCESS: org.projectlombok:lombok:jar:1.18.44:compile (sources = false)
2026.04.04 22:15:36 INFO  [INFO] Resolving artifact: org.projectlombok:lombok:jar:1.18.44:compile (sources = true)
2026.04.04 22:15:36 INFO  Downloading from central: https://repo.maven.apache.org/maven2/org/projectlombok/lombok/1.18.44/lombok-1.18.44-sources.jar
2026.04.04 22:15:36 INFO  Progress (1): 0/1.0 MB
2026.04.04 22:15:36 INFO  Progress (1): 0/1.0 MB
2026.04.04 22:15:36 INFO  Progress (1): 0/1.0 MB
2026.04.04 22:15:36 INFO  Progress (1): 0/1.0 MB
2026.04.04 22:15:36 INFO  Progress (1): 0.1/1.0 MB
2026.04.04 22:15:36 INFO  Progress (1): 0.1/1.0 MB
2026.04.04 22:15:36 INFO  Progress (1): 0.1/1.0 MB
2026.04.04 22:15:36 INFO  Progress (1): 0.1/1.0 MB
2026.04.04 22:15:36 INFO  Progress (1): 0.1/1.0 MB
2026.04.04 22:15:36 INFO  Progress (1): 0.1/1.0 MB
2026.04.04 22:15:36 INFO  Progress (1): 0.2/1.0 MB
2026.04.04 22:15:36 INFO  Progress (1): 0.2/1.0 MB
2026.04.04 22:15:36 INFO  Progress (1): 0.2/1.0 MB
2026.04.04 22:15:36 INFO  Progress (1): 0.2/1.0 MB
2026.04.04 22:15:36 INFO  Progress (1): 0.2/1.0 MB
2026.04.04 22:15:36 INFO  Progress (1): 0.2/1.0 MB
2026.04.04 22:15:36 INFO  Progress (1): 0.3/1.0 MB
2026.04.04 22:15:36 INFO  Progress (1): 0.3/1.0 MB
2026.04.04 22:15:36 INFO  Progress (1): 0.3/1.0 MB
2026.04.04 22:15:36 INFO  Progress (1): 0.3/1.0 MB
2026.04.04 22:15:36 INFO  Progress (1): 0.3/1.0 MB
2026.04.04 22:15:36 INFO  Progress (1): 0.3/1.0 MB
2026.04.04 22:15:36 INFO  Progress (1): 0.4/1.0 MB
2026.04.04 22:15:36 INFO  Progress (1): 0.4/1.0 MB
2026.04.04 22:15:36 INFO  Progress (1): 0.4/1.0 MB
2026.04.04 22:15:36 INFO  Progress (1): 0.4/1.0 MB
2026.04.04 22:15:36 INFO  Progress (1): 0.4/1.0 MB
2026.04.04 22:15:36 INFO  Progress (1): 0.4/1.0 MB
2026.04.04 22:15:36 INFO  Progress (1): 0.5/1.0 MB
2026.04.04 22:15:36 INFO  Progress (1): 0.5/1.0 MB
2026.04.04 22:15:36 INFO  Progress (1): 0.5/1.0 MB
2026.04.04 22:15:36 INFO  Progress (1): 0.5/1.0 MB
2026.04.04 22:15:36 INFO  Progress (1): 0.5/1.0 MB
2026.04.04 22:15:36 INFO  Progress (1): 0.5/1.0 MB
2026.04.04 22:15:36 INFO  Progress (1): 0.5/1.0 MB
2026.04.04 22:15:36 INFO  Progress (1): 0.6/1.0 MB
2026.04.04 22:15:36 INFO  Progress (1): 0.6/1.0 MB
2026.04.04 22:15:36 INFO  Progress (1): 0.6/1.0 MB
2026.04.04 22:15:36 INFO  Progress (1): 0.6/1.0 MB
2026.04.04 22:15:36 INFO  Progress (1): 0.6/1.0 MB
2026.04.04 22:15:36 INFO  Progress (1): 0.6/1.0 MB
2026.04.04 22:15:36 INFO  Progress (1): 0.7/1.0 MB
2026.04.04 22:15:36 INFO  Progress (1): 0.7/1.0 MB
2026.04.04 22:15:36 INFO  Progress (1): 0.7/1.0 MB
2026.04.04 22:15:36 INFO  Progress (1): 0.7/1.0 MB
2026.04.04 22:15:36 INFO  Progress (1): 0.7/1.0 MB
2026.04.04 22:15:36 INFO  Progress (1): 0.7/1.0 MB
2026.04.04 22:15:36 INFO  Progress (1): 0.7/1.0 MB
2026.04.04 22:15:36 INFO  Progress (1): 0.8/1.0 MB
2026.04.04 22:15:36 INFO  Progress (1): 0.8/1.0 MB
2026.04.04 22:15:36 INFO  Progress (1): 0.8/1.0 MB
2026.04.04 22:15:36 INFO  Progress (1): 0.8/1.0 MB
2026.04.04 22:15:36 INFO  Progress (1): 0.8/1.0 MB
2026.04.04 22:15:36 INFO  Progress (1): 0.8/1.0 MB
2026.04.04 22:15:36 INFO  Progress (1): 0.9/1.0 MB
2026.04.04 22:15:36 INFO  Progress (1): 0.9/1.0 MB
2026.04.04 22:15:36 INFO  Progress (1): 0.9/1.0 MB
2026.04.04 22:15:36 INFO  Progress (1): 0.9/1.0 MB
2026.04.04 22:15:36 INFO  Progress (1): 0.9/1.0 MB
2026.04.04 22:15:36 INFO  Progress (1): 0.9/1.0 MB
2026.04.04 22:15:36 INFO  Progress (1): 1.0/1.0 MB
2026.04.04 22:15:36 INFO  Progress (1): 1.0/1.0 MB
2026.04.04 22:15:36 INFO  Progress (1): 1.0/1.0 MB
2026.04.04 22:15:36 INFO  Progress (1): 1.0/1.0 MB
2026.04.04 22:15:36 INFO  Progress (1): 1.0/1.0 MB
2026.04.04 22:15:36 INFO  Progress (1): 1.0 MB    
2026.04.04 22:15:36 INFO                      
2026.04.04 22:15:36 INFO  Downloaded from central: https://repo.maven.apache.org/maven2/org/projectlombok/lombok/1.18.44/lombok-1.18.44-sources.jar (1.0 MB at 6.7 MB/s)
2026.04.04 22:15:36 INFO  [INFO] SUCCESS: org.projectlombok:lombok:jar:1.18.44:compile (sources = true)
2026.04.04 22:15:36 INFO  [INFO] Resolving artifact: org.springframework.boot:spring-boot-transaction:jar:4.0.5:compile (sources = false)
2026.04.04 22:15:36 INFO  [INFO] SUCCESS: org.springframework.boot:spring-boot-transaction:jar:4.0.5:compile (sources = false)
2026.04.04 22:15:36 INFO  [INFO] Resolving artifact: org.springframework.boot:spring-boot-transaction:jar:4.0.5:compile (sources = true)
2026.04.04 22:15:36 INFO  Downloading from central: https://repo.maven.apache.org/maven2/org/springframework/boot/spring-boot-transaction/4.0.5/spring-boot-transaction-4.0.5-sources.jar
2026.04.04 22:15:36 INFO  Progress (1): 7.7/16 kB
2026.04.04 22:15:36 INFO  Progress (1): 8.2/16 kB
2026.04.04 22:15:36 INFO  Progress (1): 16 kB    
2026.04.04 22:15:37 INFO                     
2026.04.04 22:15:37 INFO  Downloaded from central: https://repo.maven.apache.org/maven2/org/springframework/boot/spring-boot-transaction/4.0.5/spring-boot-transaction-4.0.5-sources.jar (16 kB at 42 kB/s)
2026.04.04 22:15:37 INFO  [INFO] SUCCESS: org.springframework.boot:spring-boot-transaction:jar:4.0.5:compile (sources = true)
2026.04.04 22:15:37 INFO  [INFO] Resolving artifact: org.junit.platform:junit-platform-engine:jar:6.0.3:test (sources = false)
2026.04.04 22:15:37 INFO  [INFO] SUCCESS: org.junit.platform:junit-platform-engine:jar:6.0.3:test (sources = false)
2026.04.04 22:15:37 INFO  [INFO] Resolving artifact: org.junit.platform:junit-platform-engine:jar:6.0.3:test (sources = true)
2026.04.04 22:15:37 INFO  Downloading from central: https://repo.maven.apache.org/maven2/org/junit/platform/junit-platform-engine/6.0.3/junit-platform-engine-6.0.3-sources.jar
2026.04.04 22:15:37 INFO  Progress (1): 8.2/175 kB
2026.04.04 22:15:37 INFO  Progress (1): 16/175 kB 
2026.04.04 22:15:37 INFO  Progress (1): 33/175 kB
2026.04.04 22:15:37 INFO  Progress (1): 49/175 kB
2026.04.04 22:15:37 INFO  Progress (1): 57/175 kB
2026.04.04 22:15:37 INFO  Progress (1): 66/175 kB
2026.04.04 22:15:37 INFO  Progress (1): 74/175 kB
2026.04.04 22:15:37 INFO  Progress (1): 90/175 kB
2026.04.04 22:15:37 INFO  Progress (1): 98/175 kB
2026.04.04 22:15:37 INFO  Progress (1): 115/175 kB
2026.04.04 22:15:37 INFO  Progress (1): 123/175 kB
2026.04.04 22:15:37 INFO  Progress (1): 139/175 kB
2026.04.04 22:15:37 INFO  Progress (1): 147/175 kB
2026.04.04 22:15:37 INFO  Progress (1): 156/175 kB
2026.04.04 22:15:37 INFO  Progress (1): 172/175 kB
2026.04.04 22:15:37 INFO  Progress (1): 175 kB    
2026.04.04 22:15:37 INFO                      
2026.04.04 22:15:37 INFO  Downloaded from central: https://repo.maven.apache.org/maven2/org/junit/platform/junit-platform-engine/6.0.3/junit-platform-engine-6.0.3-sources.jar (175 kB at 1.3 MB/s)
2026.04.04 22:15:37 INFO  [INFO] SUCCESS: org.junit.platform:junit-platform-engine:jar:6.0.3:test (sources = true)
2026.04.04 22:15:37 INFO  [INFO] Resolving artifact: org.yaml:snakeyaml:jar:2.5:compile (sources = false)
2026.04.04 22:15:37 INFO  [INFO] SUCCESS: org.yaml:snakeyaml:jar:2.5:compile (sources = false)
2026.04.04 22:15:37 INFO  [INFO] Resolving artifact: org.yaml:snakeyaml:jar:2.5:compile (sources = true)
2026.04.04 22:15:37 INFO  Downloading from central: https://repo.maven.apache.org/maven2/org/yaml/snakeyaml/2.5/snakeyaml-2.5-sources.jar
2026.04.04 22:15:37 INFO  Progress (1): 7.7/210 kB
2026.04.04 22:15:37 INFO  Progress (1): 16/210 kB 
2026.04.04 22:15:37 INFO  Progress (1): 25/210 kB
2026.04.04 22:15:37 INFO  Progress (1): 41/210 kB
2026.04.04 22:15:37 INFO  Progress (1): 57/210 kB
2026.04.04 22:15:37 INFO  Progress (1): 74/210 kB
2026.04.04 22:15:37 INFO  Progress (1): 90/210 kB
2026.04.04 22:15:37 INFO  Progress (1): 93/210 kB
2026.04.04 22:15:37 INFO  Progress (1): 110/210 kB
2026.04.04 22:15:37 INFO  Progress (1): 126/210 kB
2026.04.04 22:15:37 INFO  Progress (1): 139/210 kB
2026.04.04 22:15:37 INFO  Progress (1): 147/210 kB
2026.04.04 22:15:37 INFO  Progress (1): 164/210 kB
2026.04.04 22:15:37 INFO  Progress (1): 172/210 kB
2026.04.04 22:15:37 INFO  Progress (1): 188/210 kB
2026.04.04 22:15:37 INFO  Progress (1): 205/210 kB
2026.04.04 22:15:37 INFO  Progress (1): 210 kB    
2026.04.04 22:15:37 INFO                      
2026.04.04 22:15:37 INFO  Downloaded from central: https://repo.maven.apache.org/maven2/org/yaml/snakeyaml/2.5/snakeyaml-2.5-sources.jar (210 kB at 2.2 MB/s)
2026.04.04 22:15:37 INFO  [INFO] SUCCESS: org.yaml:snakeyaml:jar:2.5:compile (sources = true)
2026.04.04 22:15:37 INFO  [INFO] Resolving artifact: org.eclipse.angus:angus-activation:jar:2.0.3:runtime (sources = false)
2026.04.04 22:15:37 INFO  [INFO] SUCCESS: org.eclipse.angus:angus-activation:jar:2.0.3:runtime (sources = false)
2026.04.04 22:15:37 INFO  [INFO] Resolving artifact: org.eclipse.angus:angus-activation:jar:2.0.3:runtime (sources = true)
2026.04.04 22:15:37 INFO  Downloading from central: https://repo.maven.apache.org/maven2/org/eclipse/angus/angus-activation/2.0.3/angus-activation-2.0.3-sources.jar
2026.04.04 22:15:37 INFO  Progress (1): 7.7/22 kB
2026.04.04 22:15:37 INFO  Progress (1): 8.2/22 kB
2026.04.04 22:15:37 INFO  Progress (1): 22 kB    
2026.04.04 22:15:37 INFO                     
2026.04.04 22:15:37 INFO  Downloaded from central: https://repo.maven.apache.org/maven2/org/eclipse/angus/angus-activation/2.0.3/angus-activation-2.0.3-sources.jar (22 kB at 46 kB/s)
2026.04.04 22:15:37 INFO  [INFO] SUCCESS: org.eclipse.angus:angus-activation:jar:2.0.3:runtime (sources = true)
2026.04.04 22:15:37 INFO  [INFO] Resolving artifact: com.vaadin.external.google:android-json:jar:0.0.20131108.vaadin1:test (sources = false)
2026.04.04 22:15:37 INFO  [INFO] SUCCESS: com.vaadin.external.google:android-json:jar:0.0.20131108.vaadin1:test (sources = false)
2026.04.04 22:15:37 INFO  [INFO] Resolving artifact: com.vaadin.external.google:android-json:jar:0.0.20131108.vaadin1:test (sources = true)
2026.04.04 22:15:37 INFO  Downloading from central: https://repo.maven.apache.org/maven2/com/vaadin/external/google/android-json/0.0.20131108.vaadin1/android-json-0.0.20131108.vaadin1-sources.jar
2026.04.04 22:15:37 INFO  Progress (1): 7.7/22 kB
2026.04.04 22:15:37 INFO  Progress (1): 16/22 kB 
2026.04.04 22:15:37 INFO  Progress (1): 22 kB   
2026.04.04 22:15:37 INFO                     
2026.04.04 22:15:37 INFO  Downloaded from central: https://repo.maven.apache.org/maven2/com/vaadin/external/google/android-json/0.0.20131108.vaadin1/android-json-0.0.20131108.vaadin1-sources.jar (22 kB at 256 kB/s)
2026.04.04 22:15:37 INFO  [INFO] SUCCESS: com.vaadin.external.google:android-json:jar:0.0.20131108.vaadin1:test (sources = true)
2026.04.04 22:15:37 INFO  [INFO] Resolving artifact: net.bytebuddy:byte-buddy-agent:jar:1.17.8:test (sources = false)
2026.04.04 22:15:37 INFO  [INFO] SUCCESS: net.bytebuddy:byte-buddy-agent:jar:1.17.8:test (sources = false)
2026.04.04 22:15:37 INFO  [INFO] Resolving artifact: net.bytebuddy:byte-buddy-agent:jar:1.17.8:test (sources = true)
2026.04.04 22:15:37 INFO  Downloading from central: https://repo.maven.apache.org/maven2/net/bytebuddy/byte-buddy-agent/1.17.8/byte-buddy-agent-1.17.8-sources.jar
2026.04.04 22:15:37 INFO  Progress (1): 7.7/250 kB
2026.04.04 22:15:37 INFO  Progress (1): 16/250 kB 
2026.04.04 22:15:37 INFO  Progress (1): 25/250 kB
2026.04.04 22:15:37 INFO  Progress (1): 41/250 kB
2026.04.04 22:15:37 INFO  Progress (1): 57/250 kB
2026.04.04 22:15:37 INFO  Progress (1): 74/250 kB
2026.04.04 22:15:37 INFO  Progress (1): 90/250 kB
2026.04.04 22:15:37 INFO  Progress (1): 106/250 kB
2026.04.04 22:15:37 INFO  Progress (1): 115/250 kB
2026.04.04 22:15:37 INFO  Progress (1): 123/250 kB
2026.04.04 22:15:37 INFO  Progress (1): 139/250 kB
2026.04.04 22:15:37 INFO  Progress (1): 147/250 kB
2026.04.04 22:15:37 INFO  Progress (1): 164/250 kB
2026.04.04 22:15:37 INFO  Progress (1): 172/250 kB
2026.04.04 22:15:37 INFO  Progress (1): 188/250 kB
2026.04.04 22:15:37 INFO  Progress (1): 197/250 kB
2026.04.04 22:15:37 INFO  Progress (1): 205/250 kB
2026.04.04 22:15:37 INFO  Progress (1): 221/250 kB
2026.04.04 22:15:37 INFO  Progress (1): 238/250 kB
2026.04.04 22:15:37 INFO  Progress (1): 250 kB    
2026.04.04 22:15:38 INFO                      
2026.04.04 22:15:38 INFO  Downloaded from central: https://repo.maven.apache.org/maven2/net/bytebuddy/byte-buddy-agent/1.17.8/byte-buddy-agent-1.17.8-sources.jar (250 kB at 844 kB/s)
2026.04.04 22:15:38 INFO  [INFO] SUCCESS: net.bytebuddy:byte-buddy-agent:jar:1.17.8:test (sources = true)
2026.04.04 22:15:38 INFO  [INFO] Generated .bloop\demo.json
2026.04.04 22:15:38 INFO  [INFO] Resolving artifact: com.jayway.jsonpath:json-path:jar:2.10.0:test (sources = false)
2026.04.04 22:15:38 INFO  [INFO] SUCCESS: com.jayway.jsonpath:json-path:jar:2.10.0:test (sources = false)
2026.04.04 22:15:38 INFO  [INFO] Resolving artifact: com.jayway.jsonpath:json-path:jar:2.10.0:test (sources = true)
2026.04.04 22:15:38 INFO  [INFO] SUCCESS: com.jayway.jsonpath:json-path:jar:2.10.0:test (sources = true)
2026.04.04 22:15:38 INFO  [INFO] Resolving artifact: org.hamcrest:hamcrest:jar:3.0:test (sources = false)
2026.04.04 22:15:38 INFO  [INFO] SUCCESS: org.hamcrest:hamcrest:jar:3.0:test (sources = false)
2026.04.04 22:15:38 INFO  [INFO] Resolving artifact: org.hamcrest:hamcrest:jar:3.0:test (sources = true)
2026.04.04 22:15:38 INFO  [INFO] SUCCESS: org.hamcrest:hamcrest:jar:3.0:test (sources = true)
2026.04.04 22:15:38 INFO  [INFO] Resolving artifact: org.springframework.boot:spring-boot-starter:jar:4.0.5:compile (sources = false)
2026.04.04 22:15:38 INFO  [INFO] SUCCESS: org.springframework.boot:spring-boot-starter:jar:4.0.5:compile (sources = false)
2026.04.04 22:15:38 INFO  [INFO] Resolving artifact: org.springframework.boot:spring-boot-starter:jar:4.0.5:compile (sources = true)
2026.04.04 22:15:38 INFO  [INFO] SUCCESS: org.springframework.boot:spring-boot-starter:jar:4.0.5:compile (sources = true)
2026.04.04 22:15:38 INFO  [INFO] Resolving artifact: org.springframework.boot:spring-boot-sql:jar:4.0.5:compile (sources = false)
2026.04.04 22:15:38 INFO  [INFO] SUCCESS: org.springframework.boot:spring-boot-sql:jar:4.0.5:compile (sources = false)
2026.04.04 22:15:38 INFO  [INFO] Resolving artifact: org.springframework.boot:spring-boot-sql:jar:4.0.5:compile (sources = true)
2026.04.04 22:15:38 INFO  [INFO] SUCCESS: org.springframework.boot:spring-boot-sql:jar:4.0.5:compile (sources = true)
2026.04.04 22:15:38 INFO  [INFO] Resolving artifact: com.sun.istack:istack-commons-runtime:jar:4.1.2:runtime (sources = false)
2026.04.04 22:15:38 INFO  [INFO] SUCCESS: com.sun.istack:istack-commons-runtime:jar:4.1.2:runtime (sources = false)
2026.04.04 22:15:38 INFO  [INFO] Resolving artifact: com.sun.istack:istack-commons-runtime:jar:4.1.2:runtime (sources = true)
2026.04.04 22:15:38 INFO  [INFO] SUCCESS: com.sun.istack:istack-commons-runtime:jar:4.1.2:runtime (sources = true)
2026.04.04 22:15:38 INFO  [INFO] Resolving artifact: io.micrometer:micrometer-commons:jar:1.16.4:compile (sources = false)
2026.04.04 22:15:38 INFO  [INFO] SUCCESS: io.micrometer:micrometer-commons:jar:1.16.4:compile (sources = false)
2026.04.04 22:15:38 INFO  [INFO] Resolving artifact: io.micrometer:micrometer-commons:jar:1.16.4:compile (sources = true)
2026.04.04 22:15:38 INFO  [INFO] SUCCESS: io.micrometer:micrometer-commons:jar:1.16.4:compile (sources = true)
2026.04.04 22:15:38 INFO  [INFO] Resolving artifact: org.slf4j:slf4j-api:jar:2.0.17:compile (sources = false)
2026.04.04 22:15:38 INFO  [INFO] SUCCESS: org.slf4j:slf4j-api:jar:2.0.17:compile (sources = false)
2026.04.04 22:15:38 INFO  [INFO] Resolving artifact: org.slf4j:slf4j-api:jar:2.0.17:compile (sources = true)
2026.04.04 22:15:38 INFO  [INFO] SUCCESS: org.slf4j:slf4j-api:jar:2.0.17:compile (sources = true)
2026.04.04 22:15:38 INFO  [INFO] Resolving artifact: org.jspecify:jspecify:jar:1.0.0:compile (sources = false)
2026.04.04 22:15:38 INFO  [INFO] SUCCESS: org.jspecify:jspecify:jar:1.0.0:compile (sources = false)
2026.04.04 22:15:38 INFO  [INFO] Resolving artifact: org.jspecify:jspecify:jar:1.0.0:compile (sources = true)
2026.04.04 22:15:38 INFO  [INFO] SUCCESS: org.jspecify:jspecify:jar:1.0.0:compile (sources = true)
2026.04.04 22:15:38 INFO  [INFO] Resolving artifact: com.fasterxml.jackson.core:jackson-annotations:jar:2.21:compile (sources = false)
2026.04.04 22:15:38 INFO  [INFO] SUCCESS: com.fasterxml.jackson.core:jackson-annotations:jar:2.21:compile (sources = false)
2026.04.04 22:15:38 INFO  [INFO] Resolving artifact: com.fasterxml.jackson.core:jackson-annotations:jar:2.21:compile (sources = true)
2026.04.04 22:15:38 INFO  [INFO] SUCCESS: com.fasterxml.jackson.core:jackson-annotations:jar:2.21:compile (sources = true)
2026.04.04 22:15:38 INFO  [INFO] Resolving artifact: org.springframework.boot:spring-boot-data-jpa:jar:4.0.5:compile (sources = false)
2026.04.04 22:15:38 INFO  [INFO] SUCCESS: org.springframework.boot:spring-boot-data-jpa:jar:4.0.5:compile (sources = false)
2026.04.04 22:15:38 INFO  [INFO] Resolving artifact: org.springframework.boot:spring-boot-data-jpa:jar:4.0.5:compile (sources = true)
2026.04.04 22:15:38 INFO  [INFO] SUCCESS: org.springframework.boot:spring-boot-data-jpa:jar:4.0.5:compile (sources = true)
2026.04.04 22:15:38 INFO  [INFO] Resolving artifact: org.jboss.logging:jboss-logging:jar:3.6.3.Final:runtime (sources = false)
2026.04.04 22:15:38 INFO  [INFO] SUCCESS: org.jboss.logging:jboss-logging:jar:3.6.3.Final:runtime (sources = false)
2026.04.04 22:15:38 INFO  [INFO] Resolving artifact: org.jboss.logging:jboss-logging:jar:3.6.3.Final:runtime (sources = true)
2026.04.04 22:15:38 INFO  [INFO] SUCCESS: org.jboss.logging:jboss-logging:jar:3.6.3.Final:runtime (sources = true)
2026.04.04 22:15:38 INFO  [INFO] Resolving artifact: org.springframework.boot:spring-boot-starter-data-jpa:jar:4.0.5:compile (sources = false)
2026.04.04 22:15:38 INFO  [INFO] SUCCESS: org.springframework.boot:spring-boot-starter-data-jpa:jar:4.0.5:compile (sources = false)
2026.04.04 22:15:38 INFO  [INFO] Resolving artifact: org.springframework.boot:spring-boot-starter-data-jpa:jar:4.0.5:compile (sources = true)
2026.04.04 22:15:38 INFO  [INFO] SUCCESS: org.springframework.boot:spring-boot-starter-data-jpa:jar:4.0.5:compile (sources = true)
2026.04.04 22:15:38 INFO  [INFO] Resolving artifact: org.springframework:spring-orm:jar:7.0.6:compile (sources = false)
2026.04.04 22:15:38 INFO  [INFO] SUCCESS: org.springframework:spring-orm:jar:7.0.6:compile (sources = false)
2026.04.04 22:15:38 INFO  [INFO] Resolving artifact: org.springframework:spring-orm:jar:7.0.6:compile (sources = true)
2026.04.04 22:15:38 INFO  [INFO] SUCCESS: org.springframework:spring-orm:jar:7.0.6:compile (sources = true)
2026.04.04 22:15:38 INFO  [INFO] Resolving artifact: org.springframework.boot:spring-boot-webmvc-test:jar:4.0.5:test (sources = false)
2026.04.04 22:15:38 INFO  [INFO] SUCCESS: org.springframework.boot:spring-boot-webmvc-test:jar:4.0.5:test (sources = false)
2026.04.04 22:15:38 INFO  [INFO] Resolving artifact: org.springframework.boot:spring-boot-webmvc-test:jar:4.0.5:test (sources = true)
2026.04.04 22:15:38 INFO  [INFO] SUCCESS: org.springframework.boot:spring-boot-webmvc-test:jar:4.0.5:test (sources = true)
2026.04.04 22:15:38 INFO  [INFO] Resolving artifact: org.apache.tomcat.embed:tomcat-embed-el:jar:11.0.20:compile (sources = false)
2026.04.04 22:15:38 INFO  [INFO] SUCCESS: org.apache.tomcat.embed:tomcat-embed-el:jar:11.0.20:compile (sources = false)
2026.04.04 22:15:38 INFO  [INFO] Resolving artifact: org.apache.tomcat.embed:tomcat-embed-el:jar:11.0.20:compile (sources = true)
2026.04.04 22:15:38 INFO  [INFO] SUCCESS: org.apache.tomcat.embed:tomcat-embed-el:jar:11.0.20:compile (sources = true)
2026.04.04 22:15:38 INFO  [INFO] Resolving artifact: org.mockito:mockito-junit-jupiter:jar:5.20.0:test (sources = false)
2026.04.04 22:15:38 INFO  [INFO] SUCCESS: org.mockito:mockito-junit-jupiter:jar:5.20.0:test (sources = false)
2026.04.04 22:15:38 INFO  [INFO] Resolving artifact: org.mockito:mockito-junit-jupiter:jar:5.20.0:test (sources = true)
2026.04.04 22:15:38 INFO  [INFO] SUCCESS: org.mockito:mockito-junit-jupiter:jar:5.20.0:test (sources = true)
2026.04.04 22:15:38 INFO  [INFO] Resolving artifact: org.springframework:spring-test:jar:7.0.6:test (sources = false)
2026.04.04 22:15:38 INFO  [INFO] SUCCESS: org.springframework:spring-test:jar:7.0.6:test (sources = false)
2026.04.04 22:15:38 INFO  [INFO] Resolving artifact: org.springframework:spring-test:jar:7.0.6:test (sources = true)
2026.04.04 22:15:38 INFO  [INFO] SUCCESS: org.springframework:spring-test:jar:7.0.6:test (sources = true)
2026.04.04 22:15:38 INFO  [INFO] Resolving artifact: org.assertj:assertj-core:jar:3.27.7:test (sources = false)
2026.04.04 22:15:38 INFO  [INFO] SUCCESS: org.assertj:assertj-core:jar:3.27.7:test (sources = false)
2026.04.04 22:15:38 INFO  [INFO] Resolving artifact: org.assertj:assertj-core:jar:3.27.7:test (sources = true)
2026.04.04 22:15:38 INFO  [INFO] SUCCESS: org.assertj:assertj-core:jar:3.27.7:test (sources = true)
2026.04.04 22:15:38 INFO  [INFO] Resolving artifact: org.springframework.boot:spring-boot-data-jpa-test:jar:4.0.5:test (sources = false)
2026.04.04 22:15:38 INFO  [INFO] SUCCESS: org.springframework.boot:spring-boot-data-jpa-test:jar:4.0.5:test (sources = false)
2026.04.04 22:15:38 INFO  [INFO] Resolving artifact: org.springframework.boot:spring-boot-data-jpa-test:jar:4.0.5:test (sources = true)
2026.04.04 22:15:38 INFO  [INFO] SUCCESS: org.springframework.boot:spring-boot-data-jpa-test:jar:4.0.5:test (sources = true)
2026.04.04 22:15:38 INFO  [INFO] Resolving artifact: org.springframework:spring-context:jar:7.0.6:compile (sources = false)
2026.04.04 22:15:38 INFO  [INFO] SUCCESS: org.springframework:spring-context:jar:7.0.6:compile (sources = false)
2026.04.04 22:15:38 INFO  [INFO] Resolving artifact: org.springframework:spring-context:jar:7.0.6:compile (sources = true)
2026.04.04 22:15:38 INFO  [INFO] SUCCESS: org.springframework:spring-context:jar:7.0.6:compile (sources = true)
2026.04.04 22:15:38 INFO  [INFO] Resolving artifact: org.springframework.boot:spring-boot-webmvc:jar:4.0.5:compile (sources = false)
2026.04.04 22:15:38 INFO  [INFO] SUCCESS: org.springframework.boot:spring-boot-webmvc:jar:4.0.5:compile (sources = false)
2026.04.04 22:15:38 INFO  [INFO] Resolving artifact: org.springframework.boot:spring-boot-webmvc:jar:4.0.5:compile (sources = true)
2026.04.04 22:15:38 INFO  [INFO] SUCCESS: org.springframework.boot:spring-boot-webmvc:jar:4.0.5:compile (sources = true)
2026.04.04 22:15:38 INFO  [INFO] Resolving artifact: org.slf4j:jul-to-slf4j:jar:2.0.17:compile (sources = false)
2026.04.04 22:15:38 INFO  [INFO] SUCCESS: org.slf4j:jul-to-slf4j:jar:2.0.17:compile (sources = false)
2026.04.04 22:15:38 INFO  [INFO] Resolving artifact: org.slf4j:jul-to-slf4j:jar:2.0.17:compile (sources = true)
2026.04.04 22:15:38 INFO  [INFO] SUCCESS: org.slf4j:jul-to-slf4j:jar:2.0.17:compile (sources = true)
2026.04.04 22:15:38 INFO  [INFO] Resolving artifact: org.hibernate.orm:hibernate-core:jar:7.2.7.Final:compile (sources = false)
2026.04.04 22:15:38 INFO  [INFO] SUCCESS: org.hibernate.orm:hibernate-core:jar:7.2.7.Final:compile (sources = false)
2026.04.04 22:15:38 INFO  [INFO] Resolving artifact: org.hibernate.orm:hibernate-core:jar:7.2.7.Final:compile (sources = true)
2026.04.04 22:15:38 INFO  [INFO] SUCCESS: org.hibernate.orm:hibernate-core:jar:7.2.7.Final:compile (sources = true)
2026.04.04 22:15:38 INFO  [INFO] Resolving artifact: com.zaxxer:HikariCP:jar:7.0.2:compile (sources = false)
2026.04.04 22:15:38 INFO  [INFO] SUCCESS: com.zaxxer:HikariCP:jar:7.0.2:compile (sources = false)
2026.04.04 22:15:38 INFO  [INFO] Resolving artifact: com.zaxxer:HikariCP:jar:7.0.2:compile (sources = true)
2026.04.04 22:15:38 INFO  [INFO] SUCCESS: com.zaxxer:HikariCP:jar:7.0.2:compile (sources = true)
2026.04.04 22:15:38 INFO  [INFO] Resolving artifact: tools.jackson.core:jackson-databind:jar:3.1.0:compile (sources = false)
2026.04.04 22:15:38 INFO  [INFO] SUCCESS: tools.jackson.core:jackson-databind:jar:3.1.0:compile (sources = false)
2026.04.04 22:15:38 INFO  [INFO] Resolving artifact: tools.jackson.core:jackson-databind:jar:3.1.0:compile (sources = true)
2026.04.04 22:15:38 INFO  [INFO] SUCCESS: tools.jackson.core:jackson-databind:jar:3.1.0:compile (sources = true)
2026.04.04 22:15:38 INFO  [INFO] Resolving artifact: org.antlr:antlr4-runtime:jar:4.13.2:compile (sources = false)
2026.04.04 22:15:38 INFO  [INFO] SUCCESS: org.antlr:antlr4-runtime:jar:4.13.2:compile (sources = false)
2026.04.04 22:15:38 INFO  [INFO] Resolving artifact: org.antlr:antlr4-runtime:jar:4.13.2:compile (sources = true)
2026.04.04 22:15:38 INFO  [INFO] SUCCESS: org.antlr:antlr4-runtime:jar:4.13.2:compile (sources = true)
2026.04.04 22:15:38 INFO  [INFO] Resolving artifact: io.micrometer:micrometer-observation:jar:1.16.4:compile (sources = false)
2026.04.04 22:15:38 INFO  [INFO] SUCCESS: io.micrometer:micrometer-observation:jar:1.16.4:compile (sources = false)
2026.04.04 22:15:38 INFO  [INFO] Resolving artifact: io.micrometer:micrometer-observation:jar:1.16.4:compile (sources = true)
2026.04.04 22:15:38 INFO  [INFO] SUCCESS: io.micrometer:micrometer-observation:jar:1.16.4:compile (sources = true)
2026.04.04 22:15:38 INFO  [INFO] Resolving artifact: org.opentest4j:opentest4j:jar:1.3.0:test (sources = false)
2026.04.04 22:15:38 INFO  [INFO] SUCCESS: org.opentest4j:opentest4j:jar:1.3.0:test (sources = false)
2026.04.04 22:15:38 INFO  [INFO] Resolving artifact: org.opentest4j:opentest4j:jar:1.3.0:test (sources = true)
2026.04.04 22:15:38 INFO  [INFO] SUCCESS: org.opentest4j:opentest4j:jar:1.3.0:test (sources = true)
2026.04.04 22:15:38 INFO  [INFO] Resolving artifact: org.springframework.boot:spring-boot-starter-webmvc:jar:4.0.5:compile (sources = false)
2026.04.04 22:15:38 INFO  [INFO] SUCCESS: org.springframework.boot:spring-boot-starter-webmvc:jar:4.0.5:compile (sources = false)
2026.04.04 22:15:38 INFO  [INFO] Resolving artifact: org.springframework.boot:spring-boot-starter-webmvc:jar:4.0.5:compile (sources = true)
2026.04.04 22:15:38 INFO  [INFO] SUCCESS: org.springframework.boot:spring-boot-starter-webmvc:jar:4.0.5:compile (sources = true)
2026.04.04 22:15:38 INFO  [INFO] Resolving artifact: org.springframework.boot:spring-boot-starter-test:jar:4.0.5:test (sources = false)
2026.04.04 22:15:38 INFO  [INFO] SUCCESS: org.springframework.boot:spring-boot-starter-test:jar:4.0.5:test (sources = false)
2026.04.04 22:15:38 INFO  [INFO] Resolving artifact: org.springframework.boot:spring-boot-starter-test:jar:4.0.5:test (sources = true)
2026.04.04 22:15:38 INFO  [INFO] SUCCESS: org.springframework.boot:spring-boot-starter-test:jar:4.0.5:test (sources = true)
2026.04.04 22:15:38 INFO  [INFO] Resolving artifact: org.springframework.boot:spring-boot-test:jar:4.0.5:test (sources = false)
2026.04.04 22:15:38 INFO  [INFO] SUCCESS: org.springframework.boot:spring-boot-test:jar:4.0.5:test (sources = false)
2026.04.04 22:15:38 INFO  [INFO] Resolving artifact: org.springframework.boot:spring-boot-test:jar:4.0.5:test (sources = true)
2026.04.04 22:15:38 INFO  [INFO] SUCCESS: org.springframework.boot:spring-boot-test:jar:4.0.5:test (sources = true)
2026.04.04 22:15:38 INFO  [INFO] Resolving artifact: org.apache.logging.log4j:log4j-to-slf4j:jar:2.25.3:compile (sources = false)
2026.04.04 22:15:38 INFO  [INFO] SUCCESS: org.apache.logging.log4j:log4j-to-slf4j:jar:2.25.3:compile (sources = false)
2026.04.04 22:15:38 INFO  [INFO] Resolving artifact: org.apache.logging.log4j:log4j-to-slf4j:jar:2.25.3:compile (sources = true)
2026.04.04 22:15:38 INFO  [INFO] SUCCESS: org.apache.logging.log4j:log4j-to-slf4j:jar:2.25.3:compile (sources = true)
2026.04.04 22:15:38 INFO  [INFO] Resolving artifact: org.springframework.boot:spring-boot-starter-tomcat:jar:4.0.5:compile (sources = false)
2026.04.04 22:15:38 INFO  [INFO] SUCCESS: org.springframework.boot:spring-boot-starter-tomcat:jar:4.0.5:compile (sources = false)
2026.04.04 22:15:38 INFO  [INFO] Resolving artifact: org.springframework.boot:spring-boot-starter-tomcat:jar:4.0.5:compile (sources = true)
2026.04.04 22:15:38 INFO  [INFO] SUCCESS: org.springframework.boot:spring-boot-starter-tomcat:jar:4.0.5:compile (sources = true)
2026.04.04 22:15:38 INFO  [INFO] Resolving artifact: org.junit.jupiter:junit-jupiter:jar:6.0.3:test (sources = false)
2026.04.04 22:15:38 INFO  [INFO] SUCCESS: org.junit.jupiter:junit-jupiter:jar:6.0.3:test (sources = false)
2026.04.04 22:15:38 INFO  [INFO] Resolving artifact: org.junit.jupiter:junit-jupiter:jar:6.0.3:test (sources = true)
2026.04.04 22:15:38 INFO  [INFO] SUCCESS: org.junit.jupiter:junit-jupiter:jar:6.0.3:test (sources = true)
2026.04.04 22:15:38 INFO  [INFO] Resolving artifact: org.springframework.data:spring-data-jpa:jar:4.0.4:compile (sources = false)
2026.04.04 22:15:38 INFO  [INFO] SUCCESS: org.springframework.data:spring-data-jpa:jar:4.0.4:compile (sources = false)
2026.04.04 22:15:38 INFO  [INFO] Resolving artifact: org.springframework.data:spring-data-jpa:jar:4.0.4:compile (sources = true)
2026.04.04 22:15:38 INFO  [INFO] SUCCESS: org.springframework.data:spring-data-jpa:jar:4.0.4:compile (sources = true)
2026.04.04 22:15:38 INFO  [INFO] Resolving artifact: jakarta.transaction:jakarta.transaction-api:jar:2.0.1:compile (sources = false)
2026.04.04 22:15:38 INFO  [INFO] SUCCESS: jakarta.transaction:jakarta.transaction-api:jar:2.0.1:compile (sources = false)
2026.04.04 22:15:38 INFO  [INFO] Resolving artifact: jakarta.transaction:jakarta.transaction-api:jar:2.0.1:compile (sources = true)
2026.04.04 22:15:38 INFO  [INFO] SUCCESS: jakarta.transaction:jakarta.transaction-api:jar:2.0.1:compile (sources = true)
2026.04.04 22:15:38 INFO  [INFO] Resolving artifact: org.springframework.boot:spring-boot-jackson:jar:4.0.5:compile (sources = false)
2026.04.04 22:15:38 INFO  [INFO] SUCCESS: org.springframework.boot:spring-boot-jackson:jar:4.0.5:compile (sources = false)
2026.04.04 22:15:38 INFO  [INFO] Resolving artifact: org.springframework.boot:spring-boot-jackson:jar:4.0.5:compile (sources = true)
2026.04.04 22:15:38 INFO  [INFO] SUCCESS: org.springframework.boot:spring-boot-jackson:jar:4.0.5:compile (sources = true)
2026.04.04 22:15:38 INFO  [INFO] Resolving artifact: tools.jackson.core:jackson-core:jar:3.1.0:compile (sources = false)
2026.04.04 22:15:38 INFO  [INFO] SUCCESS: tools.jackson.core:jackson-core:jar:3.1.0:compile (sources = false)
2026.04.04 22:15:38 INFO  [INFO] Resolving artifact: tools.jackson.core:jackson-core:jar:3.1.0:compile (sources = true)
2026.04.04 22:15:38 INFO  [INFO] SUCCESS: tools.jackson.core:jackson-core:jar:3.1.0:compile (sources = true)
2026.04.04 22:15:38 INFO  [INFO] Resolving artifact: jakarta.persistence:jakarta.persistence-api:jar:3.2.0:compile (sources = false)
2026.04.04 22:15:38 INFO  [INFO] SUCCESS: jakarta.persistence:jakarta.persistence-api:jar:3.2.0:compile (sources = false)
2026.04.04 22:15:38 INFO  [INFO] Resolving artifact: jakarta.persistence:jakarta.persistence-api:jar:3.2.0:compile (sources = true)
2026.04.04 22:15:38 INFO  [INFO] SUCCESS: jakarta.persistence:jakarta.persistence-api:jar:3.2.0:compile (sources = true)
2026.04.04 22:15:38 INFO  [INFO] Resolving artifact: org.awaitility:awaitility:jar:4.3.0:test (sources = false)
2026.04.04 22:15:38 INFO  [INFO] SUCCESS: org.awaitility:awaitility:jar:4.3.0:test (sources = false)
2026.04.04 22:15:38 INFO  [INFO] Resolving artifact: org.awaitility:awaitility:jar:4.3.0:test (sources = true)
2026.04.04 22:15:38 INFO  [INFO] SUCCESS: org.awaitility:awaitility:jar:4.3.0:test (sources = true)
2026.04.04 22:15:38 INFO  [INFO] Resolving artifact: org.springframework.boot:spring-boot-starter-jackson-test:jar:4.0.5:test (sources = false)
2026.04.04 22:15:38 INFO  [INFO] SUCCESS: org.springframework.boot:spring-boot-starter-jackson-test:jar:4.0.5:test (sources = false)
2026.04.04 22:15:38 INFO  [INFO] Resolving artifact: org.springframework.boot:spring-boot-starter-jackson-test:jar:4.0.5:test (sources = true)
2026.04.04 22:15:38 INFO  [INFO] SUCCESS: org.springframework.boot:spring-boot-starter-jackson-test:jar:4.0.5:test (sources = true)
2026.04.04 22:15:38 INFO  [INFO] Resolving artifact: org.aspectj:aspectjweaver:jar:1.9.25.1:compile (sources = false)
2026.04.04 22:15:38 INFO  [INFO] SUCCESS: org.aspectj:aspectjweaver:jar:1.9.25.1:compile (sources = false)
2026.04.04 22:15:38 INFO  [INFO] Resolving artifact: org.aspectj:aspectjweaver:jar:1.9.25.1:compile (sources = true)
2026.04.04 22:15:38 INFO  [INFO] SUCCESS: org.aspectj:aspectjweaver:jar:1.9.25.1:compile (sources = true)
2026.04.04 22:15:38 INFO  [INFO] Resolving artifact: net.minidev:json-smart:jar:2.6.0:test (sources = false)
2026.04.04 22:15:39 INFO  [INFO] SUCCESS: net.minidev:json-smart:jar:2.6.0:test (sources = false)
2026.04.04 22:15:39 INFO  [INFO] Resolving artifact: net.minidev:json-smart:jar:2.6.0:test (sources = true)
2026.04.04 22:15:39 INFO  [INFO] SUCCESS: net.minidev:json-smart:jar:2.6.0:test (sources = true)
2026.04.04 22:15:39 INFO  [INFO] Resolving artifact: org.springframework.boot:spring-boot-hibernate:jar:4.0.5:compile (sources = false)
2026.04.04 22:15:39 INFO  [INFO] SUCCESS: org.springframework.boot:spring-boot-hibernate:jar:4.0.5:compile (sources = false)
2026.04.04 22:15:39 INFO  [INFO] Resolving artifact: org.springframework.boot:spring-boot-hibernate:jar:4.0.5:compile (sources = true)
2026.04.04 22:15:39 INFO  [INFO] SUCCESS: org.springframework.boot:spring-boot-hibernate:jar:4.0.5:compile (sources = true)
2026.04.04 22:15:39 INFO  [INFO] Resolving artifact: org.glassfish.jaxb:jaxb-runtime:jar:4.0.6:runtime (sources = false)
2026.04.04 22:15:39 INFO  [INFO] SUCCESS: org.glassfish.jaxb:jaxb-runtime:jar:4.0.6:runtime (sources = false)
2026.04.04 22:15:39 INFO  [INFO] Resolving artifact: org.glassfish.jaxb:jaxb-runtime:jar:4.0.6:runtime (sources = true)
2026.04.04 22:15:39 INFO  [INFO] SUCCESS: org.glassfish.jaxb:jaxb-runtime:jar:4.0.6:runtime (sources = true)
2026.04.04 22:15:39 INFO  [INFO] Resolving artifact: org.springframework.boot:spring-boot-tomcat:jar:4.0.5:compile (sources = false)
2026.04.04 22:15:39 INFO  [INFO] SUCCESS: org.springframework.boot:spring-boot-tomcat:jar:4.0.5:compile (sources = false)
2026.04.04 22:15:39 INFO  [INFO] Resolving artifact: org.springframework.boot:spring-boot-tomcat:jar:4.0.5:compile (sources = true)
2026.04.04 22:15:39 INFO  [INFO] SUCCESS: org.springframework.boot:spring-boot-tomcat:jar:4.0.5:compile (sources = true)
2026.04.04 22:15:39 INFO  [INFO] Resolving artifact: org.springframework.boot:spring-boot-jdbc-test:jar:4.0.5:test (sources = false)
2026.04.04 22:15:39 INFO  [INFO] SUCCESS: org.springframework.boot:spring-boot-jdbc-test:jar:4.0.5:test (sources = false)
2026.04.04 22:15:39 INFO  [INFO] Resolving artifact: org.springframework.boot:spring-boot-jdbc-test:jar:4.0.5:test (sources = true)
2026.04.04 22:15:39 INFO  [INFO] SUCCESS: org.springframework.boot:spring-boot-jdbc-test:jar:4.0.5:test (sources = true)
2026.04.04 22:15:39 INFO  [INFO] Resolving artifact: org.springframework.boot:spring-boot-persistence:jar:4.0.5:compile (sources = false)
2026.04.04 22:15:39 INFO  [INFO] SUCCESS: org.springframework.boot:spring-boot-persistence:jar:4.0.5:compile (sources = false)
2026.04.04 22:15:39 INFO  [INFO] Resolving artifact: org.springframework.boot:spring-boot-persistence:jar:4.0.5:compile (sources = true)
2026.04.04 22:15:39 INFO  [INFO] SUCCESS: org.springframework.boot:spring-boot-persistence:jar:4.0.5:compile (sources = true)
2026.04.04 22:15:39 INFO  [INFO] Resolving artifact: org.junit.jupiter:junit-jupiter-engine:jar:6.0.3:test (sources = false)
2026.04.04 22:15:39 INFO  [INFO] SUCCESS: org.junit.jupiter:junit-jupiter-engine:jar:6.0.3:test (sources = false)
2026.04.04 22:15:39 INFO  [INFO] Resolving artifact: org.junit.jupiter:junit-jupiter-engine:jar:6.0.3:test (sources = true)
2026.04.04 22:15:39 INFO  [INFO] SUCCESS: org.junit.jupiter:junit-jupiter-engine:jar:6.0.3:test (sources = true)
2026.04.04 22:15:39 INFO  [INFO] Resolving artifact: com.fasterxml:classmate:jar:1.7.3:runtime (sources = false)
2026.04.04 22:15:39 INFO  [INFO] SUCCESS: com.fasterxml:classmate:jar:1.7.3:runtime (sources = false)
2026.04.04 22:15:39 INFO  [INFO] Resolving artifact: com.fasterxml:classmate:jar:1.7.3:runtime (sources = true)
2026.04.04 22:15:39 INFO  [INFO] SUCCESS: com.fasterxml:classmate:jar:1.7.3:runtime (sources = true)
2026.04.04 22:15:39 INFO  [INFO] Resolving artifact: org.springframework.boot:spring-boot-jpa-test:jar:4.0.5:test (sources = false)
2026.04.04 22:15:39 INFO  [INFO] SUCCESS: org.springframework.boot:spring-boot-jpa-test:jar:4.0.5:test (sources = false)
2026.04.04 22:15:39 INFO  [INFO] Resolving artifact: org.springframework.boot:spring-boot-jpa-test:jar:4.0.5:test (sources = true)
2026.04.04 22:15:39 INFO  [INFO] SUCCESS: org.springframework.boot:spring-boot-jpa-test:jar:4.0.5:test (sources = true)
2026.04.04 22:15:39 INFO  [INFO] Resolving artifact: org.springframework.boot:spring-boot-starter-logging:jar:4.0.5:compile (sources = false)
2026.04.04 22:15:39 INFO  [INFO] SUCCESS: org.springframework.boot:spring-boot-starter-logging:jar:4.0.5:compile (sources = false)
2026.04.04 22:15:39 INFO  [INFO] Resolving artifact: org.springframework.boot:spring-boot-starter-logging:jar:4.0.5:compile (sources = true)
2026.04.04 22:15:39 INFO  [INFO] SUCCESS: org.springframework.boot:spring-boot-starter-logging:jar:4.0.5:compile (sources = true)
2026.04.04 22:15:39 INFO  [INFO] Resolving artifact: net.minidev:accessors-smart:jar:2.6.0:test (sources = false)
2026.04.04 22:15:39 INFO  [INFO] SUCCESS: net.minidev:accessors-smart:jar:2.6.0:test (sources = false)
2026.04.04 22:15:39 INFO  [INFO] Resolving artifact: net.minidev:accessors-smart:jar:2.6.0:test (sources = true)
2026.04.04 22:15:39 INFO  [INFO] SUCCESS: net.minidev:accessors-smart:jar:2.6.0:test (sources = true)
2026.04.04 22:15:39 INFO  [INFO] Resolving artifact: org.springframework.boot:spring-boot-autoconfigure:jar:4.0.5:compile (sources = false)
2026.04.04 22:15:39 INFO  [INFO] SUCCESS: org.springframework.boot:spring-boot-autoconfigure:jar:4.0.5:compile (sources = false)
2026.04.04 22:15:39 INFO  [INFO] Resolving artifact: org.springframework.boot:spring-boot-autoconfigure:jar:4.0.5:compile (sources = true)
2026.04.04 22:15:39 INFO  [INFO] SUCCESS: org.springframework.boot:spring-boot-autoconfigure:jar:4.0.5:compile (sources = true)
2026.04.04 22:15:39 INFO  [INFO] Resolving artifact: org.springframework.boot:spring-boot-servlet:jar:4.0.5:compile (sources = false)
2026.04.04 22:15:39 INFO  [INFO] SUCCESS: org.springframework.boot:spring-boot-servlet:jar:4.0.5:compile (sources = false)
2026.04.04 22:15:39 INFO  [INFO] Resolving artifact: org.springframework.boot:spring-boot-servlet:jar:4.0.5:compile (sources = true)
2026.04.04 22:15:39 INFO  [INFO] SUCCESS: org.springframework.boot:spring-boot-servlet:jar:4.0.5:compile (sources = true)
2026.04.04 22:15:39 INFO  [INFO] Resolving artifact: org.junit.jupiter:junit-jupiter-params:jar:6.0.3:test (sources = false)
2026.04.04 22:15:39 INFO  [INFO] SUCCESS: org.junit.jupiter:junit-jupiter-params:jar:6.0.3:test (sources = false)
2026.04.04 22:15:39 INFO  [INFO] Resolving artifact: org.junit.jupiter:junit-jupiter-params:jar:6.0.3:test (sources = true)
2026.04.04 22:15:39 INFO  [INFO] SUCCESS: org.junit.jupiter:junit-jupiter-params:jar:6.0.3:test (sources = true)
2026.04.04 22:15:39 INFO  [INFO] Resolving artifact: org.springframework.data:spring-data-commons:jar:4.0.4:compile (sources = false)
2026.04.04 22:15:39 INFO  [INFO] SUCCESS: org.springframework.data:spring-data-commons:jar:4.0.4:compile (sources = false)
2026.04.04 22:15:39 INFO  [INFO] Resolving artifact: org.springframework.data:spring-data-commons:jar:4.0.4:compile (sources = true)
2026.04.04 22:15:39 INFO  [INFO] SUCCESS: org.springframework.data:spring-data-commons:jar:4.0.4:compile (sources = true)
2026.04.04 22:15:39 INFO  [INFO] Resolving artifact: org.springframework:spring-aop:jar:7.0.6:compile (sources = false)
2026.04.04 22:15:39 INFO  [INFO] SUCCESS: org.springframework:spring-aop:jar:7.0.6:compile (sources = false)
2026.04.04 22:15:39 INFO  [INFO] Resolving artifact: org.springframework:spring-aop:jar:7.0.6:compile (sources = true)
2026.04.04 22:15:39 INFO  [INFO] SUCCESS: org.springframework:spring-aop:jar:7.0.6:compile (sources = true)
2026.04.04 22:15:39 INFO  [INFO] Resolving artifact: jakarta.xml.bind:jakarta.xml.bind-api:jar:4.0.4:runtime (sources = false)
2026.04.04 22:15:39 INFO  [INFO] SUCCESS: jakarta.xml.bind:jakarta.xml.bind-api:jar:4.0.4:runtime (sources = false)
2026.04.04 22:15:39 INFO  [INFO] Resolving artifact: jakarta.xml.bind:jakarta.xml.bind-api:jar:4.0.4:runtime (sources = true)
2026.04.04 22:15:39 INFO  [INFO] SUCCESS: jakarta.xml.bind:jakarta.xml.bind-api:jar:4.0.4:runtime (sources = true)
2026.04.04 22:15:39 INFO  [INFO] Resolving artifact: org.springframework.boot:spring-boot-jpa:jar:4.0.5:compile (sources = false)
2026.04.04 22:15:39 INFO  [INFO] SUCCESS: org.springframework.boot:spring-boot-jpa:jar:4.0.5:compile (sources = false)
2026.04.04 22:15:39 INFO  [INFO] Resolving artifact: org.springframework.boot:spring-boot-jpa:jar:4.0.5:compile (sources = true)
2026.04.04 22:15:39 INFO  [INFO] SUCCESS: org.springframework.boot:spring-boot-jpa:jar:4.0.5:compile (sources = true)
2026.04.04 22:15:39 INFO  [INFO] Resolving artifact: org.mockito:mockito-core:jar:5.20.0:test (sources = false)
2026.04.04 22:15:39 INFO  [INFO] SUCCESS: org.mockito:mockito-core:jar:5.20.0:test (sources = false)
2026.04.04 22:15:39 INFO  [INFO] Resolving artifact: org.mockito:mockito-core:jar:5.20.0:test (sources = true)
2026.04.04 22:15:39 INFO  [INFO] SUCCESS: org.mockito:mockito-core:jar:5.20.0:test (sources = true)
2026.04.04 22:15:39 INFO  [INFO] Resolving artifact: org.objenesis:objenesis:jar:3.3:test (sources = false)
2026.04.04 22:15:39 INFO  [INFO] SUCCESS: org.objenesis:objenesis:jar:3.3:test (sources = false)
2026.04.04 22:15:39 INFO  [INFO] Resolving artifact: org.objenesis:objenesis:jar:3.3:test (sources = true)
2026.04.04 22:15:39 INFO  [INFO] SUCCESS: org.objenesis:objenesis:jar:3.3:test (sources = true)
2026.04.04 22:15:39 INFO  [INFO] Resolving artifact: org.springframework.boot:spring-boot-starter-jdbc:jar:4.0.5:compile (sources = false)
2026.04.04 22:15:39 INFO  [INFO] SUCCESS: org.springframework.boot:spring-boot-starter-jdbc:jar:4.0.5:compile (sources = false)
2026.04.04 22:15:39 INFO  [INFO] Resolving artifact: org.springframework.boot:spring-boot-starter-jdbc:jar:4.0.5:compile (sources = true)
2026.04.04 22:15:39 INFO  [INFO] SUCCESS: org.springframework.boot:spring-boot-starter-jdbc:jar:4.0.5:compile (sources = true)
2026.04.04 22:15:39 INFO  [INFO] Resolving artifact: org.apache.logging.log4j:log4j-api:jar:2.25.3:compile (sources = false)
2026.04.04 22:15:39 INFO  [INFO] SUCCESS: org.apache.logging.log4j:log4j-api:jar:2.25.3:compile (sources = false)
2026.04.04 22:15:39 INFO  [INFO] Resolving artifact: org.apache.logging.log4j:log4j-api:jar:2.25.3:compile (sources = true)
2026.04.04 22:15:39 INFO  [INFO] SUCCESS: org.apache.logging.log4j:log4j-api:jar:2.25.3:compile (sources = true)
2026.04.04 22:15:39 INFO  [INFO] Resolving artifact: org.springframework:spring-expression:jar:7.0.6:compile (sources = false)
2026.04.04 22:15:39 INFO  [INFO] SUCCESS: org.springframework:spring-expression:jar:7.0.6:compile (sources = false)
2026.04.04 22:15:39 INFO  [INFO] Resolving artifact: org.springframework:spring-expression:jar:7.0.6:compile (sources = true)
2026.04.04 22:15:39 INFO  [INFO] SUCCESS: org.springframework:spring-expression:jar:7.0.6:compile (sources = true)
2026.04.04 22:15:39 INFO  [INFO] Resolving artifact: ch.qos.logback:logback-core:jar:1.5.32:compile (sources = false)
2026.04.04 22:15:39 INFO  [INFO] SUCCESS: ch.qos.logback:logback-core:jar:1.5.32:compile (sources = false)
2026.04.04 22:15:39 INFO  [INFO] Resolving artifact: ch.qos.logback:logback-core:jar:1.5.32:compile (sources = true)
2026.04.04 22:15:39 INFO  [INFO] SUCCESS: ch.qos.logback:logback-core:jar:1.5.32:compile (sources = true)
2026.04.04 22:15:39 INFO  [INFO] Resolving artifact: org.springframework:spring-web:jar:7.0.6:compile (sources = false)
2026.04.04 22:15:39 INFO  [INFO] SUCCESS: org.springframework:spring-web:jar:7.0.6:compile (sources = false)
2026.04.04 22:15:39 INFO  [INFO] Resolving artifact: org.springframework:spring-web:jar:7.0.6:compile (sources = true)
2026.04.04 22:15:39 INFO  [INFO] SUCCESS: org.springframework:spring-web:jar:7.0.6:compile (sources = true)
2026.04.04 22:15:39 INFO  [INFO] Resolving artifact: org.springframework:spring-beans:jar:7.0.6:compile (sources = false)
2026.04.04 22:15:39 INFO  [INFO] SUCCESS: org.springframework:spring-beans:jar:7.0.6:compile (sources = false)
2026.04.04 22:15:39 INFO  [INFO] Resolving artifact: org.springframework:spring-beans:jar:7.0.6:compile (sources = true)
2026.04.04 22:15:39 INFO  [INFO] SUCCESS: org.springframework:spring-beans:jar:7.0.6:compile (sources = true)
2026.04.04 22:15:39 INFO  [INFO] Resolving artifact: org.springframework:spring-aspects:jar:7.0.6:compile (sources = false)
2026.04.04 22:15:39 INFO  [INFO] SUCCESS: org.springframework:spring-aspects:jar:7.0.6:compile (sources = false)
2026.04.04 22:15:39 INFO  [INFO] Resolving artifact: org.springframework:spring-aspects:jar:7.0.6:compile (sources = true)
2026.04.04 22:15:39 INFO  [INFO] SUCCESS: org.springframework:spring-aspects:jar:7.0.6:compile (sources = true)
2026.04.04 22:15:39 INFO  [INFO] Resolving artifact: org.springframework:spring-core:jar:7.0.6:compile (sources = false)
2026.04.04 22:15:39 INFO  [INFO] SUCCESS: org.springframework:spring-core:jar:7.0.6:compile (sources = false)
2026.04.04 22:15:39 INFO  [INFO] Resolving artifact: org.springframework:spring-core:jar:7.0.6:compile (sources = true)
2026.04.04 22:15:39 INFO  [INFO] SUCCESS: org.springframework:spring-core:jar:7.0.6:compile (sources = true)
2026.04.04 22:15:39 INFO  [INFO] Resolving artifact: org.hibernate.models:hibernate-models:jar:1.0.1:runtime (sources = false)
2026.04.04 22:15:39 INFO  [INFO] SUCCESS: org.hibernate.models:hibernate-models:jar:1.0.1:runtime (sources = false)
2026.04.04 22:15:39 INFO  [INFO] Resolving artifact: org.hibernate.models:hibernate-models:jar:1.0.1:runtime (sources = true)
2026.04.04 22:15:39 INFO  [INFO] SUCCESS: org.hibernate.models:hibernate-models:jar:1.0.1:runtime (sources = true)
2026.04.04 22:15:39 INFO  [INFO] Resolving artifact: org.ow2.asm:asm:jar:9.7.1:test (sources = false)
2026.04.04 22:15:39 INFO  [INFO] SUCCESS: org.ow2.asm:asm:jar:9.7.1:test (sources = false)
2026.04.04 22:15:39 INFO  [INFO] Resolving artifact: org.ow2.asm:asm:jar:9.7.1:test (sources = true)
2026.04.04 22:15:39 INFO  [INFO] SUCCESS: org.ow2.asm:asm:jar:9.7.1:test (sources = true)
2026.04.04 22:15:39 INFO  [INFO] Resolving artifact: org.springframework.boot:spring-boot-test-autoconfigure:jar:4.0.5:test (sources = false)
2026.04.04 22:15:39 INFO  [INFO] SUCCESS: org.springframework.boot:spring-boot-test-autoconfigure:jar:4.0.5:test (sources = false)
2026.04.04 22:15:39 INFO  [INFO] Resolving artifact: org.springframework.boot:spring-boot-test-autoconfigure:jar:4.0.5:test (sources = true)
2026.04.04 22:15:39 INFO  [INFO] SUCCESS: org.springframework.boot:spring-boot-test-autoconfigure:jar:4.0.5:test (sources = true)
2026.04.04 22:15:39 INFO  [INFO] Resolving artifact: org.springframework:spring-jdbc:jar:7.0.6:compile (sources = false)
2026.04.04 22:15:39 INFO  [INFO] SUCCESS: org.springframework:spring-jdbc:jar:7.0.6:compile (sources = false)
2026.04.04 22:15:39 INFO  [INFO] Resolving artifact: org.springframework:spring-jdbc:jar:7.0.6:compile (sources = true)
2026.04.04 22:15:39 INFO  [INFO] SUCCESS: org.springframework:spring-jdbc:jar:7.0.6:compile (sources = true)
2026.04.04 22:15:39 INFO  [INFO] Resolving artifact: org.springframework.boot:spring-boot-resttestclient:jar:4.0.5:test (sources = false)
2026.04.04 22:15:39 INFO  [INFO] SUCCESS: org.springframework.boot:spring-boot-resttestclient:jar:4.0.5:test (sources = false)
2026.04.04 22:15:39 INFO  [INFO] Resolving artifact: org.springframework.boot:spring-boot-resttestclient:jar:4.0.5:test (sources = true)
2026.04.04 22:15:39 INFO  [INFO] SUCCESS: org.springframework.boot:spring-boot-resttestclient:jar:4.0.5:test (sources = true)
2026.04.04 22:15:39 INFO  [INFO] Resolving artifact: org.apache.tomcat.embed:tomcat-embed-websocket:jar:11.0.20:compile (sources = false)
2026.04.04 22:15:39 INFO  [INFO] SUCCESS: org.apache.tomcat.embed:tomcat-embed-websocket:jar:11.0.20:compile (sources = false)
2026.04.04 22:15:39 INFO  [INFO] Resolving artifact: org.apache.tomcat.embed:tomcat-embed-websocket:jar:11.0.20:compile (sources = true)
2026.04.04 22:15:39 INFO  [INFO] SUCCESS: org.apache.tomcat.embed:tomcat-embed-websocket:jar:11.0.20:compile (sources = true)
2026.04.04 22:15:39 INFO  [INFO] Resolving artifact: commons-logging:commons-logging:jar:1.3.6:compile (sources = false)
2026.04.04 22:15:39 INFO  [INFO] SUCCESS: commons-logging:commons-logging:jar:1.3.6:compile (sources = false)
2026.04.04 22:15:39 INFO  [INFO] Resolving artifact: commons-logging:commons-logging:jar:1.3.6:compile (sources = true)
2026.04.04 22:15:39 INFO  [INFO] SUCCESS: commons-logging:commons-logging:jar:1.3.6:compile (sources = true)
2026.04.04 22:15:39 INFO  [INFO] Resolving artifact: org.springframework.boot:spring-boot-starter-webmvc-test:jar:4.0.5:test (sources = false)
2026.04.04 22:15:39 INFO  [INFO] SUCCESS: org.springframework.boot:spring-boot-starter-webmvc-test:jar:4.0.5:test (sources = false)
2026.04.04 22:15:39 INFO  [INFO] Resolving artifact: org.springframework.boot:spring-boot-starter-webmvc-test:jar:4.0.5:test (sources = true)
2026.04.04 22:15:39 INFO  [INFO] SUCCESS: org.springframework.boot:spring-boot-starter-webmvc-test:jar:4.0.5:test (sources = true)
2026.04.04 22:15:39 INFO  [INFO] Resolving artifact: org.springframework.boot:spring-boot-http-converter:jar:4.0.5:compile (sources = false)
2026.04.04 22:15:39 INFO  [INFO] SUCCESS: org.springframework.boot:spring-boot-http-converter:jar:4.0.5:compile (sources = false)
2026.04.04 22:15:39 INFO  [INFO] Resolving artifact: org.springframework.boot:spring-boot-http-converter:jar:4.0.5:compile (sources = true)
2026.04.04 22:15:39 INFO  [INFO] SUCCESS: org.springframework.boot:spring-boot-http-converter:jar:4.0.5:compile (sources = true)
2026.04.04 22:15:39 INFO  [INFO] Resolving artifact: org.springframework.boot:spring-boot-data-commons:jar:4.0.5:compile (sources = false)
2026.04.04 22:15:39 INFO  [INFO] SUCCESS: org.springframework.boot:spring-boot-data-commons:jar:4.0.5:compile (sources = false)
2026.04.04 22:15:39 INFO  [INFO] Resolving artifact: org.springframework.boot:spring-boot-data-commons:jar:4.0.5:compile (sources = true)
2026.04.04 22:15:39 INFO  [INFO] SUCCESS: org.springframework.boot:spring-boot-data-commons:jar:4.0.5:compile (sources = true)
2026.04.04 22:15:39 INFO  [INFO] Resolving artifact: org.apache.tomcat.embed:tomcat-embed-core:jar:11.0.20:compile (sources = false)
2026.04.04 22:15:39 INFO  [INFO] SUCCESS: org.apache.tomcat.embed:tomcat-embed-core:jar:11.0.20:compile (sources = false)
2026.04.04 22:15:39 INFO  [INFO] Resolving artifact: org.apache.tomcat.embed:tomcat-embed-core:jar:11.0.20:compile (sources = true)
2026.04.04 22:15:39 INFO  [INFO] SUCCESS: org.apache.tomcat.embed:tomcat-embed-core:jar:11.0.20:compile (sources = true)
2026.04.04 22:15:39 INFO  [INFO] Resolving artifact: ch.qos.logback:logback-classic:jar:1.5.32:compile (sources = false)
2026.04.04 22:15:39 INFO  [INFO] SUCCESS: ch.qos.logback:logback-classic:jar:1.5.32:compile (sources = false)
2026.04.04 22:15:39 INFO  [INFO] Resolving artifact: ch.qos.logback:logback-classic:jar:1.5.32:compile (sources = true)
2026.04.04 22:15:39 INFO  [INFO] SUCCESS: ch.qos.logback:logback-classic:jar:1.5.32:compile (sources = true)
2026.04.04 22:15:39 INFO  [INFO] Resolving artifact: org.junit.jupiter:junit-jupiter-api:jar:6.0.3:test (sources = false)
2026.04.04 22:15:39 INFO  [INFO] SUCCESS: org.junit.jupiter:junit-jupiter-api:jar:6.0.3:test (sources = false)
2026.04.04 22:15:39 INFO  [INFO] Resolving artifact: org.junit.jupiter:junit-jupiter-api:jar:6.0.3:test (sources = true)
2026.04.04 22:15:39 INFO  [INFO] SUCCESS: org.junit.jupiter:junit-jupiter-api:jar:6.0.3:test (sources = true)
2026.04.04 22:15:39 INFO  [INFO] Resolving artifact: org.skyscreamer:jsonassert:jar:1.5.3:test (sources = false)
2026.04.04 22:15:39 INFO  [INFO] SUCCESS: org.skyscreamer:jsonassert:jar:1.5.3:test (sources = false)
2026.04.04 22:15:39 INFO  [INFO] Resolving artifact: org.skyscreamer:jsonassert:jar:1.5.3:test (sources = true)
2026.04.04 22:15:39 INFO  [INFO] SUCCESS: org.skyscreamer:jsonassert:jar:1.5.3:test (sources = true)
2026.04.04 22:15:39 INFO  [INFO] Resolving artifact: org.glassfish.jaxb:jaxb-core:jar:4.0.6:runtime (sources = false)
2026.04.04 22:15:39 INFO  [INFO] SUCCESS: org.glassfish.jaxb:jaxb-core:jar:4.0.6:runtime (sources = false)
2026.04.04 22:15:39 INFO  [INFO] Resolving artifact: org.glassfish.jaxb:jaxb-core:jar:4.0.6:runtime (sources = true)
2026.04.04 22:15:39 INFO  [INFO] SUCCESS: org.glassfish.jaxb:jaxb-core:jar:4.0.6:runtime (sources = true)
2026.04.04 22:15:39 INFO  [INFO] Resolving artifact: org.springframework.boot:spring-boot:jar:4.0.5:compile (sources = false)
2026.04.04 22:15:39 INFO  [INFO] SUCCESS: org.springframework.boot:spring-boot:jar:4.0.5:compile (sources = false)
2026.04.04 22:15:39 INFO  [INFO] Resolving artifact: org.springframework.boot:spring-boot:jar:4.0.5:compile (sources = true)
2026.04.04 22:15:39 INFO  [INFO] SUCCESS: org.springframework.boot:spring-boot:jar:4.0.5:compile (sources = true)
2026.04.04 22:15:39 INFO  [INFO] Resolving artifact: jakarta.annotation:jakarta.annotation-api:jar:3.0.0:compile (sources = false)
2026.04.04 22:15:39 INFO  [INFO] SUCCESS: jakarta.annotation:jakarta.annotation-api:jar:3.0.0:compile (sources = false)
2026.04.04 22:15:39 INFO  [INFO] Resolving artifact: jakarta.annotation:jakarta.annotation-api:jar:3.0.0:compile (sources = true)
2026.04.04 22:15:39 INFO  [INFO] SUCCESS: jakarta.annotation:jakarta.annotation-api:jar:3.0.0:compile (sources = true)
2026.04.04 22:15:39 INFO  [INFO] Resolving artifact: org.glassfish.jaxb:txw2:jar:4.0.6:runtime (sources = false)
2026.04.04 22:15:39 INFO  [INFO] SUCCESS: org.glassfish.jaxb:txw2:jar:4.0.6:runtime (sources = false)
2026.04.04 22:15:39 INFO  [INFO] Resolving artifact: org.glassfish.jaxb:txw2:jar:4.0.6:runtime (sources = true)
2026.04.04 22:15:39 INFO  [INFO] SUCCESS: org.glassfish.jaxb:txw2:jar:4.0.6:runtime (sources = true)
2026.04.04 22:15:39 INFO  [INFO] Resolving artifact: org.xmlunit:xmlunit-core:jar:2.10.4:test (sources = false)
2026.04.04 22:15:39 INFO  [INFO] SUCCESS: org.xmlunit:xmlunit-core:jar:2.10.4:test (sources = false)
2026.04.04 22:15:39 INFO  [INFO] Resolving artifact: org.xmlunit:xmlunit-core:jar:2.10.4:test (sources = true)
2026.04.04 22:15:39 INFO  [INFO] SUCCESS: org.xmlunit:xmlunit-core:jar:2.10.4:test (sources = true)
2026.04.04 22:15:39 INFO  [INFO] Resolving artifact: org.junit.platform:junit-platform-commons:jar:6.0.3:test (sources = false)
2026.04.04 22:15:39 INFO  [INFO] SUCCESS: org.junit.platform:junit-platform-commons:jar:6.0.3:test (sources = false)
2026.04.04 22:15:39 INFO  [INFO] Resolving artifact: org.junit.platform:junit-platform-commons:jar:6.0.3:test (sources = true)
2026.04.04 22:15:39 INFO  [INFO] SUCCESS: org.junit.platform:junit-platform-commons:jar:6.0.3:test (sources = true)
2026.04.04 22:15:39 INFO  [INFO] Resolving artifact: jakarta.inject:jakarta.inject-api:jar:2.0.1:runtime (sources = false)
2026.04.04 22:15:39 INFO  [INFO] SUCCESS: jakarta.inject:jakarta.inject-api:jar:2.0.1:runtime (sources = false)
2026.04.04 22:15:39 INFO  [INFO] Resolving artifact: jakarta.inject:jakarta.inject-api:jar:2.0.1:runtime (sources = true)
2026.04.04 22:15:39 INFO  [INFO] SUCCESS: jakarta.inject:jakarta.inject-api:jar:2.0.1:runtime (sources = true)
2026.04.04 22:15:39 INFO  [INFO] Resolving artifact: org.springframework.boot:spring-boot-starter-jackson:jar:4.0.5:compile (sources = false)
2026.04.04 22:15:39 INFO  [INFO] SUCCESS: org.springframework.boot:spring-boot-starter-jackson:jar:4.0.5:compile (sources = false)
2026.04.04 22:15:39 INFO  [INFO] Resolving artifact: org.springframework.boot:spring-boot-starter-jackson:jar:4.0.5:compile (sources = true)
2026.04.04 22:15:39 INFO  [INFO] SUCCESS: org.springframework.boot:spring-boot-starter-jackson:jar:4.0.5:compile (sources = true)
2026.04.04 22:15:39 INFO  [INFO] Resolving artifact: org.springframework:spring-tx:jar:7.0.6:compile (sources = false)
2026.04.04 22:15:39 INFO  [INFO] SUCCESS: org.springframework:spring-tx:jar:7.0.6:compile (sources = false)
2026.04.04 22:15:39 INFO  [INFO] Resolving artifact: org.springframework:spring-tx:jar:7.0.6:compile (sources = true)
2026.04.04 22:15:39 INFO  [INFO] SUCCESS: org.springframework:spring-tx:jar:7.0.6:compile (sources = true)
2026.04.04 22:15:39 INFO  [INFO] Resolving artifact: org.springframework.boot:spring-boot-starter-tomcat-runtime:jar:4.0.5:compile (sources = false)
2026.04.04 22:15:39 INFO  [INFO] SUCCESS: org.springframework.boot:spring-boot-starter-tomcat-runtime:jar:4.0.5:compile (sources = false)
2026.04.04 22:15:39 INFO  [INFO] Resolving artifact: org.springframework.boot:spring-boot-starter-tomcat-runtime:jar:4.0.5:compile (sources = true)
2026.04.04 22:15:39 INFO  [INFO] SUCCESS: org.springframework.boot:spring-boot-starter-tomcat-runtime:jar:4.0.5:compile (sources = true)
2026.04.04 22:15:39 INFO  [INFO] Resolving artifact: net.bytebuddy:byte-buddy:jar:1.17.8:runtime (sources = false)
2026.04.04 22:15:39 INFO  [INFO] SUCCESS: net.bytebuddy:byte-buddy:jar:1.17.8:runtime (sources = false)
2026.04.04 22:15:39 INFO  [INFO] Resolving artifact: net.bytebuddy:byte-buddy:jar:1.17.8:runtime (sources = true)
2026.04.04 22:15:39 INFO  [INFO] SUCCESS: net.bytebuddy:byte-buddy:jar:1.17.8:runtime (sources = true)
2026.04.04 22:15:39 INFO  [INFO] Resolving artifact: org.springframework.boot:spring-boot-web-server:jar:4.0.5:compile (sources = false)
2026.04.04 22:15:39 INFO  [INFO] SUCCESS: org.springframework.boot:spring-boot-web-server:jar:4.0.5:compile (sources = false)
2026.04.04 22:15:39 INFO  [INFO] Resolving artifact: org.springframework.boot:spring-boot-web-server:jar:4.0.5:compile (sources = true)
2026.04.04 22:15:39 INFO  [INFO] SUCCESS: org.springframework.boot:spring-boot-web-server:jar:4.0.5:compile (sources = true)
2026.04.04 22:15:39 INFO  [INFO] Resolving artifact: jakarta.activation:jakarta.activation-api:jar:2.1.4:runtime (sources = false)
2026.04.04 22:15:39 INFO  [INFO] SUCCESS: jakarta.activation:jakarta.activation-api:jar:2.1.4:runtime (sources = false)
2026.04.04 22:15:39 INFO  [INFO] Resolving artifact: jakarta.activation:jakarta.activation-api:jar:2.1.4:runtime (sources = true)
2026.04.04 22:15:39 INFO  [INFO] SUCCESS: jakarta.activation:jakarta.activation-api:jar:2.1.4:runtime (sources = true)
2026.04.04 22:15:39 INFO  [INFO] Resolving artifact: org.springframework:spring-webmvc:jar:7.0.6:compile (sources = false)
2026.04.04 22:15:40 INFO  [INFO] SUCCESS: org.springframework:spring-webmvc:jar:7.0.6:compile (sources = false)
2026.04.04 22:15:40 INFO  [INFO] Resolving artifact: org.springframework:spring-webmvc:jar:7.0.6:compile (sources = true)
2026.04.04 22:15:40 INFO  [INFO] SUCCESS: org.springframework:spring-webmvc:jar:7.0.6:compile (sources = true)
2026.04.04 22:15:40 INFO  [INFO] Resolving artifact: org.springframework.boot:spring-boot-starter-data-jpa-test:jar:4.0.5:test (sources = false)
2026.04.04 22:15:40 INFO  [INFO] SUCCESS: org.springframework.boot:spring-boot-starter-data-jpa-test:jar:4.0.5:test (sources = false)
2026.04.04 22:15:40 INFO  [INFO] Resolving artifact: org.springframework.boot:spring-boot-starter-data-jpa-test:jar:4.0.5:test (sources = true)
2026.04.04 22:15:40 INFO  [INFO] SUCCESS: org.springframework.boot:spring-boot-starter-data-jpa-test:jar:4.0.5:test (sources = true)
2026.04.04 22:15:40 INFO  [INFO] Resolving artifact: org.springframework.boot:spring-boot-starter-jdbc-test:jar:4.0.5:test (sources = false)
2026.04.04 22:15:40 INFO  [INFO] SUCCESS: org.springframework.boot:spring-boot-starter-jdbc-test:jar:4.0.5:test (sources = false)
2026.04.04 22:15:40 INFO  [INFO] Resolving artifact: org.springframework.boot:spring-boot-starter-jdbc-test:jar:4.0.5:test (sources = true)
2026.04.04 22:15:40 INFO  [INFO] SUCCESS: org.springframework.boot:spring-boot-starter-jdbc-test:jar:4.0.5:test (sources = true)
2026.04.04 22:15:40 INFO  [INFO] Resolving artifact: org.apiguardian:apiguardian-api:jar:1.1.2:test (sources = false)
2026.04.04 22:15:40 INFO  [INFO] SUCCESS: org.apiguardian:apiguardian-api:jar:1.1.2:test (sources = false)
2026.04.04 22:15:40 INFO  [INFO] Resolving artifact: org.apiguardian:apiguardian-api:jar:1.1.2:test (sources = true)
2026.04.04 22:15:40 INFO  [INFO] SUCCESS: org.apiguardian:apiguardian-api:jar:1.1.2:test (sources = true)
2026.04.04 22:15:40 INFO  [INFO] Resolving artifact: org.springframework.boot:spring-boot-jdbc:jar:4.0.5:compile (sources = false)
2026.04.04 22:15:40 INFO  [INFO] SUCCESS: org.springframework.boot:spring-boot-jdbc:jar:4.0.5:compile (sources = false)
2026.04.04 22:15:40 INFO  [INFO] Resolving artifact: org.springframework.boot:spring-boot-jdbc:jar:4.0.5:compile (sources = true)
2026.04.04 22:15:40 INFO  [INFO] SUCCESS: org.springframework.boot:spring-boot-jdbc:jar:4.0.5:compile (sources = true)
2026.04.04 22:15:40 INFO  [INFO] Resolving artifact: org.projectlombok:lombok:jar:1.18.44:compile (sources = false)
2026.04.04 22:15:40 INFO  [INFO] SUCCESS: org.projectlombok:lombok:jar:1.18.44:compile (sources = false)
2026.04.04 22:15:40 INFO  [INFO] Resolving artifact: org.projectlombok:lombok:jar:1.18.44:compile (sources = true)
2026.04.04 22:15:40 INFO  [INFO] SUCCESS: org.projectlombok:lombok:jar:1.18.44:compile (sources = true)
2026.04.04 22:15:40 INFO  [INFO] Resolving artifact: org.springframework.boot:spring-boot-transaction:jar:4.0.5:compile (sources = false)
2026.04.04 22:15:40 INFO  [INFO] SUCCESS: org.springframework.boot:spring-boot-transaction:jar:4.0.5:compile (sources = false)
2026.04.04 22:15:40 INFO  [INFO] Resolving artifact: org.springframework.boot:spring-boot-transaction:jar:4.0.5:compile (sources = true)
2026.04.04 22:15:40 INFO  [INFO] SUCCESS: org.springframework.boot:spring-boot-transaction:jar:4.0.5:compile (sources = true)
2026.04.04 22:15:40 INFO  [INFO] Resolving artifact: org.junit.platform:junit-platform-engine:jar:6.0.3:test (sources = false)
2026.04.04 22:15:40 INFO  [INFO] SUCCESS: org.junit.platform:junit-platform-engine:jar:6.0.3:test (sources = false)
2026.04.04 22:15:40 INFO  [INFO] Resolving artifact: org.junit.platform:junit-platform-engine:jar:6.0.3:test (sources = true)
2026.04.04 22:15:40 INFO  [INFO] SUCCESS: org.junit.platform:junit-platform-engine:jar:6.0.3:test (sources = true)
2026.04.04 22:15:40 INFO  [INFO] Resolving artifact: org.yaml:snakeyaml:jar:2.5:compile (sources = false)
2026.04.04 22:15:40 INFO  [INFO] SUCCESS: org.yaml:snakeyaml:jar:2.5:compile (sources = false)
2026.04.04 22:15:40 INFO  [INFO] Resolving artifact: org.yaml:snakeyaml:jar:2.5:compile (sources = true)
2026.04.04 22:15:40 INFO  [INFO] SUCCESS: org.yaml:snakeyaml:jar:2.5:compile (sources = true)
2026.04.04 22:15:40 INFO  [INFO] Resolving artifact: org.eclipse.angus:angus-activation:jar:2.0.3:runtime (sources = false)
2026.04.04 22:15:40 INFO  [INFO] SUCCESS: org.eclipse.angus:angus-activation:jar:2.0.3:runtime (sources = false)
2026.04.04 22:15:40 INFO  [INFO] Resolving artifact: org.eclipse.angus:angus-activation:jar:2.0.3:runtime (sources = true)
2026.04.04 22:15:40 INFO  [INFO] SUCCESS: org.eclipse.angus:angus-activation:jar:2.0.3:runtime (sources = true)
2026.04.04 22:15:40 INFO  [INFO] Resolving artifact: com.vaadin.external.google:android-json:jar:0.0.20131108.vaadin1:test (sources = false)
2026.04.04 22:15:40 INFO  [INFO] SUCCESS: com.vaadin.external.google:android-json:jar:0.0.20131108.vaadin1:test (sources = false)
2026.04.04 22:15:40 INFO  [INFO] Resolving artifact: com.vaadin.external.google:android-json:jar:0.0.20131108.vaadin1:test (sources = true)
2026.04.04 22:15:40 INFO  [INFO] SUCCESS: com.vaadin.external.google:android-json:jar:0.0.20131108.vaadin1:test (sources = true)
2026.04.04 22:15:40 INFO  [INFO] Resolving artifact: net.bytebuddy:byte-buddy-agent:jar:1.17.8:test (sources = false)
2026.04.04 22:15:40 INFO  [INFO] SUCCESS: net.bytebuddy:byte-buddy-agent:jar:1.17.8:test (sources = false)
2026.04.04 22:15:40 INFO  [INFO] Resolving artifact: net.bytebuddy:byte-buddy-agent:jar:1.17.8:test (sources = true)
2026.04.04 22:15:40 INFO  [INFO] SUCCESS: net.bytebuddy:byte-buddy-agent:jar:1.17.8:test (sources = true)
2026.04.04 22:15:40 INFO  [INFO] Generated .bloop\demo-test.json
2026.04.04 22:15:40 INFO  [INFO] ------------------------------------------------------------------------
2026.04.04 22:15:40 INFO  [INFO] BUILD SUCCESS
2026.04.04 22:15:40 INFO  [INFO] ------------------------------------------------------------------------
2026.04.04 22:15:40 INFO  [INFO] Total time:  02:01 min
2026.04.04 22:15:40 INFO  [INFO] Finished at: 2026-04-04T22:15:40+02:00
2026.04.04 22:15:40 INFO  [INFO] ------------------------------------------------------------------------
2026.04.04 22:15:40 INFO  time: ran 'mvn bloopInstall' in 2m24s
2026.04.04 22:15:40 INFO  Attempting to connect to the build server...
2026.04.04 22:15:40 INFO  No running Bloop server found, starting one.
2026.04.04 22:15:51 INFO  Starting compilation server
2026.04.04 22:15:53 INFO  tracing is disabled for protocol BSP, to enable tracing of incoming and outgoing JSON messages create an empty file at C:\Users\Lenovo\kiwi\.metals\bsp.trace.json or C:\Users\Lenovo\AppData\Local\scalameta\metals\cache\bsp.trace.json
2026.04.04 22:15:56 INFO  time: Connected to build server in 15s
2026.04.04 22:15:56 INFO  Connected to Build server: Bloop v2.0.19
2026.04.04 22:15:56 INFO  time: Imported build in 0.58s
2026.04.04 22:16:00 WARN  Using H2 2.4.240 which is newer than the version Flyway has been verified with. The latest verified version of H2 is 2.3.232.
2026.04.04 22:16:19 INFO  time: indexed workspace in 22s
2026.04.04 22:16:20 INFO  compiling demo (1 java source)
2026.04.04 22:16:20 WARN  Unexpected javac output: error: release version 17 not supported
Usage: javac <options> <source files>
use --help for a list of possible options.
2026.04.04 22:16:20 WARN  javac exited with exit code 2
2026.04.04 22:16:20 INFO  time: compiled demo in 0.93s
2026.04.04 22:22:03 INFO  Shutting down server
2026.04.04 22:22:03 INFO  Memory monitor stopped
2026.04.04 22:22:03 INFO  shutting down Metals
2026.04.04 22:22:03 INFO  Shut down connection with build server.
2026.04.04 22:22:03 INFO  Exiting server
2026.04.04 23:02:37 INFO  Started: Metals version 1.6.6 in folders 'C:\Users\Lenovo\kiwi' for client Visual Studio Code 1.114.0.
2026.04.04 23:02:37 INFO  Memory monitor started
2026.04.04 23:02:39 WARN  Using H2 2.4.240 which is newer than the version Flyway has been verified with. The latest verified version of H2 is 2.3.232.
2026.04.04 23:02:39 INFO  no build target found for C:\Users\Lenovo\kiwi\Dashboard\src\main\java\com\Kiwi\Dashboard\DashboardApplication.java. Using fallback presentation compiler.
2026.04.04 23:02:40 INFO  no build target found for C:\Users\Lenovo\kiwi\Dashboard\src\main\java\com\Kiwi\Dashboard\DashboardApplication.java. Using fallback presentation compiler.
2026.04.04 23:02:57 INFO  no build target found for C:\Users\Lenovo\kiwi\Dashboard\src\main\java\com\Kiwi\Dashboard\DashboardApplication.java. Using fallback presentation compiler.
2026.04.04 23:08:19 INFO  no build target found for C:\Users\Lenovo\kiwi\Dashboard\src\main\java\com\Kiwi\Dashboard\DashboardApplication.java. Using fallback presentation compiler.
2026.04.04 23:09:09 INFO  no build target found for C:\Users\Lenovo\kiwi\Dashboard\src\main\java\com\Kiwi\Dashboard\DashboardApplication.java. Using fallback presentation compiler.
2026.04.04 23:09:09 INFO  no build target found for C:\Users\Lenovo\kiwi\Dashboard\src\main\java\com\Kiwi\Dashboard\DashboardApplication.java. Using fallback presentation compiler.
2026.04.04 23:09:09 INFO  no build target found for C:\Users\Lenovo\kiwi\Dashboard\src\main\java\com\Kiwi\Dashboard\DashboardApplication.java. Using fallback presentation compiler.
